atom_i	atom_j	element_pair	shortest_bond_path	graph_class	distance_A	GEO_A_same_pair_A	delta_same_pair_A	GEO_A_class_min_A	delta_class_min_A
S1	F1	F-S	3	1-4	3.0310876823	3.3281177537	-0.2970300714	3.3281177537	-0.2970300714
S1	F2	F-S	3	1-4	3.5478790354	4.1162268678	-0.5683478324	3.3281177537	0.2197612817
S1	F3	F-S	2	1-3	2.6717845956	2.6717845956	0.0000000000	2.6572995606	0.0144850350
S1	F4	F-S	2	1-3	2.6572995606	2.6572995606	-0.0000000000	2.6572995606	-0.0000000000
S1	F5	F-S	4	>1-4	4.6303896446	3.3605534175	1.2698362271	3.3605534175	1.2698362271
S1	F6	F-S	4	>1-4	5.2581492612	4.8547367843	0.4034124769	3.3605534175	1.8975958438
S1	F7	F-S	5	>1-4	5.0926502918	3.7421622673	1.3504880246	3.3605534175	1.7320968744
S1	F8	F-S	5	>1-4	6.4620168344	5.2987752284	1.1632416059	3.3605534175	3.1014634169
S1	F9	F-S	5	>1-4	5.5117843554	5.0150042208	0.4967801346	3.3605534175	2.1512309380
S1	O1	O-S	1	1-2	1.4824048038	1.4824048039	-0.0000000000	1.4795360949	0.0028687089
S1	O2	O-S	1	1-2	1.4795360950	1.4795360949	0.0000000001	1.4795360949	0.0000000001
S1	O3	O-S	1	1-2	1.4813346409	1.4813346409	-0.0000000000	1.4795360949	0.0017985460
S1	C1	C-S	2	1-3	2.9658917761	2.9658917761	-0.0000000000	2.9658917761	-0.0000000000
S1	C2	C-S	1	1-2	1.8736790736	1.8736790736	-0.0000000000	1.8736790736	-0.0000000000
S1	C3	C-S	3	1-4	4.3543214291	3.6089342577	0.7453871714	3.6089342577	0.7453871714
S1	C4	C-S	4	>1-4	5.2256094306	4.2505442302	0.9750652005	4.2505442302	0.9750652005
F1	F2	F-F	2	1-3	2.2051987597	2.2051987597	0.0000000000	2.1773116516	0.0278871080
F1	F3	F-F	3	1-4	3.0829158959	3.5208531923	-0.4379372964	2.5763140096	0.5066018863
F1	F4	F-F	3	1-4	3.4369555569	2.6647346082	0.7722209487	2.5763140096	0.8606415473
F1	F5	F-F	3	1-4	2.6706595566	2.6706595566	0.0000000000	2.5763140096	0.0943455470
F1	F6	F-F	3	1-4	2.6353698768	2.6353698768	0.0000000000	2.5763140096	0.0590558672
F1	F7	F-F	4	>1-4	4.3587902202	4.3587902202	0.0000000000	2.7328981612	1.6258920590
F1	F8	F-F	4	>1-4	4.6553603647	4.6553603647	0.0000000000	2.7328981612	1.9224622035
F1	F9	F-F	4	>1-4	4.2270089285	4.2270089285	0.0000000000	2.7328981612	1.4941107674
F1	O1	F-O	4	>1-4	2.8903194523	3.9372529850	-1.0469335327	2.7983082753	0.0920111770
F1	O2	F-O	4	>1-4	4.3934798137	4.4786667763	-0.0851869626	2.7983082753	1.5951715385
F1	O3	F-O	4	>1-4	3.1430955828	2.9305894375	0.2125061453	2.7983082753	0.3447873075
F1	C1	C-F	1	1-2	1.3595551457	1.3595551457	0.0000000000	1.3301758274	0.0293793183
F1	C2	C-F	2	1-3	2.3755980378	2.3755980378	0.0000000000	2.3077381828	0.0678598550
F1	C3	C-F	2	1-3	2.3201938637	2.3201938637	0.0000000000	2.3077381828	0.0124556809
F1	C4	C-F	3	1-4	3.7712542263	3.7712542263	0.0000000000	3.0279150868	0.7433391395
F2	F3	F-F	3	1-4	3.4315868472	2.6250300892	0.8065567581	2.5763140096	0.8552728376
F2	F4	F-F	3	1-4	2.4063003152	2.6148551826	-0.2085548674	2.5763140096	-0.1700136944
F2	F5	F-F	3	1-4	3.5209310883	3.5209310883	0.0000000000	2.5763140096	0.9446170787
F2	F6	F-F	3	1-4	2.5763140096	2.5763140096	0.0000000000	2.5763140096	0.0000000000
F2	F7	F-F	4	>1-4	3.7597445704	3.7597445704	0.0000000000	2.7328981612	1.0268464092
F2	F8	F-F	4	>1-4	4.1570926342	4.1570926342	0.0000000000	2.7328981612	1.4241944730
F2	F9	F-F	4	>1-4	2.7572024117	2.7572024117	0.0000000000	2.7328981612	0.0243042505
F2	O1	F-O	4	>1-4	4.2526323123	4.5143545664	-0.2617222541	2.7983082753	1.4543240370
F2	O2	F-O	4	>1-4	4.5657521308	4.9386124414	-0.3728603106	2.7983082753	1.7674438555
F2	O3	F-O	4	>1-4	3.2471649975	4.4543086786	-1.2071436811	2.7983082753	0.4488567222
F2	C1	C-F	1	1-2	1.3774984868	1.3774984868	0.0000000000	1.3301758274	0.0473226594
F2	C2	C-F	2	1-3	2.3481040113	2.3481040113	0.0000000000	2.3077381828	0.0403658285
F2	C3	C-F	2	1-3	2.3386833308	2.3386833308	0.0000000000	2.3077381828	0.0309451480
F2	C4	C-F	3	1-4	3.0416117622	3.0416117622	0.0000000000	3.0279150868	0.0136966753
F3	F4	F-F	2	1-3	2.2106299790	2.2106299790	0.0000000000	2.1773116516	0.0333183274
F3	F5	F-F	4	>1-4	2.7801699145	3.8026701830	-1.0225002685	2.7328981612	0.0472717534
F3	F6	F-F	4	>1-4	4.1171017252	4.2097741642	-0.0926724390	2.7328981612	1.3842035640
F3	F7	F-F	5	>1-4	2.7282209091	2.7328981612	-0.0046772520	2.7328981612	-0.0046772520
F3	F8	F-F	5	>1-4	4.3518200140	4.4322484220	-0.0804284080	2.7328981612	1.6189218528
F3	F9	F-F	5	>1-4	3.9787954943	3.1371134376	0.8416820567	2.7328981612	1.2458973331
F3	O1	F-O	3	1-4	2.9374970333	2.9374970333	0.0000000000	2.8875271404	0.0499698929
F3	O2	F-O	3	1-4	3.0040798182	3.0040798183	-0.0000000000	2.8875271404	0.1165526778
F3	O3	F-O	3	1-4	3.8124805572	3.8124805572	0.0000000000	2.8875271404	0.9249534168
F3	C1	C-F	2	1-3	2.3345284052	2.3345284052	0.0000000001	2.3077381828	0.0267902224
F3	C2	C-F	1	1-2	1.3755310984	1.3755310984	0.0000000000	1.3301758274	0.0453552710
F3	C3	C-F	3	1-4	2.7950416256	3.0870623278	-0.2920207023	3.0279150868	-0.2328734613
F3	C4	C-F	4	>1-4	3.2397081014	3.0895997229	0.1501083785	3.0895997229	0.1501083785
F4	F5	F-F	4	>1-4	4.0629707634	4.3429817724	-0.2800110089	2.7328981612	1.3300726023
F4	F6	F-F	4	>1-4	4.2827453180	4.6133293181	-0.3305840002	2.7328981612	1.5498471568
F4	F7	F-F	5	>1-4	3.1662553656	4.5745640623	-1.4083086967	2.7328981612	0.4333572044
F4	F8	F-F	5	>1-4	4.7359796558	5.8507330734	-1.1147534175	2.7328981612	2.0030814947
F4	F9	F-F	5	>1-4	3.2921092156	4.6693649285	-1.3772557128	2.7328981612	0.5592110545
F4	O1	F-O	3	1-4	3.7931577466	3.7931577466	-0.0000000000	2.8875271404	0.9056306062
F4	O2	F-O	3	1-4	2.8875271404	2.8875271404	-0.0000000000	2.8875271404	-0.0000000000
F4	O3	F-O	3	1-4	3.0409747259	3.0409747259	-0.0000000000	2.8875271404	0.1534475855
F4	C1	C-F	2	1-3	2.3077381828	2.3077381828	0.0000000000	2.3077381828	0.0000000000
F4	C2	C-F	1	1-2	1.3712622635	1.3712622635	0.0000000000	1.3301758274	0.0410864361
F4	C3	C-F	3	1-4	3.2638496988	3.7839331891	-0.5200834902	3.0279150868	0.2359346120
F4	C4	C-F	4	>1-4	3.3798695045	4.5679133062	-1.1880438017	3.0895997229	0.2902697816
F5	F6	F-F	2	1-3	2.2024457807	2.2024457807	0.0000000000	2.1773116516	0.0251341290
F5	F7	F-F	3	1-4	2.7772877903	2.7772877903	0.0000000000	2.5763140096	0.2009737807
F5	F8	F-F	3	1-4	2.7229431051	2.7229431051	0.0000000000	2.5763140096	0.1466290956
F5	F9	F-F	3	1-4	3.5308634647	3.5308634647	0.0000000000	2.5763140096	0.9545494551
F5	O1	F-O	5	>1-4	4.3689030454	2.8342680604	1.5346349850	2.7983082753	1.5705947701
F5	O2	F-O	5	>1-4	5.5275128017	4.7981836041	0.7293291976	2.7983082753	2.7292045264
F5	O3	F-O	5	>1-4	5.3231088739	3.4082836545	1.9148252194	2.7983082753	2.5248005986
F5	C1	C-F	2	1-3	2.3868590615	2.3868590615	0.0000000000	2.3077381828	0.0791208787
F5	C2	C-F	3	1-4	3.1911034575	3.1911034575	0.0000000000	3.0279150868	0.1631883706
F5	C3	C-F	1	1-2	1.3493720007	1.3493720007	0.0000000000	1.3301758274	0.0191961733
F5	C4	C-F	2	1-3	2.3513139415	2.3513139415	0.0000000000	2.3077381828	0.0435757587
F6	F7	F-F	3	1-4	3.5196601163	3.5196601163	0.0000000000	2.5763140096	0.9433461067
F6	F8	F-F	3	1-4	2.6040829513	2.6040829513	0.0000000000	2.5763140096	0.0277689417
F6	F9	F-F	3	1-4	2.7468462884	2.7468462884	0.0000000000	2.5763140096	0.1705322788
F6	O1	F-O	5	>1-4	5.3343079527	4.6513241665	0.6829837863	2.7983082753	2.5359996775
F6	O2	F-O	5	>1-4	6.3600584478	6.1419949088	0.2180635390	2.7983082753	3.5617501725
F6	O3	F-O	5	>1-4	5.3565453472	4.9015880694	0.4549572778	2.7983082753	2.5582370719
F6	C1	C-F	2	1-3	2.3304791818	2.3304791818	0.0000000000	2.3077381828	0.0227409990
F6	C2	C-F	3	1-4	3.7947115606	3.7947115606	0.0000000000	3.0279150868	0.7667964738
F6	C3	C-F	1	1-2	1.3764797490	1.3764797490	0.0000000000	1.3301758274	0.0463039216
F6	C4	C-F	2	1-3	2.3231144867	2.3231144867	0.0000000000	2.3077381828	0.0153763039
F7	F8	F-F	2	1-3	2.1773116516	2.1773116516	0.0000000000	2.1773116516	0.0000000000
F7	F9	F-F	2	1-3	2.1867287329	2.1867287329	0.0000000000	2.1773116516	0.0094170813
F7	O1	F-O	6	>1-4	5.5241634291	2.7983082753	2.7258551538	2.7983082753	2.7258551538
F7	O2	F-O	6	>1-4	5.3944807746	4.6341216342	0.7603591404	2.7983082753	2.5961724993
F7	O3	F-O	6	>1-4	5.8136588425	4.7454916448	1.0681671978	2.7983082753	3.0153505672
F7	C1	C-F	3	1-4	3.1900511003	3.1900511003	0.0000000000	3.0279150868	0.1621360134
F7	C2	C-F	4	>1-4	3.2665717390	3.2665717390	0.0000000000	3.0895997229	0.1769720161
F7	C3	C-F	2	1-3	2.4051321086	2.4051321086	0.0000000000	2.3077381828	0.0973939257
F7	C4	C-F	1	1-2	1.3301758274	1.3301758274	0.0000000000	1.3301758274	0.0000000000
F8	F9	F-F	2	1-3	2.1865990842	2.1865990842	0.0000000000	2.1773116516	0.0092874325
F8	O1	F-O	6	>1-4	6.6761202549	4.4034347795	2.2726854754	2.7983082753	3.8778119796
F8	O2	F-O	6	>1-4	7.1200342541	6.4688477823	0.6511864718	2.7983082753	4.3217259788
F8	O3	F-O	6	>1-4	6.9294913735	5.8622424888	1.0672488847	2.7983082753	4.1311830982
F8	C1	C-F	3	1-4	3.7928553622	3.7928553622	0.0000000000	3.0279150868	0.7649402753
F8	C2	C-F	4	>1-4	4.6378810850	4.6378810850	0.0000000000	3.0895997229	1.5482813621
F8	C3	C-F	2	1-3	2.3497260021	2.3497260021	0.0000000000	2.3077381828	0.0419878192
F8	C4	C-F	1	1-2	1.3572512971	1.3572512971	0.0000000000	1.3301758274	0.0270754697
F9	O1	F-O	6	>1-4	6.1757218464	4.5636947079	1.6120271385	2.7983082753	3.3774135711
F9	O2	F-O	6	>1-4	6.0881865555	5.8871973335	0.2009892220	2.7983082753	3.2898782802
F9	O3	F-O	6	>1-4	5.6754200240	5.8000642205	-0.1246441965	2.7983082753	2.8771117487
F9	C1	C-F	3	1-4	3.0279150868	3.0279150868	0.0000000000	3.0279150868	0.0000000000
F9	C2	C-F	4	>1-4	3.7169513154	3.7169513154	0.0000000000	3.0895997229	0.6273515925
F9	C3	C-F	2	1-3	2.3857727939	2.3857727939	0.0000000000	2.3077381828	0.0780346111
F9	C4	C-F	1	1-2	1.3511869342	1.3511869342	0.0000000000	1.3301758274	0.0210111069
O1	O2	O-O	2	1-3	2.5101563650	2.5101563650	0.0000000000	2.5101563650	0.0000000000
O1	O3	O-O	2	1-3	2.5106247570	2.5106247571	-0.0000000000	2.5101563650	0.0004683921
O1	C1	C-O	3	1-4	3.3261871964	3.3261871964	-0.0000000000	3.2107606603	0.1154265361
O1	C2	C-O	2	1-3	2.6141151200	2.6141151200	-0.0000000000	2.6046910891	0.0094240309
O1	C3	C-O	4	>1-4	4.4889285667	3.3103352832	1.1785932835	3.3103352832	1.1785932835
O1	C4	C-O	5	>1-4	5.6107144549	3.5666011331	2.0441133217	3.3103352832	2.3003791717
O2	O3	O-O	2	1-3	2.5147582090	2.5147582090	0.0000000000	2.5101563650	0.0046018441
O2	C1	C-O	3	1-4	4.0469856488	4.0469856488	0.0000000000	3.2107606603	0.8362249885
O2	C2	C-O	2	1-3	2.6046910891	2.6046910891	0.0000000000	2.6046910891	0.0000000000
O2	C3	C-O	4	>1-4	5.2865068545	4.8875225432	0.3989843113	3.3103352832	1.9761715713
O2	C4	C-O	5	>1-4	5.8416741820	5.3264522575	0.5152219246	3.3103352832	2.5313388988
O3	C1	C-O	3	1-4	3.2107606604	3.2107606603	0.0000000000	3.2107606603	0.0000000000
O3	C2	C-O	2	1-3	2.6223660681	2.6223660681	0.0000000000	2.6046910891	0.0176749790
O3	C3	C-O	4	>1-4	4.7597674716	3.9029658130	0.8568016585	3.3103352832	1.4494321884
O3	C4	C-O	5	>1-4	5.6805441928	4.9562222112	0.7243219817	3.3103352832	2.3702089096
C1	C2	C-C	1	1-2	1.5463338471	1.5463338471	0.0000000000	1.5463338471	0.0000000000
C1	C3	C-C	1	1-2	1.5536251456	1.5536251456	0.0000000000	1.5463338471	0.0072912985
C1	C4	C-C	2	1-3	2.6778196967	2.6778196967	0.0000000000	2.6778196967	0.0000000000
C2	C3	C-C	2	1-3	2.7039185594	2.7039185594	0.0000000000	2.6778196967	0.0260988627
C2	C4	C-C	3	1-4	3.3696226263	3.3696226263	0.0000000000	3.3696226263	0.0000000000
C3	C4	C-C	1	1-2	1.5480468402	1.5480468402	0.0000000000	1.5463338471	0.0017129931
