observable_id	kind	block	family	geometry	source_id	unit	row_weight	observable_scale	J_h_tight_raw__R_OG2P1-SG3O1	J_h_tight_raw__R_CG312-SG3O1	J_h_tight_raw__R_CG312-CG312	J_h_tight_raw__R_CG302-CG312	J_h_tight_raw__TH_OG2P1-SG3O1-OG2P1	J_h_tight_raw__TH_FGA2-CG312-FGA2	J_h_tight_raw__TH_CG312-CG312-SG3O1	J_h_tight_raw__TH_FGA3-CG302-FGA3	J_h_tight_raw__LAMBDA_CS	J_h_tight_raw__LAMBDA_CC
BOND|A|S1-O1	bond	bond	OG2P1-SG3O1	A	GEO_A	angstrom	0.16666666666666666	0.03	8.589735707328238	-0.030522142639988203	-0.022828992801371406	0.01028704888361709	-0.0006669943190246164	1.611882352592353e-05	7.135817946424261e-06	-1.3593012181956077e-05	-0.0003396622304974173	1.8833934976036915e-05
BOND|A|S1-O2	bond	bond	OG2P1-SG3O1	A	GEO_A	angstrom	0.16666666666666666	0.03	8.576885653124755	-0.06336840953347078	-0.0073335868371326995	-0.0057862388402885045	-0.0005636218246850566	3.654855184465067e-05	-7.723703167372697e-06	1.703754925730383e-05	1.6667354416632918e-05	1.3646216874274586e-05
BOND|A|S1-O3	bond	bond	OG2P1-SG3O1	A	GEO_A	angstrom	0.16666666666666666	0.03	8.574155587542043	-0.04624362038740948	-0.009171277747244133	-0.004003980790479034	-0.000633587168389127	2.5911096313668835e-05	-1.132891776678413e-05	1.0121245275329649e-05	-2.8380602976607605e-05	-3.7160260091262387e-06
BOND|A|S1-C2	bond	bond	CG312-SG3O1	A	GEO_A	angstrom	0.2886751345948129	0.03	-0.40818294673672373	7.150446015648404	-1.1252245094792723	-0.04933253085959155	0.0011138800446894859	0.0009133914401188159	-0.0007888143623806521	7.892874506876257e-05	-0.000944193919807379	0.00012174125940900282
BOND|A|F1-C1	bond	bond	CG312-FGA2	A	GEO_A	angstrom	0.11785113019775793	0.03	-0.03203447143251825	-0.0637149843265572	-0.33009116525173354	-0.024975940088101112	-3.4881268431430357e-06	-0.0001266314125527579	-2.5910661801242796e-05	2.9619042318795863e-05	-4.8745160350360806e-05	-1.6079607947361296e-05
BOND|A|F2-C1	bond	bond	CG312-FGA2	A	GEO_A	angstrom	0.11785113019775793	0.03	-0.025251856108243764	-0.039069759260712544	-0.4002864533806383	-0.07481400723130527	6.545119950840395e-05	-6.113301456489584e-05	5.7999620014514974e-06	-1.212035411846113e-05	0.00014879540528367485	-3.5324115357227015e-05
BOND|A|F3-C2	bond	bond	CG312-FGA2	A	GEO_A	angstrom	0.11785113019775793	0.03	-0.06397240062538945	-0.38399973323233194	-0.1804843071240292	5.4090621537383754e-05	9.117680537273909e-05	-1.9435236856879534e-05	0.00014459095428442925	-2.5859092760982527e-05	-4.8092949944678054e-05	-0.00017745796750956444
BOND|A|F4-C2	bond	bond	CG312-FGA2	A	GEO_A	angstrom	0.11785113019775793	0.03	-0.05709014422616843	-0.3779209958828522	-0.3057091791754951	-0.017620663526618507	9.28063775579302e-05	-1.006585104246227e-05	0.00017257248058544228	3.103977706619965e-05	0.0002156287507060206	8.949099649324666e-05
BOND|A|F5-C3	bond	bond	CG312-FGA2	A	GEO_A	angstrom	0.11785113019775793	0.03	-0.03388378783952817	-0.02293152859333958	-0.13710420857826477	-0.09728597948699402	3.855886888259885e-05	-0.0002516974052215737	7.4055423255892094e-06	0.00010083474164523931	-5.0866016616524234e-05	3.405771850539807e-05
BOND|A|F6-C3	bond	bond	CG312-FGA2	A	GEO_A	angstrom	0.11785113019775793	0.03	-0.01433205411638383	-0.00894779450555383	-0.26454986824964166	-0.13535101402784022	3.8034632286687575e-05	-0.00012907369545234193	-1.5925729732524374e-05	0.00016004124144519682	0.00010338856995195655	2.398804951564415e-05
BOND|A|F7-C4	bond	bond	CG302-FGA3	A	GEO_A	angstrom	0.16666666666666666	0.03	-0.015464653651653393	0.00811230372721461	-0.06023385537301529	-0.08058622699602669	-2.384679640909937e-05	1.8797414029325665e-05	7.918332927792093e-06	-0.0013081979326250437	0.00010035706025979252	7.711248037223228e-05
BOND|A|F8-C4	bond	bond	CG302-FGA3	A	GEO_A	angstrom	0.16666666666666666	0.03	-0.010237729600848233	-0.0034128287959012127	-0.051926871394880614	-0.2296287079651682	2.6203750933762038e-05	4.979623834666658e-05	-1.468297897933013e-06	-0.0010699877172871686	-5.042776535457705e-05	9.560300568978164e-06
BOND|A|F9-C4	bond	bond	CG302-FGA3	A	GEO_A	angstrom	0.16666666666666666	0.03	-0.0029923579281110335	-0.004111560361175215	-0.050941476326782364	-0.149005903624988	2.5206443637015852e-05	5.071399105716079e-05	-7.303376939549189e-06	-0.0011860829255543326	8.285832024945705e-06	-4.6955509289681174e-05
BOND|A|C1-C2	bond	bond	CG312-CG312	A	GEO_A	angstrom	0.20412414523193154	0.03	-0.057795633298107774	-0.6703239736559619	8.059268903020111	-0.10683228527186284	0.00013765846431468276	0.0006918050796308473	-0.0008737643552076957	1.1214762973166259e-05	0.00039235651223989976	7.941553345824914e-05
BOND|A|C1-C3	bond	bond	CG312-CG312	A	GEO_A	angstrom	0.20412414523193154	0.03	-0.017968149930491784	-0.09427892301416829	8.196921474288853	-0.4731101715588215	-1.0358019043366085e-05	0.0007477380402965972	-0.00017274186609739228	0.00032878428709415264	-0.00014725322966091525	3.814711914795765e-05
BOND|A|C3-C4	bond	bond	CG302-CG312	A	GEO_A	angstrom	0.2886751345948129	0.03	0.0007755804398712485	-0.03444476812930475	-0.5780171549117918	9.07080840430341	0.00010969877268540706	0.00031291310346981405	-2.2567052765265494e-05	0.000998340503356454	-0.000257092504472034	-0.00019153899302626343
ANGLE|A|S1-C2-F3	angle	angle	FGA2-CG312-SG3O1	A	GEO_A	degree	0.15075567228888181	3.0	-13.64951131638037	-59.19075488703385	96.04962890438173	-5.567907721143683	-0.0019467028866415603	-0.20403676625788592	-0.0696205185409795	0.01168135581574603	0.05533389489997376	0.06772542818680449
ANGLE|A|S1-C2-F4	angle	angle	FGA2-CG312-SG3O1	A	GEO_A	degree	0.15075567228888181	3.0	-20.704328937995342	-64.80144808594446	121.40707266357254	10.511293601283	0.01655529479572948	-0.1813814938382876	-0.07308539466301767	-0.017473031320527355	-0.1297473659668924	-0.09466298094650938
ANGLE|A|S1-C2-C1	angle	angle	CG312-CG312-SG3O1	A	GEO_A	degree	0.21320071635561041	3.0	-4.19412365035754	-95.88379823701842	-187.53249741077127	-3.779036685884307	0.09817376404824074	0.03429731792594026	0.33021279176709584	0.006606158384506955	0.07529451626069772	0.04527783574815203
ANGLE|A|F1-C1-F2	angle	angle	FGA2-CG312-FGA2	A	GEO_A	degree	0.12309149097933272	3.0	1.1598668417320823	8.702606108336397	25.599224418137112	11.424013789238074	-0.015081866835480184	0.8327000992737794	0.023214618062731063	-0.008393291176531648	0.05692889382657995	0.06601996098268614
ANGLE|A|F1-C1-C2	angle	angle	CG312-CG312-FGA2	A	GEO_A	degree	0.07537783614444091	3.0	-8.687266595309495	-16.337850126355136	61.12832916306843	16.934556949500745	0.026946549889707683	-0.11817724416274444	-0.07216717806905137	-0.011784897273379613	-0.0274509392933453	0.07991087043478728
ANGLE|A|F1-C1-C3	angle	angle	CG312-CG312-FGA2	A	GEO_A	degree	0.07537783614444091	3.0	5.0430080197827465	14.516724767993594	29.538138330131858	11.158998652078367	-0.01508866983887458	-0.2592682075983461	-0.014288557241521005	-0.0006716073025643254	-0.1245461318001162	-0.19119848412671558
ANGLE|A|F2-C1-C2	angle	angle	CG312-CG312-FGA2	A	GEO_A	degree	0.07537783614444091	3.0	0.4983819378949761	-10.731672732468667	1.6617674810674998	10.214412493411373	-0.0061224224507867575	-0.2541175590512381	0.11694045860650704	-0.007004055431778511	-0.11523809446785549	0.11540884893278758
ANGLE|A|F2-C1-C3	angle	angle	CG312-CG312-FGA2	A	GEO_A	degree	0.07537783614444091	3.0	5.351800568277554	16.786383515196235	17.759425332791068	-28.022112111415254	-0.02227421213601133	-0.11854067767373522	0.05061941895579025	0.006742760511947665	-0.11774012088437757	0.0868186605197252
ANGLE|A|F3-C2-F4	angle	angle	FGA2-CG312-FGA2	A	GEO_A	degree	0.12309149097933272	3.0	4.438528830178257	27.358900098199967	32.82434235593712	1.434120759412849	-0.005233513745793061	0.8343977290397646	-0.02288364876883975	-0.004500888781031165	0.08749387117362062	-0.01200240634332772
ANGLE|A|F3-C2-C1	angle	angle	CG312-CG312-FGA2	A	GEO_A	degree	0.07537783614444091	3.0	18.912746697857585	104.31896430946352	-15.738559740910318	0.24062717192663285	-0.05477044495410155	-0.1850013563385815	-0.10527418219622575	0.005187226397431743	0.014157454425571814	0.057680024775663696
ANGLE|A|F4-C2-C1	angle	angle	CG312-CG312-FGA2	A	GEO_A	degree	0.07537783614444091	3.0	13.891134780998016	91.80802417627376	-16.628797315235033	-1.7014871769660544	-0.05991331596452909	-0.23110296360097493	-0.09515239596365888	-0.00389481951252435	-0.11141774240016389	-0.07843191737023858
ANGLE|A|F5-C3-F6	angle	angle	FGA2-CG312-FGA2	A	GEO_A	degree	0.12309149097933272	3.0	3.6610616549737074	0.9021493039824691	27.63078082433168	5.897521009117668	-0.009494757231969686	0.8282373554466744	0.01114183303096894	-0.00675727108297508	-0.07419236686999398	0.005634416903745887
ANGLE|A|F5-C3-C1	angle	angle	CG312-CG312-FGA2	A	GEO_A	degree	0.07537783614444091	3.0	-11.635857775843306	4.514371685111485	-9.239771514714334	57.16208933033329	0.004014249291408589	-0.1542010005286869	-0.021002462542547562	-0.059275999856453154	0.02543170524489824	0.01800783925503424
ANGLE|A|F5-C3-C4	angle	angle	CG302-CG312-FGA2	A	GEO_A	degree	0.15075567228888181	3.0	3.7518655042632076	-5.2914563613342125	82.92756568791049	3.7266832887752344	0.023212824687995237	-0.23061207041417475	-0.008380601401441368	0.0005545960023312091	0.10503377194041263	-0.036689564635139504
ANGLE|A|F6-C3-C1	angle	angle	CG312-CG312-FGA2	A	GEO_A	degree	0.07537783614444091	3.0	2.962275817964155	-4.0851071254053295	-46.62746130131268	51.77801073929089	-0.0026196471649626574	-0.19302894906842738	0.004382377132493787	-0.06036730429633508	-0.013056451155648574	-0.006849897736316279
ANGLE|A|F6-C3-C4	angle	angle	CG302-CG312-FGA2	A	GEO_A	degree	0.15075567228888181	3.0	1.2235084901632831	7.468940339364849	94.53316805869605	-28.86241488550212	-0.027284887151239445	-0.1936964676332522	0.009024158036893937	0.032740561839801785	-0.0029053609074480846	0.006086679143066931
ANGLE|A|F7-C4-F8	angle	angle	FGA3-CG302-FGA3	A	GEO_A	degree	0.12309149097933272	3.0	1.8480483622411725	0.7327948582869226	12.311615712135904	29.463866471729716	-0.0046119795893346804	-0.008142080072794045	-0.0005902840557396871	0.6073327380972628	0.009890745452878491	-0.005963136689786097
ANGLE|A|F7-C4-F9	angle	angle	FGA3-CG302-FGA3	A	GEO_A	degree	0.12309149097933272	3.0	-0.8539091120240982	2.4483474326189025	5.342598227109363	20.911439935169085	-0.007874437521657285	-0.011042070634779577	0.002351830031621205	0.6235315226148046	0.010082121451233661	0.018392766417463235
ANGLE|A|F7-C4-C3	angle	angle	CG312-CG302-FGA3	A	GEO_A	degree	0.12309149097933272	3.0	-1.6482288744086304	-8.531630898893638	-10.180982588096299	-8.914671332327373	0.03143438772690388	0.02106749741167846	-0.0010664202615444651	-0.5455803023464156	-0.026713588797946386	-0.03510953485005075
ANGLE|A|F8-C4-F9	angle	angle	FGA3-CG302-FGA3	A	GEO_A	degree	0.12309149097933272	3.0	0.8489633866517465	0.906357699548721	8.519600106062342	25.312152860166748	-0.00406303910828143	-0.006230481933847898	0.0009107376191010985	0.6162007540358161	0.008128879938880118	0.005112432921521304
ANGLE|A|F8-C4-C3	angle	angle	CG312-CG302-FGA3	A	GEO_A	degree	0.12309149097933272	3.0	2.068301386970006	3.204461561480798	2.4500367123962974	-30.09618001822645	-0.011873223580209924	-0.020917073235573014	0.0004774320834712853	-0.5183440104865866	0.01488874979514776	0.01048799976643977
ANGLE|A|F9-C4-C3	angle	angle	CG312-CG302-FGA3	A	GEO_A	degree	0.12309149097933272	3.0	-1.8778793157707696	1.9878983668348837	-14.140261415292343	-25.29573064587254	-0.006047088471213158	0.020794976007351806	-0.0016833979565546997	-0.5008126413067728	-0.011386296585840228	0.010039112403461559
ANGLE|A|O1-S1-O2	angle	angle	OG2P1-SG3O1-OG2P1	A	GEO_A	degree	0.12309149097933272	3.0	-85.44865383474587	19.210784218500976	4.07078170031383	2.1832313774368117	0.4885190060734459	-0.015049122380652591	0.021674697058642778	-0.005379269504949491	-0.0575463775923879	-0.009222990158832545
ANGLE|A|O1-S1-O3	angle	angle	OG2P1-SG3O1-OG2P1	A	GEO_A	degree	0.12309149097933272	3.0	-84.51832613727106	15.545578538514349	3.39994612538419	2.3485340642181995	0.5087054903372916	-0.005403096931310358	-0.0040790703317910015	-0.003235172210608539	0.08176908465230781	0.0036956413578081992
ANGLE|A|O1-S1-C2	angle	angle	CG312-SG3O1-OG2P1	A	GEO_A	degree	0.12309149097933272	3.0	100.79971689759049	-20.806712958055584	-5.128161960961108	-10.454576184912412	-0.5687463372064059	0.03931418894779881	-0.01829193359156278	0.02139933195266508	0.25587606993653367	-0.05071358718723218
ANGLE|A|O2-S1-O3	angle	angle	OG2P1-SG3O1-OG2P1	A	GEO_A	degree	0.12309149097933272	3.0	-84.45730205527724	17.42631571470099	1.4295566918391955	2.986671785812689	0.4907735724083153	-0.014013829970522806	0.020129558623565913	-0.00611864561101072	0.009713844978307407	-0.006263243251538597
ANGLE|A|O2-S1-C2	angle	angle	CG312-SG3O1-OG2P1	A	GEO_A	degree	0.12309149097933272	3.0	90.53789324644157	-18.413006125470588	-7.876160299126411	3.2481939006743232	-0.5915863513600854	-0.02922544245292613	0.04501310162081751	-0.007257003288721364	-0.1285763490967895	-0.004904680103976489
ANGLE|A|O3-S1-C2	angle	angle	CG312-SG3O1-OG2P1	A	GEO_A	degree	0.12309149097933272	3.0	101.76942889436447	-20.874757420521917	2.696041528444937	-1.4616423304971704	-0.5545948277368993	0.029341028389460178	-0.06943129044363872	0.002826567093329402	-0.16617531887220593	0.06852154565507362
ANGLE|A|C1-C3-C4	angle	angle	CG302-CG312-CG312	A	GEO_A	degree	0.21320071635561041	3.0	1.2271540929660318	-2.6783233713629784	-125.89279927798458	-82.03789683710738	0.006417158752107355	0.04469144826806826	0.007984484095885591	0.08484621235740519	-0.05056495217814927	0.013326321696922605
ANGLE|A|C2-C1-C3	angle	angle	CG312-CG312-CG312	A	GEO_A	degree	0.21320071635561041	3.0	-2.3882059100444053	-9.198620596528428	-114.37126415645338	-18.398131430600984	0.023227780321626312	0.08083839169325557	-0.0782244247724293	0.017141817987003094	0.2906245836122423	-0.11269948425479015
BOND|B|S1-O1	bond	bond	OG2P1-SG3O1	B	GEO_B_REVISED	angstrom	0.16666666666666666	0.03	8.574767851802667	-0.046314123506752125	-0.014277069446788637	-0.0020729557124177234	-0.0006110791152359463	2.361309509391063e-05	-1.5993896939514585e-05	5.0496448249504056e-06	-4.340438191308138e-05	2.2032329094479053e-05
BOND|B|S1-O2	bond	bond	OG2P1-SG3O1	B	GEO_B_REVISED	angstrom	0.16666666666666666	0.03	8.567282685178256	-0.06135885211133729	-0.015967340947331543	-0.0019230646810530772	-0.0005682701469189588	1.2251724861966906e-05	-6.473420789521178e-06	4.530519934209387e-06	8.881143160888172e-06	-5.899317507829238e-06
BOND|B|S1-O3	bond	bond	OG2P1-SG3O1	B	GEO_B_REVISED	angstrom	0.16666666666666666	0.03	8.567612161907823	-0.04310368008864085	-0.011178006483314462	0.0009555302379338215	-0.0006293546165628827	3.0312663072740165e-05	-1.1150416699523547e-05	4.545478463735542e-06	6.921147528426985e-06	-9.305169079709685e-06
BOND|B|S1-C2	bond	bond	CG312-SG3O1	B	GEO_B_REVISED	angstrom	0.2886751345948129	0.03	-0.43941245784762106	7.183182508525787	-1.2490312096954392	0.0008725884881322088	0.0009826030262922725	0.0009569570647876002	-0.000851771059541373	1.0706590837572527e-05	-7.14915224864221e-05	-1.8635575353975753e-05
BOND|B|F1-C1	bond	bond	CG312-FGA2	B	GEO_B_REVISED	angstrom	0.11785113019775793	0.03	-0.02368914610528794	-0.08848422444329707	-0.32687962569555307	-0.03224383183053625	-4.739440220236091e-05	-0.000197200074394277	-9.689213094199456e-05	4.125083237460636e-05	-0.00016543038213745476	4.6588086568544185e-05
BOND|B|F2-C1	bond	bond	CG312-FGA2	B	GEO_B_REVISED	angstrom	0.11785113019775793	0.03	-0.030983924487415493	-0.06086344185851633	-0.28554008265579967	-0.06610582529820164	-7.003103307257064e-07	-5.70032688458344e-05	-3.974107573156971e-05	-1.042700574882538e-05	-3.4191657571902567e-06	3.201274477726557e-05
BOND|B|F3-C2	bond	bond	CG312-FGA2	B	GEO_B_REVISED	angstrom	0.11785113019775793	0.03	-0.05696344531413988	-0.37968009797506586	-0.20940921629586384	0.0007022537437118004	0.00010889420588988674	-0.00011608350546543633	0.0001516840006845488	2.0805086778930004e-06	-0.00013668894030649525	4.684960141831951e-05
BOND|B|F4-C2	bond	bond	CG312-FGA2	B	GEO_B_REVISED	angstrom	0.11785113019775793	0.03	-0.05911971893091117	-0.36597761098300374	-0.20669678508467015	-0.03744245992320927	9.36896061730641e-05	-2.2393650291774314e-05	0.00013956058685693495	4.16084669879746e-05	-1.8228594496072503e-05	6.430104932952929e-06
BOND|B|F5-C3	bond	bond	CG312-FGA2	B	GEO_B_REVISED	angstrom	0.11785113019775793	0.03	-0.0072549919489794945	0.0004919812235382182	-0.20738669396103138	-0.1146757456768066	1.4283015383864672e-05	-0.0001364061329515165	-7.911219321310448e-06	0.0001284294033743194	-1.1559026857899113e-05	-2.1587173770765133e-05
BOND|B|F6-C3	bond	bond	CG312-FGA2	B	GEO_B_REVISED	angstrom	0.11785113019775793	0.03	-0.013482566839195798	-0.016129487560245792	-0.27487940334625094	-0.13912985259867394	2.4689824721479958e-05	-0.0001841823826317368	-2.6831489994716406e-05	0.00016137897113444044	3.9134825857711775e-05	-5.268371590094745e-05
BOND|B|F7-C4	bond	bond	CG302-FGA3	B	GEO_B_REVISED	angstrom	0.16666666666666666	0.03	-0.003600026064698447	-0.003466794607942525	-0.08961443740251873	-0.11862938947571067	7.3492574188538384e-06	8.343561751089634e-05	1.1628454651413378e-06	-0.0012236423168338062	-1.1903433678739361e-05	8.430891198507595e-06
BOND|B|F8-C4	bond	bond	CG302-FGA3	B	GEO_B_REVISED	angstrom	0.16666666666666666	0.03	-0.009148634431133118	-0.004643144740024141	-0.05485341374045216	-0.232803206019927	1.0653981203812002e-05	2.3398779734229436e-05	-7.909317761956025e-06	-0.0010773316803448507	3.24394422190899e-05	-2.528747689245492e-05
BOND|B|F9-C4	bond	bond	CG302-FGA3	B	GEO_B_REVISED	angstrom	0.16666666666666666	0.03	-0.0039756184788686255	-0.00011146484091284492	-0.04855987828489283	-0.13515204548630866	1.0986803137935652e-05	3.521097172509702e-05	6.450894312060029e-07	-0.001198753845984113	-2.7175061243500664e-05	3.5458678748767625e-06
BOND|B|C1-C2	bond	bond	CG312-CG312	B	GEO_B_REVISED	angstrom	0.20412414523193154	0.03	-0.07437653408093325	-0.7382749610017614	8.03586605873563	-0.10084482632088942	0.00020194091399483582	0.0004845182914190449	-0.0009519989421249431	-8.501549103479e-06	0.00010642626676382605	6.581286657203478e-05
BOND|B|C1-C3	bond	bond	CG312-CG312	B	GEO_B_REVISED	angstrom	0.20412414523193154	0.03	-0.009530593650053376	-0.11016119962592441	8.035199407034787	-0.4890151379055574	5.8703392406100896e-05	0.0006286272487299183	-6.420534231565966e-05	0.00032885449367614505	0.00014366096148910046	-0.0003351506832371953
BOND|B|C3-C4	bond	bond	CG302-CG312	B	GEO_B_REVISED	angstrom	0.2886751345948129	0.03	-0.005171686848992607	0.0008176436235851625	-0.5892504448274938	9.07716650686574	1.0925179523946227e-05	0.0002285536244025499	-5.083095738478427e-05	0.000969312358898522	4.605624466247349e-06	-0.00012770839327158612
ANGLE|B|S1-C2-F3	angle	angle	FGA2-CG312-SG3O1	B	GEO_B_REVISED	degree	0.15075567228888181	3.0	-13.085633754442938	-53.09328711226158	115.96628743503601	0.6460035264481689	-0.010992923165453306	-0.15534866798874702	-0.06856027968755996	-0.0005726408026376362	0.08128292591024433	-0.027541000041253483
ANGLE|B|S1-C2-F4	angle	angle	FGA2-CG312-SG3O1	B	GEO_B_REVISED	degree	0.15075567228888181	3.0	-15.77269780683821	-65.74009288039662	125.52831315034751	1.5498878411719375	0.03260020367240912	-0.16850770184776565	-0.06481979280179928	-0.0071240371689569315	-0.07331133651788946	0.018315696546693516
ANGLE|B|S1-C2-C1	angle	angle	CG312-CG312-SG3O1	B	GEO_B_REVISED	degree	0.21320071635561041	3.0	-12.105894874913758	-103.18624088519357	-180.97015818882056	-8.990570028053924	0.08713245052191354	-0.08099798232905187	0.31660831093892483	0.007425951341986092	0.014437563994391667	0.06947698841528904
ANGLE|B|F1-C1-F2	angle	angle	FGA2-CG312-FGA2	B	GEO_B_REVISED	degree	0.12309149097933272	3.0	1.444929413025875	7.358692152450885	22.299449177332065	9.457619206067136	-0.011750252196890187	0.8434609077206545	-0.007912861904586066	-0.006691657520896399	-0.005600915526429162	-0.1520432712402453
ANGLE|B|F1-C1-C2	angle	angle	CG312-CG312-FGA2	B	GEO_B_REVISED	degree	0.07537783614444091	3.0	-11.069121212337052	-33.80268793253549	61.74103420829624	15.614211871863404	0.05536731678690643	-0.22142581238196613	-0.11988994924620044	0.0018577282347393975	0.011638923099042131	-0.05742621739713627
ANGLE|B|F1-C1-C3	angle	angle	CG312-CG312-FGA2	B	GEO_B_REVISED	degree	0.07537783614444091	3.0	8.326862692555892	27.399613792709943	28.798512464788928	15.534019576875835	-0.02018474680114224	-0.20630240794249488	0.04705774827365872	-0.00996239175287883	-0.04771184508328474	0.04914314447674428
ANGLE|B|F2-C1-C2	angle	angle	CG312-CG312-FGA2	B	GEO_B_REVISED	degree	0.07537783614444091	3.0	-3.8629312605920063	-0.4943589840635809	43.00177361300683	18.5609171085801	0.0023128202887718885	-0.18487891354010344	-0.0565064756535989	-0.025358486316036988	0.012866663190465033	-0.08653223373528363
ANGLE|B|F2-C1-C3	angle	angle	CG312-CG312-FGA2	B	GEO_B_REVISED	degree	0.07537783614444091	3.0	6.120471844198505	20.70714382168859	46.29789251512051	-30.285867251720333	-0.022108799242680277	-0.1559367554414237	0.0359361114506882	0.017578751249530455	0.017569320195605087	0.1708332366179377
ANGLE|B|F3-C2-F4	angle	angle	FGA2-CG312-FGA2	B	GEO_B_REVISED	degree	0.12309149097933272	3.0	5.0094352322176405	29.34353578530846	18.212951469863015	-2.125108859374336	-0.009684674536785565	0.8353504915965502	-0.018836616055914135	0.005011754634104193	0.08372496047456934	-0.006000850950584891
ANGLE|B|F3-C2-C1	angle	angle	CG312-CG312-FGA2	B	GEO_B_REVISED	degree	0.07537783614444091	3.0	14.634611937218267	85.63248121559042	-34.89097568280641	2.938701926552767	-0.025031056311696886	-0.19533802810826728	-0.0976637125257156	0.002550896023329585	-0.051376585503959404	-0.006679648756318102
ANGLE|B|F4-C2-C1	angle	angle	CG312-CG312-FGA2	B	GEO_B_REVISED	degree	0.07537783614444091	3.0	20.163804056295476	105.51362955288113	-15.199807163384094	6.39761474280931	-0.07739447074065708	-0.17894899651957275	-0.09318725519792537	-0.007874669036063153	-0.04803138560461662	-0.05207236633737011
ANGLE|B|F5-C3-F6	angle	angle	FGA2-CG312-FGA2	B	GEO_B_REVISED	degree	0.12309149097933272	3.0	1.2336154933265675	2.08134508101665	25.709833947274774	6.463671967345874	-0.0033697576906774884	0.8350656694232796	-0.00014980234855954677	-0.007655480813518523	0.002652270596570361	0.003867265826613675
ANGLE|B|F5-C3-C1	angle	angle	CG312-CG312-FGA2	B	GEO_B_REVISED	degree	0.07537783614444091	3.0	-2.9198919185731143	-2.0301840428018636	-33.460666247073334	56.86298628894093	0.004940100351838339	-0.135232582060695	0.005253149018344061	-0.055897379168598604	-0.009678160335511166	0.009471309165860475
ANGLE|B|F5-C3-C4	angle	angle	CG302-CG312-FGA2	B	GEO_B_REVISED	degree	0.15075567228888181	3.0	1.1507965862591618	1.109653248093423	85.9709376561284	-2.0151685914981954	-0.00012729529474597712	-0.2418744084543505	0.0019854278324942243	0.005642887472035341	-0.01168467535990203	0.021903027227523353
ANGLE|B|F6-C3-C1	angle	angle	CG312-CG312-FGA2	B	GEO_B_REVISED	degree	0.07537783614444091	3.0	0.36953279251861204	-0.4780176315932749	-38.27395938427003	53.18913810023673	0.005957676966922065	-0.2029984669599969	-0.010721527158750632	-0.06600221049329491	-0.004612156213426033	0.008410257728854731
ANGLE|B|F6-C3-C4	angle	angle	CG302-CG312-FGA2	B	GEO_B_REVISED	degree	0.15075567228888181	3.0	3.55815537292159	6.736123375262082	107.159654077428	-33.11887428722571	-0.005928520537864301	-0.1663065862109221	0.011917360582224035	0.04714207536417803	-0.026464916079618206	0.02349847167124608
ANGLE|B|F7-C4-F8	angle	angle	FGA3-CG302-FGA3	B	GEO_B_REVISED	degree	0.12309149097933272	3.0	1.4104595501223116	0.8653701616339049	12.116971428469014	30.258867757517294	0.0001181103579028786	-0.000542394170011562	0.0018944354448251488	0.6086876545156628	-0.010345532112268074	0.006557736468408848
ANGLE|B|F7-C4-F9	angle	angle	FGA3-CG302-FGA3	B	GEO_B_REVISED	degree	0.12309149097933272	3.0	-0.2999167504853517	-0.679873633210093	4.323156413846618	18.976743860932288	-0.0001898150705272883	-0.008688519142417306	0.0008988537418659348	0.6273059943843435	0.00472482802379659	-0.0006466038524877149
ANGLE|B|F7-C4-C3	angle	angle	CG312-CG302-FGA3	B	GEO_B_REVISED	degree	0.12309149097933272	3.0	-2.0335288396893247	0.43486430672601273	-2.1593792143548285	-9.515271375562406	0.0018441884545836729	0.0072740003262339314	-0.0018102649325797415	-0.545885001211424	0.013891071584311021	-0.0034666621256462804
ANGLE|B|F8-C4-F9	angle	angle	FGA3-CG302-FGA3	B	GEO_B_REVISED	degree	0.12309149097933272	3.0	0.9550137260561087	0.2348458122867214	7.935405659416972	24.18983998136781	-0.0014841077018701299	-0.002894513633869167	0.0005901331350486316	0.6174328372497158	0.00014470093574914245	0.0022272298842551663
ANGLE|B|F8-C4-C3	angle	angle	CG312-CG302-FGA3	B	GEO_B_REVISED	degree	0.12309149097933272	3.0	0.8088052247288147	-1.0120919874907486	-3.454480071944488	-34.72221906226025	-0.00048149639601291483	-0.01484151721577831	-0.00017011363121355316	-0.5035467124059281	-0.005524907923728506	0.0024682734419911867
ANGLE|B|F9-C4-C3	angle	angle	CG312-CG302-FGA3	B	GEO_B_REVISED	degree	0.12309149097933272	3.0	-0.45542299965006805	0.22401805829730392	-14.821183057996734	-18.249584469742786	-8.03709964287691e-05	0.01748572851358432	-0.0008624393708416278	-0.5228023765615504	-0.004118062973219594	-0.005653430970937734
ANGLE|B|O1-S1-O2	angle	angle	OG2P1-SG3O1-OG2P1	B	GEO_B_REVISED	degree	0.12309149097933272	3.0	-81.44507078574037	17.695462272918405	6.662356499198552	0.6391237906413494	0.48779037118390534	-0.007110234889701417	0.020503084414407624	-0.0010160723162258023	-0.021800240632217083	-0.001088222204828071
ANGLE|B|O1-S1-O3	angle	angle	OG2P1-SG3O1-OG2P1	B	GEO_B_REVISED	degree	0.12309149097933272	3.0	-83.2506574171461	12.81008112564308	5.195406549418635	0.05816169334593724	0.5123034950674779	-0.013893765994630769	-0.005716022605220417	-0.00019362852599158487	0.006798445585332047	0.001787409133555684
ANGLE|B|O1-S1-C2	angle	angle	CG312-SG3O1-OG2P1	B	GEO_B_REVISED	degree	0.12309149097933272	3.0	95.07796375881838	-13.564539104294226	-8.430671177137583	0.30547299525096605	-0.573361994440198	0.03594296265816155	-0.03002847557478816	-0.0001460757109299493	0.16778080049860478	-0.002127281324391106
ANGLE|B|O2-S1-O3	angle	angle	OG2P1-SG3O1-OG2P1	B	GEO_B_REVISED	degree	0.12309149097933272	3.0	-82.0738798126115	15.406778508712193	5.887296821576626	-0.05192615508775589	0.4946866159193064	-0.007586404337516228	0.018690228648814866	-0.00026506891527589005	-0.0023713227184885	0.0018420715085198935
ANGLE|B|O2-S1-C2	angle	angle	CG312-SG3O1-OG2P1	B	GEO_B_REVISED	degree	0.12309149097933272	3.0	91.51114601453969	-20.36499231428479	-2.986780425473512	-0.33690560231747213	-0.589098950806239	-0.02409742497525258	0.0432349189017458	0.0014472478304128344	-0.045788748564490334	-0.0018245519376591801
ANGLE|B|O3-S1-C2	angle	angle	CG312-SG3O1-OG2P1	B	GEO_B_REVISED	degree	0.12309149097933272	3.0	97.80617490120846	-18.979129705634534	-8.98645720194935	-0.7102149034849958	-0.5607602858631111	0.020819626408794534	-0.050985771676728575	0.00040311498671030677	-0.10242784709447506	0.0009985576011217745
ANGLE|B|C1-C3-C4	angle	angle	CG302-CG312-CG312	B	GEO_B_REVISED	degree	0.21320071635561041	3.0	-2.5732463237204684	-5.941822719947254	-122.76235728808871	-74.80120335880969	-0.002125310581334361	0.01865984528654252	-0.007210505106741039	0.07096266960365227	0.04375266243130227	-0.0586449105446718
ANGLE|B|C2-C1-C3	angle	angle	CG312-CG312-CG312	B	GEO_B_REVISED	degree	0.21320071635561041	3.0	0.0019891520537385077	-16.516192395457097	-179.51998440508987	-26.145328572972915	-0.006154986481142544	0.015443194939926741	0.09632362736472544	0.020912409740127202	0.0074253615723307576	0.06381352008745012
PES|T_CC_180	profile_energy	PES	T_CC		T_CC_180	kcal/mol	0.20412414523193154	1.0	-32.369431140176985	-36.67704811806893	-4.835061174713218	-7.608730953154952	0.011907949088790781	-0.19952911923064054	0.054010581076601394	0.0010724259636709643	-0.21549400614244707	0.020860101601338776
PES|T_CS_050	profile_energy	PES	T_CS		T_CS_050	kcal/mol	0.19611613513818404	1.0	14.322218871893	2.4243711223708164	-21.153268965343972	14.353542088551663	0.02893394713683084	0.029907708901529606	-0.01646907991575053	-0.021595350234584032	0.0575064506500933	-0.05174208439770567
PES|T_CS_060	profile_energy	PES	T_CS		T_CS_060	kcal/mol	0.19611613513818404	1.0	9.104992586520034	4.7109854637906174	-7.82886544096556	6.980217645434994	0.005440291525812657	0.013166574895196015	-0.005723031206022966	-0.010958775957098432	-0.20933399095363292	-0.036531268448852794
PES|T_CS_070	profile_energy	PES	T_CS		T_CS_070	kcal/mol	0.19611613513818404	1.0	-0.1029906657504763	-0.5927604261472298	-1.8662435881931159	1.8107549251912025	0.0006559526398183524	0.006161017563695026	0.00621411532361377	-0.0038966209188575525	-0.0365899947418738	-0.027210296245219895
PES|T_CS_080	profile_energy	PES	T_CS		T_CS_080	kcal/mol	0.19611613513818404	1.0	-11.77947783879063	-12.333354640296362	-2.068950376912043	-0.1854727019598712	0.01691617193690248	0.00923732093355642	0.015050153190009574	-0.002376225869861387	0.5354668795458895	-0.029906843231357616
PES|T_CC_300_ANCHOR_ZERO	profile_anchor	PES	T_CC		T_CC_300	kcal/mol	0.20412414523193154	1.0	0.0	0.0	0.0	0.0	0.0	0.0	0.0	0.0	0.0	0.0
AB_ENERGY|GEO_B_REVISED-GEO_A	AB_energy	AB_energy	AB_energy		GEO_B_REVISED-GEO_A	kcal/mol	1.0	1.0	-30.913139938455902	-29.582642412643523	-1.6003198814531494	2.06238021044447	-0.0010414044992830274	-0.20373861537499982	0.04603298161723224	-0.014403551167901485	-0.1617235665607053	0.03731019836520133
