observable_id	kind	block	family	geometry	source_id	unit	row_weight	observable_scale	J_2h_normalized__R_OG2P1-SG3O1	J_2h_normalized__R_CG312-SG3O1	J_2h_normalized__R_CG312-CG312	J_2h_normalized__R_CG302-CG312	J_2h_normalized__TH_OG2P1-SG3O1-OG2P1	J_2h_normalized__TH_FGA2-CG312-FGA2	J_2h_normalized__TH_CG312-CG312-SG3O1	J_2h_normalized__TH_FGA3-CG302-FGA3	J_2h_normalized__LAMBDA_CS	J_2h_normalized__LAMBDA_CC
BOND|A|S1-O1	bond	bond	OG2P1-SG3O1	A	GEO_A	angstrom	0.16666666666666666	0.03	0.47703217652968355	-0.0016373884771782154	-0.0012167974172663488	0.00032984786870687225	-0.01855735621683464	0.0004151957281487181	0.0002550485079768874	-0.000301460414361348	-0.0010385419481494394	1.2372042822327166e-05
BOND|A|S1-O2	bond	bond	OG2P1-SG3O1	A	GEO_A	angstrom	0.16666666666666666	0.03	0.4764292216543866	-0.003756253310798084	-0.0005858586391355786	-0.00029250151942525647	-0.0156949890577336	0.0011204716875851115	-0.0002883761603600993	0.00041106475788070063	0.0002538865138833489	7.01373032645996e-05
BOND|A|S1-O3	bond	bond	OG2P1-SG3O1	A	GEO_A	angstrom	0.16666666666666666	0.03	0.4764336883921687	-0.002601852733189839	-0.0002638973884108411	-0.00031231313539030003	-0.01748165800234834	0.0006854550240033131	-0.0002824842168467715	0.00023348349346357592	-8.023195205739439e-05	-9.178109700025416e-05
BOND|A|S1-C2	bond	bond	CG312-SG3O1	A	GEO_A	angstrom	0.2886751345948129	0.03	-0.039578571562110046	0.6886239817332465	-0.10758520249299093	-0.00412376922802068	0.05348452167828979	0.0440263817768641	-0.03799166171990978	0.003896803378853679	-0.004274809769541137	5.064784064932139e-06
BOND|A|F1-C1	bond	bond	CG312-FGA2	A	GEO_A	angstrom	0.11785113019775793	0.03	-0.0013011350345941718	-0.0024864279405631172	-0.012915799065957224	-0.0010547921494701636	-0.00012393438778718753	-0.0025080332465834835	-0.000497743635884315	0.0005408190347659303	-1.9938402382486375e-05	-5.1839277954452386e-05
BOND|A|F2-C1	bond	bond	CG312-FGA2	A	GEO_A	angstrom	0.11785113019775793	0.03	-0.0009868204918757402	-0.0015364178619755565	-0.01571186872566817	-0.0028784123482379718	0.0012677393892970483	-0.0012244018265659279	0.00011014431346864348	-0.0002332420399869088	0.0004308714367912493	-0.00021890100784377936
BOND|A|F3-C2	bond	bond	CG312-FGA2	A	GEO_A	angstrom	0.11785113019775793	0.03	-0.002563320794530567	-0.01503710097576125	-0.007037994837182682	-8.24331831130474e-05	0.0017404069357488934	-0.00038118004913429256	0.0028727940281535365	-0.000571870435417939	-4.659754027863421e-05	-0.00032179633942374037
BOND|A|F4-C2	bond	bond	CG312-FGA2	A	GEO_A	angstrom	0.11785113019775793	0.03	-0.002284174133431971	-0.014798075597654276	-0.012031588985154617	-0.0007170388533215985	0.0018138399477912015	-0.0001763577545364169	0.003374383710851156	0.0006552346052207179	0.00048233657214955087	0.0002138518166139539
BOND|A|F5-C3	bond	bond	CG312-FGA2	A	GEO_A	angstrom	0.11785113019775793	0.03	-0.0015033303941547284	-0.0009531369584651096	-0.005439755740094938	-0.0038433362785316705	0.0007392725936002633	-0.004959765894047489	0.00015233640925401163	0.001959042569942095	-8.795501230624446e-05	7.1945615376476645e-06
BOND|A|F6-C3	bond	bond	CG312-FGA2	A	GEO_A	angstrom	0.11785113019775793	0.03	-0.0005317937320418709	-0.00020080398979529246	-0.010294069448890981	-0.0053260745417536125	0.000735675570334235	-0.0025092206003664405	-0.00029564964078416904	0.0031877407818077697	0.00016004179277886015	0.00021168547084128805
BOND|A|F7-C4	bond	bond	CG302-FGA3	A	GEO_A	angstrom	0.16666666666666666	0.03	-0.0008304367282564574	0.0006560349027505562	-0.0030912798162795337	-0.004410559565922363	-0.0007297282798564131	0.0004718584550496747	0.00024854783717430536	-0.03631389244606844	0.00014475549159959693	0.00030264448066160316
BOND|A|F8-C4	bond	bond	CG302-FGA3	A	GEO_A	angstrom	0.16666666666666666	0.03	-0.00047350297160038873	-0.0002809786509911433	-0.0028442339500309474	-0.012770096325834564	0.0008756228209758385	0.001455759543630666	-0.0001222778285061195	-0.02966401543270627	2.703912348343983e-05	-0.00010136968241357557
BOND|A|F9-C4	bond	bond	CG302-FGA3	A	GEO_A	angstrom	0.16666666666666666	0.03	-0.00018771871420877575	-0.00026241822460397	-0.0029404607070626643	-0.008213944802656605	0.0006375529260298989	0.0013885098834135836	-0.0001344912553546962	-0.03299526505525877	-7.428486527140244e-05	-0.0001206363514576974
BOND|A|C1-C2	bond	bond	CG312-CG312	A	GEO_A	angstrom	0.20412414523193154	0.03	-0.0045890496837924085	-0.04592574356448782	0.5485742015246231	-0.007126498549255528	0.004770393817562618	0.023653974476442536	-0.02980937920782115	0.000356810520956706	0.0011552268227933646	0.00033590825559659494
BOND|A|C1-C3	bond	bond	CG312-CG312	A	GEO_A	angstrom	0.20412414523193154	0.03	-0.0013630155799941419	-0.006444505228138444	0.5576789724549067	-0.032153587561478375	-0.00027688557375351057	0.02548545070921303	-0.0060356797650782	0.011246537739742357	-0.0006202406953972796	6.360954935127231e-05
BOND|A|C3-C4	bond	bond	CG302-CG312	A	GEO_A	angstrom	0.2886751345948129	0.03	0.00021497307255469793	-0.0036956815994048297	-0.055946627998157555	0.8726323340955263	0.005219793264889443	0.014916470347555718	-0.0011204530320352442	0.048035701892409424	-0.0013141317474440269	-0.0009391259990888594
ANGLE|A|S1-C2-F3	angle	angle	FGA2-CG312-SG3O1	A	GEO_A	degree	0.15075567228888181	3.0	-0.0071046479704554065	-0.02971305953289005	0.04825210921723825	-0.0028924746965678177	-0.000540987521545657	-0.05118759629922206	-0.017483314012119132	0.0028966954644405194	0.0014229298398795792	0.0016326312630073163
ANGLE|A|S1-C2-F4	angle	angle	FGA2-CG312-SG3O1	A	GEO_A	degree	0.15075567228888181	3.0	-0.010414398559151118	-0.03231103841210734	0.06113290348723907	0.005584148789994872	0.004100918031536808	-0.04563829242264481	-0.018448954244514256	-0.004302355820980148	-0.003380563330301289	-0.0022673445572386343
ANGLE|A|S1-C2-C1	angle	angle	CG312-CG312-SG3O1	A	GEO_A	degree	0.21320071635561041	3.0	-0.0024819902804395547	-0.06809215921986776	-0.1337890591668633	-0.0028981145756971634	0.034740919585122966	0.012114425258227507	0.11747778387113612	0.00240474241010174	0.0031350105021849695	0.001441747132408296
ANGLE|A|F1-C1-F2	angle	angle	FGA2-CG312-FGA2	A	GEO_A	degree	0.12309149097933272	3.0	0.00047125497118558464	0.0036284498557067175	0.010302992567838093	0.0047514236018893095	-0.003081973873514953	0.17086347268418353	0.004756345655636419	-0.0016974266557855592	0.0011575284606669177	0.001503535528198553
ANGLE|A|F1-C1-C2	angle	angle	CG312-CG312-FGA2	A	GEO_A	degree	0.07537783614444091	3.0	-0.002350103118576721	-0.004044428200246983	0.01569345557854108	0.004294743971706409	0.0033281941579169335	-0.014869770578824966	-0.009002847988505196	-0.0015345497207631521	-0.0003089735877512203	0.0010273712629241289
ANGLE|A|F1-C1-C3	angle	angle	CG312-CG312-FGA2	A	GEO_A	degree	0.07537783614444091	3.0	0.0014851352458409477	0.003607366679857008	0.007536731444042662	0.002697453229350044	-0.0019098427139379666	-0.03263700529145936	-0.0017671478212467307	-0.00011663728465305745	-0.001769143389026478	-0.0024329789102864353
ANGLE|A|F2-C1-C2	angle	angle	CG312-CG312-FGA2	A	GEO_A	degree	0.07537783614444091	3.0	0.00033933777657044775	-0.0028296867132527647	0.0003991859317412493	0.0026365874203986657	-0.0007494512969742872	-0.03194994720768885	0.014679108271145852	-0.0008923506390340437	-0.0014019594084540275	0.0012247804066574874
ANGLE|A|F2-C1-C3	angle	angle	CG312-CG312-FGA2	A	GEO_A	degree	0.07537783614444091	3.0	0.0014542915247201713	0.004157097571875751	0.004528835251527274	-0.0070050336003770215	-0.0027706407011775934	-0.014940236138932942	0.006353744093311195	0.0008185399166644371	-0.0014800463755595922	0.0009951120860565484
ANGLE|A|F3-C2-F4	angle	angle	FGA2-CG312-FGA2	A	GEO_A	degree	0.12309149097933272	3.0	0.0018931196026294578	0.011200875265173521	0.013241759530867163	0.0005578993910861136	-0.0010759271637878773	0.1711976085198765	-0.004700572375196382	-0.0009075913797670618	0.0018413406427454583	-0.0002996314186984495
ANGLE|A|F3-C2-C1	angle	angle	CG312-CG312-FGA2	A	GEO_A	degree	0.07537783614444091	3.0	0.004717118075164977	0.026048497647653133	-0.003652908967407227	-8.081797188253902e-05	-0.006748958350387055	-0.023212628944740684	-0.013171613138930284	0.0005564479135308943	-4.3845425283779335e-05	0.0009073206333270133
ANGLE|A|F4-C2-C1	angle	angle	CG312-CG312-FGA2	A	GEO_A	degree	0.07537783614444091	3.0	0.00341919124584434	0.023096767902502795	-0.004216788989600989	-0.0002738471320700219	-0.007554753177528423	-0.029052226044120184	-0.012027047629695085	-0.00044261937912555414	-0.001332058286722365	-0.001099704085011849
ANGLE|A|F5-C3-F6	angle	angle	FGA2-CG312-FGA2	A	GEO_A	degree	0.12309149097933272	3.0	0.0015864387839119626	0.0003406732453208354	0.011317707871141313	0.0025122487452942793	-0.0019060508786288867	0.16993279665546088	0.0022838930182977604	-0.001376181907906005	-0.0014625669167057178	7.100962102182702e-05
ANGLE|A|F5-C3-C1	angle	angle	CG312-CG312-FGA2	A	GEO_A	degree	0.07537783614444091	3.0	-0.0029685931169119557	0.001320924286676336	-0.002084811778333731	0.01418525548029608	0.00045045451665959443	-0.019402336502722013	-0.0026535303851908834	-0.007491679936263359	0.00013438766935496777	0.0002976168600032383
ANGLE|A|F5-C3-C4	angle	angle	CG302-CG312-FGA2	A	GEO_A	degree	0.15075567228888181	3.0	0.0019106262954564908	-0.0027254500050057024	0.041277822671078546	0.0017631525390494045	0.005737287811821168	-0.0579215529895079	-0.002021804770018632	0.0001287013279580678	0.002414085452925097	-0.0006294908121952442
ANGLE|A|F6-C3-C1	angle	angle	CG312-CG312-FGA2	A	GEO_A	degree	0.07537783614444091	3.0	0.0006296793766684139	-0.0010634754161468823	-0.011832414239228995	0.01294687846836844	-0.0003548251916922715	-0.024196868776934423	0.0005665202434688872	-0.007574332590041323	-0.00023937579477861017	-2.8830472235679394e-05
ANGLE|A|F6-C3-C4	angle	angle	CG302-CG312-FGA2	A	GEO_A	degree	0.15075567228888181	3.0	0.0008890778525592717	0.004236442423370681	0.04836880369327834	-0.014546347993070563	-0.006812689555575653	-0.048763367500788565	0.002391781407142117	0.008256558448168458	-0.0005041303045257591	0.000651488756529473
ANGLE|A|F7-C4-F8	angle	angle	FGA3-CG302-FGA3	A	GEO_A	degree	0.12309149097933272	3.0	0.0006952572875742428	0.00035185013876412965	0.0048857781700748885	0.012068692029098523	-0.0009443557283918997	-0.0016230105045530127	-0.00016204558609285796	0.1245247582556426	0.0001670064691675287	-0.00011288290105223907
ANGLE|A|F7-C4-F9	angle	angle	FGA3-CG302-FGA3	A	GEO_A	degree	0.12309149097933272	3.0	-0.0004719484309794256	0.0009259721123178419	0.002245776729770835	0.00848717320474018	-0.0016177736202429697	-0.0022759522826669236	0.0005155724071976291	0.12788110272595402	0.00011038456673466302	0.0004309963112784093
ANGLE|A|F7-C4-C3	angle	angle	CG312-CG302-FGA3	A	GEO_A	degree	0.12309149097933272	3.0	-0.0007954074086043068	-0.003502013937157727	-0.004132558598692705	-0.0034775084704584415	0.006374732236036963	0.004320062155625358	-0.00025639017250103554	-0.11191513221721865	-0.000379189194662307	-0.0010195606668418392
ANGLE|A|F8-C4-F9	angle	angle	FGA3-CG302-FGA3	A	GEO_A	degree	0.12309149097933272	3.0	0.0004373562794954242	0.0004590241936105553	0.003598532086830352	0.01044796631008858	-0.0008227546814040896	-0.0012335536705572103	0.00019238661069607938	0.12636914184462592	0.0003326570592964821	7.28452836260809e-05
ANGLE|A|F8-C4-C3	angle	angle	CG312-CG302-FGA3	A	GEO_A	degree	0.12309149097933272	3.0	0.0009448830874404769	0.0012012173860688822	0.0015685801646666624	-0.012087706728158523	-0.002191346842598969	-0.0042758419023567204	0.00013198501660750898	-0.10617987160941282	0.00015336255170388216	0.0005795334550333227
ANGLE|A|F9-C4-C3	angle	angle	CG312-CG302-FGA3	A	GEO_A	degree	0.12309149097933272	3.0	-0.0006592581407214948	0.0008817231966729439	-0.006390774430041123	-0.010769466619523193	-0.001413707327612061	0.004185794619486657	-0.0003394962320086792	-0.10283672059935256	-0.0002776127498679923	0.00012285174110875064
ANGLE|A|O1-S1-O2	angle	angle	OG2P1-SG3O1-OG2P1	A	GEO_A	degree	0.12309149097933272	3.0	-0.03491025999502618	0.007785126936252564	0.0016108523727489383	0.0008194973373078115	0.10017850153855569	-0.003125909342624682	0.004454024893501394	-0.00113061388622121	-0.001254856765781635	-0.00012649500525520668
ANGLE|A|O1-S1-O3	angle	angle	OG2P1-SG3O1-OG2P1	A	GEO_A	degree	0.12309149097933272	3.0	-0.03462003730164095	0.0063143986053568356	0.0013043836708119666	0.000936409260376334	0.10425670358104847	-0.0010650540509087125	-0.0008698013136090078	-0.0006894348838103975	0.0016056295436253924	0.00018645875449602864
ANGLE|A|O1-S1-C2	angle	angle	CG312-SG3O1-OG2P1	A	GEO_A	degree	0.12309149097933272	3.0	0.04149613997219855	-0.008116489941326762	-0.001583866443625355	-0.0038886196016559675	-0.11656608550803876	0.00803242218181674	-0.0036273063695180813	0.004420991398187484	0.005219588578765341	-0.0007656597795682864
ANGLE|A|O2-S1-O3	angle	angle	OG2P1-SG3O1-OG2P1	A	GEO_A	degree	0.12309149097933272	3.0	-0.03448776699001546	0.007151040755859534	0.00032154867726862275	0.001178696445706414	0.10052159395045401	-0.002932976941572554	0.0041520994365959645	-0.0012957109006026181	8.673978801639569e-05	-8.563863095387176e-05
ANGLE|A|O2-S1-C2	angle	angle	CG312-SG3O1-OG2P1	A	GEO_A	degree	0.12309149097933272	3.0	0.036541032187112715	-0.007446517570556581	-0.003511264776102552	0.0010846772913028358	-0.12132993770038866	-0.005868535731848403	0.009100515795350426	-0.0014026936728713621	-0.0023917401220552277	-0.0004544597535096591
ANGLE|A|O3-S1-C2	angle	angle	CG312-SG3O1-OG2P1	A	GEO_A	degree	0.12309149097933272	3.0	0.041785694714857644	-0.008905102280272192	0.001343232085559841	-0.0005801293013710069	-0.11356052926921584	0.005986994476689563	-0.014231639931140383	0.0005710222502350538	-0.003326702161904526	0.0012357538400848017
ANGLE|A|C1-C3-C4	angle	angle	CG302-CG312-CG312	A	GEO_A	degree	0.21320071635561041	3.0	0.0008071608380871123	-0.002740189815296999	-0.09026802259416127	-0.0576090957417948	0.0025043052465109346	0.01589308819585465	0.0025902965777909364	0.03020950035568251	-0.0004164309793925289	-0.0007452429508598067
ANGLE|A|C2-C1-C3	angle	angle	CG312-CG312-CG312	A	GEO_A	degree	0.21320071635561041	3.0	-0.002584699693127644	-0.006199572712614139	-0.08228926207843587	-0.01323016384325657	0.008307754451465938	0.029085348044099367	-0.02797655782192778	0.00637584071755868	0.010660887759996188	-0.003405609712876948
BOND|B|S1-O1	bond	bond	OG2P1-SG3O1	B	GEO_B_REVISED	angstrom	0.16666666666666666	0.03	0.4761644014148315	-0.002715995176560342	-0.0007051837715432718	-0.00023402564243898044	-0.016990137817054742	0.0007110865166369088	-0.00045118180191002405	0.00016130238818246043	-0.00041000090768140827	0.00012685577077984099
BOND|B|S1-O2	bond	bond	OG2P1-SG3O1	B	GEO_B_REVISED	angstrom	0.16666666666666666	0.03	0.47619102746809805	-0.0032107856266505586	-0.001034549905983469	-0.00011854404269626447	-0.015747858932987604	0.0003599105352050349	-0.0001921835360173417	0.00019903679687892513	0.000279299241333507	0.0001414104804673164
BOND|B|S1-O3	bond	bond	OG2P1-SG3O1	B	GEO_B_REVISED	angstrom	0.16666666666666666	0.03	0.47585870856303725	-0.0025221853901894833	-0.0007689911611960839	0.00018401546178800938	-0.0174009836531643	0.0007204090044772416	-0.0003395056169607718	1.4597047387179509e-05	0.00017689174986518845	-0.00020418757851192737
BOND|B|S1-C2	bond	bond	CG312-SG3O1	B	GEO_B_REVISED	angstrom	0.2886751345948129	0.03	-0.043386008878490916	0.6901391549695273	-0.12161279890849529	0.00035560894702623254	0.04719975859113708	0.04534326853839581	-0.0421207101025563	0.000438266021080803	-0.001014607903949857	0.0006994017863973154
BOND|B|F1-C1	bond	bond	CG312-FGA2	B	GEO_B_REVISED	angstrom	0.11785113019775793	0.03	-0.001059048123855598	-0.0033199165390170042	-0.012779728451699552	-0.001364814823291426	-0.0009162255829055161	-0.003779396635005404	-0.001841732457013605	0.0008041114133221759	-0.00036836262772070675	6.707486885083994e-05
BOND|B|F2-C1	bond	bond	CG312-FGA2	B	GEO_B_REVISED	angstrom	0.11785113019775793	0.03	-0.001224495331924175	-0.002327627345912385	-0.011028441463888332	-0.0025486202894300816	-7.011565044922813e-06	-0.0010484534245356518	-0.0007266895997401277	-0.00029687769220539914	3.379058820885259e-05	-1.8781206043576005e-05
BOND|B|F3-C2	bond	bond	CG312-FGA2	B	GEO_B_REVISED	angstrom	0.11785113019775793	0.03	-0.002221334127584051	-0.014856506352113689	-0.008190274384041579	-0.00012870783030777364	0.002136063288506735	-0.0021665098294767187	0.003002757570829422	-4.627307039448365e-07	-0.00022345140358139787	-7.970520183053573e-06
BOND|B|F4-C2	bond	bond	CG312-FGA2	B	GEO_B_REVISED	angstrom	0.11785113019775793	0.03	-0.0022502583426704027	-0.014358674751737226	-0.007775179532619232	-0.0013533479631344964	0.001868596543670905	-0.0003550285578768992	0.0029351814434539865	0.0007306386802609109	0.0001328932291462244	-4.696205006970076e-05
BOND|B|F5-C3	bond	bond	CG312-FGA2	B	GEO_B_REVISED	angstrom	0.11785113019775793	0.03	-0.00038664688228024803	2.4843582655990203e-05	-0.008034951154740662	-0.004420769591094875	0.0003433248171271148	-0.0025989612321843866	-0.00012100230980762289	0.0024742637339764824	6.338168412623022e-05	-3.304904214777588e-05
BOND|B|F6-C3	bond	bond	CG312-FGA2	B	GEO_B_REVISED	angstrom	0.11785113019775793	0.03	-0.0004686059092813573	-0.0007604073187836745	-0.01086459684079234	-0.0054998181459006475	0.0004444376792980419	-0.003669237192356981	-0.0005330835157336256	0.003210643390585822	0.00020838752300968443	-9.282475206460913e-05
BOND|B|F7-C4	bond	bond	CG302-FGA3	B	GEO_B_REVISED	angstrom	0.16666666666666666	0.03	-1.835427812821619e-05	-0.0001614704412400414	-0.004556863775962489	-0.006428984263790522	0.00023923141018486778	0.0023290155099282067	0.00022937645926781846	-0.03394085736261999	0.00032519566500127043	-4.793743590044326e-05
BOND|B|F8-C4	bond	bond	CG302-FGA3	B	GEO_B_REVISED	angstrom	0.16666666666666666	0.03	-0.0008741368226637834	1.0268796945483376e-05	-0.003414557117325461	-0.012911728303008659	0.00026907198582498063	0.0005679194423994597	-0.00030946680448784564	-0.02980322700857043	0.0001423301773816209	2.5029376892070508e-05
BOND|B|F9-C4	bond	bond	CG302-FGA3	B	GEO_B_REVISED	angstrom	0.16666666666666666	0.03	-0.0002896168213553343	-0.00011826566592709753	-0.0027624306437015436	-0.007426276271954579	0.00038018994243876273	0.001082354503500101	-8.045762955414629e-05	-0.03337023235099508	-0.0002576278555395846	5.296842440586739e-05
BOND|B|C1-C2	bond	bond	CG312-CG312	B	GEO_B_REVISED	angstrom	0.20412414523193154	0.03	-0.00501869225010543	-0.050274573901031565	0.5469147626997122	-0.007194761206730752	0.006816956204782116	0.016696649783378766	-0.03240902827562339	-0.0005197426756033656	8.379127297770645e-05	0.00010347484523902826
BOND|B|C1-C3	bond	bond	CG312-CG312	B	GEO_B_REVISED	angstrom	0.20412414523193154	0.03	-0.000942365863730088	-0.007882302953119522	0.5460788184055722	-0.03341836606645019	0.0017453304622192243	0.02109169352776394	-0.002437527358383377	0.011558033729574172	0.0006331406937680649	-0.0008961044339262133
BOND|B|C3-C4	bond	bond	CG302-CG312	B	GEO_B_REVISED	angstrom	0.2886751345948129	0.03	-0.0009138396123250554	-1.0328124982779131e-05	-0.056985859314987015	0.8731537267843619	0.0003040814234729626	0.011251651730999821	-0.002755608356572484	0.046780380575558694	-0.00030834326244700763	-0.000400076254247141
ANGLE|B|S1-C2-F3	angle	angle	FGA2-CG312-SG3O1	B	GEO_B_REVISED	degree	0.15075567228888181	3.0	-0.005914203016958117	-0.02741232338773363	0.05866347396901956	0.0007399624009051636	-0.002917084285012674	-0.03937504884291147	-0.01719883323237212	-0.0002140076776030897	0.001567555964768699	-0.0003728218472276278
ANGLE|B|S1-C2-F4	angle	angle	FGA2-CG312-SG3O1	B	GEO_B_REVISED	degree	0.15075567228888181	3.0	-0.009373511191623511	-0.032029394010239805	0.06294049230023163	0.0002966282398608404	0.00894600923001764	-0.041781969996008146	-0.016455186854498264	-0.0022487562020091613	-0.0014133786244248635	0.00014623962883112524
ANGLE|B|S1-C2-C1	angle	angle	CG312-CG312-SG3O1	B	GEO_B_REVISED	degree	0.21320071635561041	3.0	-0.007534992341265437	-0.07369074652582379	-0.12851891369575996	-0.006340761282242326	0.030373161303392657	-0.02915969987398725	0.11305695303311401	0.0033308599665605957	0.001933887276532371	0.0024297744358534805
ANGLE|B|F1-C1-F2	angle	angle	FGA2-CG312-FGA2	B	GEO_B_REVISED	degree	0.12309149097933272	3.0	0.0005165030012200249	0.0028635488586710605	0.00890677270730296	0.003912373759689891	-0.0023707337401636477	0.1728767473785445	-0.001689110245964577	-0.0013205964395178224	-8.623767390681494e-05	-0.0030006346746685535
ANGLE|B|F1-C1-C2	angle	angle	CG312-CG312-FGA2	B	GEO_B_REVISED	degree	0.07537783614444091	3.0	-0.0028476309691899647	-0.007894325318338315	0.016295174036487947	0.003524957816523768	0.007308863958068213	-0.027424988585483288	-0.014465165190189892	-5.738495050436985e-05	0.0008438440883063488	-0.0012167400862615934
ANGLE|B|F1-C1-C3	angle	angle	CG312-CG312-FGA2	B	GEO_B_REVISED	degree	0.07537783614444091	3.0	0.0020774326078207964	0.006573937318331358	0.007083440028087183	0.003525102717218723	-0.002596402495888112	-0.025898854000463163	0.005704789320045995	-0.0011105050644782076	-0.0008192576234456765	0.0007023797777768395
ANGLE|B|F2-C1-C2	angle	angle	CG312-CG312-FGA2	B	GEO_B_REVISED	degree	0.07537783614444091	3.0	-0.00039175684931453254	-0.00032717890135060447	0.010703420640296005	0.0052225922123958594	-1.912054942184226e-05	-0.023325144044875734	-0.007366109874588414	-0.0030405737388954496	-0.0005789801786637694	-0.0008106337262863764
ANGLE|B|F2-C1-C3	angle	angle	CG312-CG312-FGA2	B	GEO_B_REVISED	degree	0.07537783614444091	3.0	0.0014368815713357924	0.0057101413605106415	0.011741299497423738	-0.007407793403641363	-0.0027424785456868377	-0.019378204428892595	0.004739926045313543	0.002148930310068878	0.0005346680599560073	0.001959266001812911
ANGLE|B|F3-C2-F4	angle	angle	FGA2-CG312-FGA2	B	GEO_B_REVISED	degree	0.12309149097933272	3.0	0.0021133782185753843	0.011999993085529471	0.007385220003488412	-0.000791718063196522	-0.002054158564074123	0.17133888252397225	-0.003793120641086914	0.0011557155797430948	0.0018415391710799214	-7.568132877610799e-05
ANGLE|B|F3-C2-C1	angle	angle	CG312-CG312-FGA2	B	GEO_B_REVISED	degree	0.07537783614444091	3.0	0.0035400082484826506	0.021818542309645556	-0.008738998748790649	0.0001642083558522296	-0.0030176852562971875	-0.02435731316005986	-0.012247773132243905	0.0001347856105388952	-0.0006716794009696278	-0.00035795144909913414
ANGLE|B|F4-C2-C1	angle	angle	CG312-CG312-FGA2	B	GEO_B_REVISED	degree	0.07537783614444091	3.0	0.005134139215857427	0.026238060204195415	-0.003947990591996531	0.0021552076735716274	-0.00987157176844445	-0.022599251691318344	-0.011911160481753103	-0.0008853932907355555	-0.001151079206242437	-0.00039263027318685247
ANGLE|B|F5-C3-F6	angle	angle	FGA2-CG312-FGA2	B	GEO_B_REVISED	degree	0.12309149097933272	3.0	0.0005356459597846265	0.0010054889689248068	0.01049788011003541	0.002686982063273316	-0.0006558871334869866	0.17131455234262086	3.941025280280056e-05	-0.0015048173787853211	3.903501516056114e-05	6.690000528811389e-05
ANGLE|B|F5-C3-C1	angle	angle	CG312-CG312-FGA2	B	GEO_B_REVISED	degree	0.07537783614444091	3.0	-0.0008192867281872292	-0.0007138893137167438	-0.008146287212150565	0.014196501447526913	0.0006387465280218766	-0.01704914111187091	0.0005478086185331053	-0.007056479730181847	-0.00039265987219656357	0.00016894488354454918
ANGLE|B|F5-C3-C4	angle	angle	CG302-CG312-FGA2	B	GEO_B_REVISED	degree	0.15075567228888181	3.0	0.00040211356570060344	0.0001779629765166152	0.043276981468999	-0.0012005323178850417	9.348190629536743e-05	-0.0608196159151588	0.0003173624033307451	0.0011656548519754473	-0.0005390291240030997	0.000546922964621592
ANGLE|B|F6-C3-C1	angle	angle	CG312-CG312-FGA2	B	GEO_B_REVISED	degree	0.07537783614444091	3.0	0.0003765277867345549	-0.00027767927680578936	-0.009771161293034495	0.013199169954055581	0.00060420763134828	-0.025512941369662027	-0.0013733868315237412	-0.008373501319879033	4.696385277949429e-05	3.9765748919561244e-05
ANGLE|B|F6-C3-C4	angle	angle	CG302-CG312-FGA2	B	GEO_B_REVISED	degree	0.15075567228888181	3.0	0.002277318053330139	0.003417690914218541	0.05533119633030219	-0.01686771876611409	-0.0012733556719762625	-0.04157540015978928	0.003531906327015381	0.011478932683029826	-2.5580428793771624e-05	0.0003879782421638644
ANGLE|B|F7-C4-F8	angle	angle	FGA3-CG302-FGA3	B	GEO_B_REVISED	degree	0.12309149097933272	3.0	0.0005810559779532632	0.0006141998433693799	0.0052413343602091605	0.012409297331859614	0.00011389287940503737	-0.0001124821560689455	0.0003452584711620099	0.12464456467854242	-0.00024013142507183738	6.992171722855833e-05
ANGLE|B|F7-C4-F9	angle	angle	FGA3-CG302-FGA3	B	GEO_B_REVISED	degree	0.12309149097933272	3.0	-6.70687146431923e-05	-0.00039496870033834005	0.0017982789742999618	0.007885622948141347	-0.0001153323764868287	-0.0018150887810217079	0.00022495164616199564	0.12865889678282608	0.00013183535404218873	9.186847231242024e-06
ANGLE|B|F7-C4-C3	angle	angle	CG312-CG302-FGA3	B	GEO_B_REVISED	degree	0.12309149097933272	3.0	-0.0008403182585855078	0.00014262926778613581	-0.002181904448442836	-0.0038648160431838277	0.00014082702090899724	0.0014407757479163814	-0.000735751991671812	-0.11160655483748946	-0.0004961265000868353	-9.932995333539866e-05
ANGLE|B|F8-C4-F9	angle	angle	FGA3-CG302-FGA3	B	GEO_B_REVISED	degree	0.12309149097933272	3.0	0.0005669964923515966	7.889090768929306e-05	0.0034798107800097897	0.009974226581587108	-0.00031804522661597195	-0.0006197409775036162	0.0003016293684766908	0.1265668736084792	0.00011191853730633717	-1.6938030981442068e-05
ANGLE|B|F8-C4-C3	angle	angle	CG312-CG302-FGA3	B	GEO_B_REVISED	degree	0.12309149097933272	3.0	6.501504889797726e-05	-0.0007849097957730835	-0.0009417859493210342	-0.01467194489795519	-0.00017800156835767492	-0.003077255522613626	0.00021573383503605302	-0.10324929168944731	0.0006587913548574217	0.00016145527682466317
ANGLE|B|F9-C4-C3	angle	angle	CG312-CG302-FGA3	B	GEO_B_REVISED	degree	0.12309149097933272	3.0	-0.00011700905158417845	0.0003861377819481841	-0.00567997422269536	-0.007235257839847779	0.000300160443218003	0.00372079480826839	-0.00020488740819828047	-0.10744801068770446	-0.00015164523813819913	-0.00010948128359872812
ANGLE|B|O1-S1-O2	angle	angle	OG2P1-SG3O1-OG2P1	B	GEO_B_REVISED	degree	0.12309149097933272	3.0	-0.03346106374277085	0.007272169586082889	0.0027674784692363103	7.16738836996347e-05	0.09999068137879176	-0.001405548206082071	0.004271917681712724	-0.0002361806614986763	-0.0003980394738872088	-0.00016548815976183585
ANGLE|B|O1-S1-O3	angle	angle	OG2P1-SG3O1-OG2P1	B	GEO_B_REVISED	degree	0.12309149097933272	3.0	-0.033987021899192386	0.005522929323453426	0.0022317981312216955	2.5341102944345167e-05	0.10489681293010768	-0.00276126685977824	-0.0010366601946577775	1.333934394710585e-05	0.00021675249050988988	-4.932463237900402e-06
ANGLE|B|O1-S1-C2	angle	angle	CG312-SG3O1-OG2P1	B	GEO_B_REVISED	degree	0.12309149097933272	3.0	0.040082285517940054	-0.005966175686997929	-0.003416523255268571	0.0012904813159673484	-0.11773781173112782	0.00705216073261405	-0.00630322486266385	-2.560197406699455e-05	0.002859428947573956	0.000252991549789369
ANGLE|B|O2-S1-O3	angle	angle	OG2P1-SG3O1-OG2P1	B	GEO_B_REVISED	degree	0.12309149097933272	3.0	-0.033620088586000345	0.006481207443637985	0.002603262415668341	-9.23560999797629e-05	0.10139701075435736	-0.0014303633988453819	0.003965155598845472	-7.075645105843535e-05	-8.43752258790944e-05	-8.367285809139446e-05
ANGLE|B|O2-S1-C2	angle	angle	CG312-SG3O1-OG2P1	B	GEO_B_REVISED	degree	0.12309149097933272	3.0	0.03711443163716927	-0.008330139856615789	-0.0013517955990122467	-0.00046994582803049333	-0.12061086062278639	-0.00496317873485615	0.008708770130252319	0.00011455996449513008	-0.0011983875436503608	-0.00011937477266274745
ANGLE|B|O3-S1-C2	angle	angle	CG312-SG3O1-OG2P1	B	GEO_B_REVISED	degree	0.12309149097933272	3.0	0.03927065781064497	-0.007917151453356096	-0.0039739676015255465	-0.0008290322378243095	-0.11475817367933872	0.004304052447788644	-0.010539776004880867	0.0002477627558653025	-0.0013682793562201801	0.00015611101176661403
ANGLE|B|C1-C3-C4	angle	angle	CG302-CG312-CG312	B	GEO_B_REVISED	degree	0.21320071635561041	3.0	-0.0026971855726350856	-0.003051863264275542	-0.08933357234212792	-0.052049545922505075	-0.0009108928026472212	0.006624956853610642	-0.00269977880302652	0.02617396989139132	0.0015869602183090645	-0.0017920780665988678
ANGLE|B|C2-C1-C3	angle	angle	CG312-CG312-CG312	B	GEO_B_REVISED	degree	0.21320071635561041	3.0	-0.0009901458112709168	-0.013005659764601005	-0.12886614736545435	-0.018686060255139154	-0.002254444720772242	0.004407131325791166	0.03345758943746809	0.007516911823603688	0.00018689733689210213	0.002883061993475467
PES|T_CC_180	profile_energy	PES	T_CC		T_CC_180	kcal/mol	0.20412414523193154	1.0	-0.06605606701169695	-0.07487317251883693	-0.009861871333830168	-0.015539445731368045	0.012148061559486922	-0.20346194145897628	0.055125957314945816	0.0010936721870819512	-0.022025263326777525	0.0021282054504557233
PES|T_CS_050	profile_energy	PES	T_CS		T_CS_050	kcal/mol	0.19611613513818404	1.0	0.02808331903319089	0.004743054831445088	-0.04147258782609441	0.028149323125917128	0.028342053399298683	0.029334787506312503	-0.016143179210672494	-0.021161093978339172	0.005622622086006749	-0.005071052071100468
PES|T_CS_060	profile_energy	PES	T_CS		T_CS_060	kcal/mol	0.19611613513818404	1.0	0.017854949887537382	0.009233971609904357	-0.015350792693600415	0.013685822940258763	0.005329613166036377	0.012917470963063954	-0.00560610510928852	-0.01073511379398739	-0.0205530885040826	-0.0035829872374951483
PES|T_CS_070	profile_energy	PES	T_CS		T_CS_070	kcal/mol	0.19611613513818404	1.0	-0.0001982764434252069	-0.0011494976647799043	-0.00366061857601255	0.003553634807177366	0.0006479055457479445	0.006044400758125938	0.006098655005934662	-0.003820175132275284	-0.003606412148796136	-0.002671288729708792
PES|T_CS_080	profile_energy	PES	T_CS		T_CS_080	kcal/mol	0.19611613513818404	1.0	-0.023086340283430023	-0.02418575756659696	-0.0040525668833433885	-0.00035966916219735864	0.01658514005674544	0.009059604241656655	0.014764609449866732	-0.002326524486883198	0.05248869116282586	-0.0029335247569090956
PES|T_CC_300_ANCHOR_ZERO	profile_anchor	PES	T_CC		T_CC_300	kcal/mol	0.20412414523193154	1.0	0.0	0.0	0.0	0.0	0.0	0.0	0.0	0.0	0.0	0.0
AB_ENERGY|GEO_B_REVISED-GEO_A	AB_energy	AB_energy	AB_energy		GEO_B_REVISED-GEO_A	kcal/mol	1.0	1.0	-0.3090983973972272	-0.2958229979063087	-0.015741384734703212	0.02053770040571168	-0.005139020057958743	-1.017877086452259	0.2301185092483271	-0.07200671793708147	-0.08099009411986158	0.018577416857075146
