observable_id	kind	block	family	geometry	source_id	unit	row_weight	observable_scale	J_h_normalized__R_OG2P1-SG3O1	J_h_normalized__R_CG312-SG3O1	J_h_normalized__R_CG312-CG312	J_h_normalized__R_CG302-CG312	J_h_normalized__TH_OG2P1-SG3O1-OG2P1	J_h_normalized__TH_FGA2-CG312-FGA2	J_h_normalized__TH_CG312-CG312-SG3O1	J_h_normalized__TH_FGA3-CG302-FGA3	J_h_normalized__LAMBDA_CS	J_h_normalized__LAMBDA_CC
BOND|A|S1-O1	bond	bond	OG2P1-SG3O1	A	GEO_A	angstrom	0.16666666666666666	0.03	0.4772925585153445	-0.0014972097554768716	-0.0013803639410084024	0.0009977821991660443	-0.018608178350273025	0.0003450029385972571	0.0002300174753136177	-0.0005262056569797933	-0.0011295022522037376	-5.167714002397695e-05
BOND|A|S1-O2	bond	bond	OG2P1-SG3O1	A	GEO_A	angstrom	0.16666666666666666	0.03	0.47652192489516176	-0.003923567471931911	-0.00022201995955286848	-0.00021649317383243272	-0.015623512450256713	0.001010412013428367	-9.3099270527376e-05	0.0006102764115753809	7.301102211081872e-05	-0.0002588078038483981
BOND|A|S1-O3	bond	bond	OG2P1-SG3O1	A	GEO_A	angstrom	0.16666666666666666	0.03	0.476273329572125	-0.002278294497627521	-0.00038691029324855464	-0.000669491418630535	-0.017560906758936252	0.0008933631972672815	-0.0004715223830831227	0.0003477999811978765	6.530511401401126e-05	0.0003717785030758295
BOND|A|S1-C2	bond	bond	CG312-SG3O1	A	GEO_A	angstrom	0.2886751345948129	0.03	-0.03923494695617427	0.6881396631792966	-0.10821762931813293	-0.004148899714986133	0.05342695212539042	0.04418224072708848	-0.03790605093243375	0.0038565279807440175	-0.004866466145055991	0.000438444234123578
BOND|A|F1-C1	bond	bond	CG312-FGA2	A	GEO_A	angstrom	0.11785113019775793	0.03	-0.0013186642131348923	-0.00269585044637454	-0.013149322132845186	-0.0011351053681660733	-0.00012553710169707253	-0.0024129945643225985	-0.0004255232118903683	0.0005041098576299874	-0.0001961802434551356	-2.161334111681002e-06
BOND|A|F2-C1	bond	bond	CG312-FGA2	A	GEO_A	angstrom	0.11785113019775793	0.03	-0.00091228451386655	-0.0014927770481622017	-0.015711143608939004	-0.0031128932115936166	0.0012873735704502542	-0.0012608423628895095	0.00014754271682902357	-0.000245657618558266	0.00027836780637621744	-8.61178897243613e-05
BOND|A|F3-C2	bond	bond	CG312-FGA2	A	GEO_A	angstrom	0.11785113019775793	0.03	-0.002429041996766166	-0.015126972140197835	-0.0070311593372915935	-6.206773650982311e-05	0.001725145250494814	-0.0002829197765611205	0.002921346725719618	-0.0004898773523219934	-0.00011746166548702163	-0.0003557757726270473
BOND|A|F4-C2	bond	bond	CG312-FGA2	A	GEO_A	angstrom	0.11785113019775793	0.03	-0.002259036317313708	-0.014882237644244274	-0.012126397788700121	-0.0006354566773065052	0.0019271434197905264	-0.0001033960451167416	0.0033873491218015532	0.0005300055737637162	0.0005901793838246928	0.00023002820033246125
BOND|A|F5-C3	bond	bond	CG312-FGA2	A	GEO_A	angstrom	0.11785113019775793	0.03	-0.0013081444639895193	-0.0009119324800694125	-0.005329073996564595	-0.003728420242476237	0.0006816429542524888	-0.0051102516735271235	0.0002638974465535585	0.0019271173276124284	-0.00012778932473221717	-8.977552728748231e-08
BOND|A|F6-C3	bond	bond	CG312-FGA2	A	GEO_A	angstrom	0.11785113019775793	0.03	-0.0007843633877665023	-0.0003676281247149607	-0.010296791865368936	-0.0051844504804328334	0.0007691345830277896	-0.0024933765138202483	-0.00021851484941945023	0.0031346539715655136	0.00031345709354202304	8.181424276552903e-05
BOND|A|F7-C4	bond	bond	CG302-FGA3	A	GEO_A	angstrom	0.16666666666666666	0.03	-0.001014539520110485	0.0006306438738260903	-0.003236630794002505	-0.004162368724259914	-0.000668803339888403	0.0005814352189992266	0.0002802860597907032	-0.03641422812566038	0.00037777743445833854	0.000518940004548243
BOND|A|F8-C4	bond	bond	CG302-FGA3	A	GEO_A	angstrom	0.16666666666666666	0.03	-0.0006926501754625194	-0.00032365280558696894	-0.002733046306737899	-0.013037317477957196	0.0009849303082349386	0.0016683884129200766	-3.264036681679035e-05	-0.029593318282111137	0.00023675629247223008	4.652697538354289e-05
BOND|A|F9-C4	bond	bond	CG302-FGA3	A	GEO_A	angstrom	0.16666666666666666	0.03	1.5214910380972272e-06	-0.0003379327132445474	-0.0028208779632412887	-0.008304648328818744	0.0005824607719751017	0.0011468919227992152	-0.00018208072610461891	-0.03308439290091663	-6.1003150531036e-05	-0.00042044548419988774
BOND|A|C1-C2	bond	bond	CG312-CG312	A	GEO_A	angstrom	0.20412414523193154	0.03	-0.004102545472273893	-0.04575045083310928	0.5486422858673717	-0.006516225737449084	0.00430411267223528	0.023391570815511947	-0.02968790629667476	0.0006909113753988705	0.0013188116785500434	3.051293719306618e-05
BOND|A|C1-C3	bond	bond	CG312-CG312	A	GEO_A	angstrom	0.20412414523193154	0.03	-0.000996067785290193	-0.0062878893780854775	0.5576848825137993	-0.03218226065165148	-0.00036052403392379496	0.02553147147041575	-0.006016499847967415	0.011449922596670352	-0.0003888035605109285	-3.96302881295468e-05
BOND|A|C3-C4	bond	bond	CG302-CG312	A	GEO_A	angstrom	0.2886751345948129	0.03	-0.00010989387056278973	-0.003973609833406409	-0.05661016797099324	0.8723188820597633	0.005331287612811868	0.014942036500004613	-0.001065922359517077	0.04767238632921674	-0.0012631228915640459	-0.0011809907158329218
ANGLE|A|S1-C2-F3	angle	angle	FGA2-CG312-SG3O1	A	GEO_A	degree	0.15075567228888181	3.0	-0.007183355696058937	-0.02949814218301564	0.04827536071338441	-0.0024115657534510893	-0.000524630359005854	-0.05137900914822146	-0.017444291699631655	0.00302941483314487	0.0014292303629283739	0.0019285370814071823
ANGLE|A|S1-C2-F4	angle	angle	FGA2-CG312-SG3O1	A	GEO_A	degree	0.15075567228888181	3.0	-0.010536627582908702	-0.032997343925345965	0.0608898615373051	0.005878427120939745	0.004190242430146768	-0.04550275502240877	-0.018154523253448046	-0.004337034560760371	-0.00361563159328252	-0.0021243201760019876
ANGLE|A|S1-C2-C1	angle	angle	CG312-CG312-SG3O1	A	GEO_A	degree	0.21320071635561041	3.0	-0.0025274947536789876	-0.06758289305212385	-0.1332640815137532	-0.003400095262259466	0.035099198168081984	0.012234248109224853	0.11668106412168176	0.001935923109911849	0.0036014690239149346	0.0007013267501697888
ANGLE|A|F1-C1-F2	angle	angle	FGA2-CG312-FGA2	A	GEO_A	degree	0.12309149097933272	3.0	0.0003810158222490656	0.003549986362274232	0.01048299445232421	0.005013821173032719	-0.0029793564986594786	0.1708825396949202	0.004700762075442783	-0.0017716142990530314	0.0014380381627051666	0.0014380049054011899
ANGLE|A|F1-C1-C2	angle	angle	CG312-CG312-FGA2	A	GEO_A	degree	0.07537783614444091	3.0	-0.0022444974565750614	-0.004184222343500293	0.015383001374598589	0.00427440657290168	0.0032151274895817787	-0.014828401813027735	-0.008965923448478939	-0.0014466833318312574	-0.0004448818709850353	0.0010752356181355626
ANGLE|A|F1-C1-C3	angle	angle	CG312-CG312-FGA2	A	GEO_A	degree	0.07537783614444091	3.0	0.001330692958598023	0.003684865974787114	0.007275367643267478	0.0026401743841101143	-0.001961430784315489	-0.03271865415070977	-0.0018662942870594306	-0.0001431828713026288	-0.0018559088562023322	-0.0025737403365276045
ANGLE|A|F2-C1-C2	angle	angle	CG312-CG312-FGA2	A	GEO_A	degree	0.07537783614444091	3.0	0.00017216079275193263	-0.002640644743094502	0.000251976952787201	0.0025247447023185503	-0.0007916537140953761	-0.03191402000863863	0.014574766607844387	-0.0009209743918228423	-0.0015252506090604006	0.0014364705085126571
ANGLE|A|F2-C1-C3	angle	angle	CG312-CG312-FGA2	A	GEO_A	degree	0.07537783614444091	3.0	0.0012159413840442943	0.004335233428354246	0.004527437403726665	-0.007222432787115423	-0.002745637229431948	-0.014849338264811069	0.006356349495225522	0.0009552412678417606	-0.0014855755674489607	0.001109772714348794
ANGLE|A|F3-C2-F4	angle	angle	FGA2-CG312-FGA2	A	GEO_A	degree	0.12309149097933272	3.0	0.001900571454569854	0.01138071893180679	0.013533224445567357	0.0006156216972193888	-0.000938525623765438	0.17116618982572002	-0.004866527837637503	-0.0009651463219878068	0.002103295425054959	-0.0004213634173907985
ANGLE|A|F3-C2-C1	angle	angle	CG312-CG312-FGA2	A	GEO_A	degree	0.07537783614444091	3.0	0.004932341236436651	0.026138693736021474	-0.003668168055585917	-0.0005731173073624395	-0.007055948794219445	-0.02318242124686851	-0.013044528090210913	0.000867552996389442	-0.0001798154702834516	0.0008422769543349719
ANGLE|A|F4-C2-C1	angle	angle	CG312-CG312-FGA2	A	GEO_A	degree	0.07537783614444091	3.0	0.0033037949222237965	0.022917921977899307	-0.004467165586070964	2.7597078793530074e-05	-0.0074988387174759075	-0.029086534919151797	-0.011914488389293968	-0.0006041979065992541	-0.0014107835582469971	-0.00088927446169356
ANGLE|A|F5-C3-F6	angle	angle	FGA2-CG312-FGA2	A	GEO_A	degree	0.12309149097933272	3.0	0.0016064880917056512	0.0004810901490347868	0.011431510254905719	0.002144340682884007	-0.0018254570130950664	0.17013936418508532	0.0023369848628556674	-0.0013407309962476946	-0.0013108444283690436	0.0002788219638432393
ANGLE|A|F5-C3-C1	angle	angle	CG312-CG312-FGA2	A	GEO_A	degree	0.07537783614444091	3.0	-0.002663028518780336	0.0013805654055174042	-0.0019899579585904263	0.014149905580117113	0.0003681029998801174	-0.01943271374522323	-0.0026618311200220287	-0.007183764862491869	1.1444691028596307e-07	0.0002574626769704567
ANGLE|A|F5-C3-C4	angle	angle	CG302-CG312-FGA2	A	GEO_A	degree	0.15075567228888181	3.0	0.0017466241981851623	-0.002908581780182542	0.0411850540443689	0.0019927070523490685	0.005606073022166316	-0.05858899743108229	-0.002269926548875891	-0.00012676983515686496	0.0025219066237523106	-0.0017180716178982734
ANGLE|A|F6-C3-C1	angle	angle	CG312-CG312-FGA2	A	GEO_A	degree	0.07537783614444091	3.0	0.0008046861822354674	-0.0011831982506883385	-0.011996158773648328	0.013166448339437616	-0.00048413454230430703	-0.024514325919340527	0.0005642997646407678	-0.007742469444524486	-0.000477977857855981	-0.00038424161063481404
ANGLE|A|F6-C3-C4	angle	angle	CG302-CG312-FGA2	A	GEO_A	degree	0.15075567228888181	3.0	0.0007481412811745094	0.0034046420584021558	0.04756211152382126	-0.014828935045282592	-0.006835560042141069	-0.04851837022229287	0.002555248561117944	0.00842159715483499	-0.000626037976742656	0.0005936043324523088
ANGLE|A|F7-C4-F8	angle	angle	FGA3-CG302-FGA3	A	GEO_A	degree	0.12309149097933272	3.0	0.000978462805109602	0.0004557447009404072	0.0051365343213981614	0.012122533918844037	-0.0009705405042169246	-0.0017537142743587577	-0.00019619161178289926	0.12455775172702953	0.00024819826617196466	-0.0002776685041949672
ANGLE|A|F7-C4-F9	angle	angle	FGA3-CG302-FGA3	A	GEO_A	degree	0.12309149097933272	3.0	-0.00012396577753565475	0.0012615547149071999	0.002407068172662388	0.00841722566412821	-0.0016410163503953247	-0.002191574677348246	0.00048039562838513174	0.12803300406414497	0.00021545640947345158	0.0005698129700410471
ANGLE|A|F7-C4-C3	angle	angle	CG312-CG302-FGA3	A	GEO_A	degree	0.12309149097933272	3.0	-0.0012021176743507301	-0.003576077267837539	-0.004290211852903776	-0.0028307331395967836	0.006516246877016892	0.00445465163697057	-0.00012159435575465181	-0.11225972463283725	-0.0005296816743915099	-0.000256014810817606
ANGLE|A|F8-C4-F9	angle	angle	FGA3-CG302-FGA3	A	GEO_A	degree	0.12309149097933272	3.0	5.2468201672430905e-05	0.000156509664946559	0.003404517799872581	0.01035672953649001	-0.000734277283153344	-0.0011785270090907266	0.0003232404380473898	0.1263822999502662	0.0002378622359468039	0.00017288661848576976
ANGLE|A|F8-C4-C3	angle	angle	CG312-CG302-FGA3	A	GEO_A	degree	0.12309149097933272	3.0	0.0007780904650049056	0.0012271292346538575	0.0010910331465618518	-0.013287189767923263	-0.0023129618380582618	-0.004091229054905911	0.00026089660551353595	-0.10578416551790894	-1.6519008847139322e-05	0.0003777101565073351
ANGLE|A|F9-C4-C3	angle	angle	CG312-CG302-FGA3	A	GEO_A	degree	0.12309149097933272	3.0	-0.0003088043883889712	0.0008013256444205766	-0.005955090418898795	-0.010157025789682842	-0.0014678934750813894	0.0038605068324057295	-0.0006503944470335208	-0.10299293974127967	-4.067412340448237e-05	-0.0005143267590738785
ANGLE|A|O1-S1-O2	angle	angle	OG2P1-SG3O1-OG2P1	A	GEO_A	degree	0.12309149097933272	3.0	-0.034934546451987056	0.007939852682904884	0.0017749729559669843	0.0003350265579944403	0.10025609400309222	-0.0030838474159414412	0.004499137991821739	-0.0010753108613212367	-0.001158815610769734	-3.1010076115849883e-06
ANGLE|A|O1-S1-O3	angle	angle	OG2P1-SG3O1-OG2P1	A	GEO_A	degree	0.12309149097933272	3.0	-0.03461028788487997	0.006333754713800326	0.0015454225852367602	0.0008241708213522267	0.1044295313976837	-0.0011859182203625787	-0.0008167431891779552	-0.0006478257770142745	0.0017793191468168012	-7.537717825308671e-06
ANGLE|A|O1-S1-C2	angle	angle	CG312-SG3O1-OG2P1	A	GEO_A	degree	0.12309149097933272	3.0	0.04090557627456835	-0.008848811979557888	-0.002104537678455265	-0.004115033933087162	-0.11659459237148874	0.008210260146904217	-0.0035751221902351814	0.004007629593660461	0.0052821144914313245	-0.0006569772702468922
ANGLE|A|O2-S1-O3	angle	angle	OG2P1-SG3O1-OG2P1	A	GEO_A	degree	0.12309149097933272	3.0	-0.03475553589151804	0.0070634636617314195	0.00023469616576456877	0.0013103602547883608	0.10063783930402684	-0.0029972388883040177	0.004054211507133148	-0.001344069518795777	5.082394738672237e-05	-6.771988538808905e-05
ANGLE|A|O2-S1-C2	angle	angle	CG312-SG3O1-OG2P1	A	GEO_A	degree	0.12309149097933272	3.0	0.037296900001393886	-0.007015157278707023	-0.003362890196121644	0.0025072608490930813	-0.12158526785791347	-0.006264745575974946	0.00893208195625568	-0.001340807337445845	-0.002613759729431348	-0.000476455882198468
ANGLE|A|O3-S1-C2	angle	angle	CG312-SG3O1-OG2P1	A	GEO_A	degree	0.12309149097933272	3.0	0.04195388068599406	-0.00870547677707609	0.0013485145240873472	-0.0012342957077507385	-0.11371240630236108	0.006367400088589143	-0.014116781332146963	0.0008642507078831311	-0.0034366848371305543	0.0012120983867106238
ANGLE|A|C1-C3-C4	angle	angle	CG302-CG312-CG312	A	GEO_A	degree	0.21320071635561041	3.0	-7.601018513850309e-05	-0.001608827686636388	-0.08923851301303555	-0.05752837874768277	0.003122293036412103	0.017035847218759774	0.0026827271903889067	0.02988898252503027	0.000308809388814188	0.0014163779650095388
ANGLE|A|C2-C1-C3	angle	angle	CG312-CG312-CG312	A	GEO_A	degree	0.21320071635561041	3.0	-0.0014025713253474606	-0.006813364406979304	-0.08070368528665138	-0.01257376449927959	0.008644696448553089	0.028863988009882397	-0.02750987487126045	0.006059455180867021	0.01119731594541738	-0.0038598337511169603
BOND|B|S1-O1	bond	bond	OG2P1-SG3O1	B	GEO_B_REVISED	angstrom	0.16666666666666666	0.03	0.4764649683775792	-0.002557543825887354	-0.0010994580240675234	-0.0003523513107580219	-0.016912036339133962	0.0005561405285027366	-0.0002346485596907113	-0.00012957764429037214	-0.0004435754309849314	0.00011211478847774871
BOND|B|S1-O2	bond	bond	OG2P1-SG3O1	B	GEO_B_REVISED	angstrom	0.16666666666666666	0.03	0.4760426433899129	-0.00316488143564047	-0.0006732063442877529	-0.0001334539520805558	-0.01585942352518484	0.0002563096439009735	-0.00045500338611960243	0.0003949697569406564	0.0003364017870439224	-0.00021888765431052643
BOND|B|S1-O3	bond	bond	OG2P1-SG3O1	B	GEO_B_REVISED	angstrom	0.16666666666666666	0.03	0.47606734360179487	-0.0027135554771517967	-0.0006082941507785162	0.0004011352271336853	-0.01744225449644575	0.000944351111503705	-0.0003161469548805683	0.00021019876039443352	-4.1012708217201694e-05	0.0003664369970235448
BOND|B|S1-C2	bond	bond	CG312-SG3O1	B	GEO_B_REVISED	angstrom	0.2886751345948129	0.03	-0.04288320065458426	0.690827549733025	-0.11844287245403445	0.001039863541952734	0.04635829693773406	0.04513451436208668	-0.041444852771768265	0.0014653417337594542	-0.0017275462082024314	0.0015547888262395944
BOND|B|F1-C1	bond	bond	CG312-FGA2	B	GEO_B_REVISED	angstrom	0.11785113019775793	0.03	-0.0006358590045495159	-0.0036544723048912405	-0.012657404773081958	-0.0013458113940656043	-0.0009348705028116859	-0.003819899352769844	-0.0018407095060800661	0.0007670310467257415	-3.2678302430456195e-05	5.6962606250490125e-05
BOND|B|F2-C1	bond	bond	CG312-FGA2	B	GEO_B_REVISED	angstrom	0.11785113019775793	0.03	-0.0009698392973532425	-0.0023160310026291405	-0.011213591271649904	-0.002637540604700479	9.219502736040289e-05	-0.0010486524011306675	-0.0008320255678348533	-0.00028379951866477416	0.0001407090470268012	-6.252213141190803e-05
BOND|B|F3-C2	bond	bond	CG312-FGA2	B	GEO_B_REVISED	angstrom	0.11785113019775793	0.03	-0.0022355070111016416	-0.014961490462430635	-0.008226605401784394	0.0001386956858601975	0.002199068425179622	-0.0021472325700965115	0.0029181371708703876	5.298040885218547e-05	3.891672336354009e-05	7.863733337683014e-05
BOND|B|F4-C2	bond	bond	CG312-FGA2	B	GEO_B_REVISED	angstrom	0.11785113019775793	0.03	-0.0019972121242658944	-0.014370934996888907	-0.008354730638835536	-0.0016241277634452744	0.0018789256117655155	-0.00025732122470493296	0.0028084687360337697	0.0006404116074882219	0.0006184380505651515	-3.195883828710149e-05
BOND|B|F5-C3	bond	bond	CG312-FGA2	B	GEO_B_REVISED	angstrom	0.11785113019775793	0.03	-0.0002738741269620043	0.0002964689442273783	-0.008132520806078602	-0.004567739260125055	0.00040003977557368994	-0.0026356051369656095	-0.00017088316805038037	0.002449222703806902	0.0001415922838815017	-4.439874962038684e-05
BOND|B|F6-C3	bond	bond	CG312-FGA2	B	GEO_B_REVISED	angstrom	0.11785113019775793	0.03	-0.0008572082569164578	-0.0008990272999362898	-0.010957842318683266	-0.005346699836214202	0.0004187038527525584	-0.003581543718125718	-0.0005025767777458784	0.0032271536505382565	-0.0002581373173276	0.0001764368991039594
BOND|B|F7-C4	bond	bond	CG302-FGA3	B	GEO_B_REVISED	angstrom	0.16666666666666666	0.03	-0.0007019807324007112	0.00020107344348800163	-0.005662126458990298	-0.006477301890023885	0.00014560476230582626	0.002475346065600798	0.00017635636006479375	-0.03421126782259747	0.0005078520958397744	-4.2912858100319085e-05
BOND|B|F8-C4	bond	bond	CG302-FGA3	B	GEO_B_REVISED	angstrom	0.16666666666666666	0.03	-0.0007246739691040776	-8.36764971694986e-05	-0.0027987107777836958	-0.012991990932501954	3.610421421397348e-05	0.00039915189883887864	-0.00027343375417580396	-0.029662278918738155	0.0003219539757879117	2.998287100079248e-05
BOND|B|F9-C4	bond	bond	CG302-FGA3	B	GEO_B_REVISED	angstrom	0.16666666666666666	0.03	-0.0002427412917831933	-9.355966201773924e-05	-0.0025112992610247056	-0.00748326888582667	0.0004977612748214966	0.000963050169950414	2.623781535556387e-05	-0.03333925960615707	-0.00039150174720633163	3.136983029511992e-05
BOND|B|C1-C2	bond	bond	CG312-CG312	B	GEO_B_REVISED	angstrom	0.20412414523193154	0.03	-0.005333986280088647	-0.05115458914427203	0.5468420357929845	-0.008147005087504716	0.007144008719993323	0.01701228990063026	-0.03271173844105135	-0.00022608075490837578	4.205557445450792e-05	0.00019438928380335763
BOND|B|C1-C3	bond	bond	CG312-CG312	B	GEO_B_REVISED	angstrom	0.20412414523193154	0.03	-0.001355758148925222	-0.006240076503681235	0.5471155761339858	-0.03367155173002061	0.0011728753913613854	0.020561379146152765	-0.0023874373083127504	0.011619076056859091	-0.0006164899943771366	-0.000509607522791725
BOND|B|C3-C4	bond	bond	CG302-CG312	B	GEO_B_REVISED	angstrom	0.2886751345948129	0.03	-0.0003811476111268133	9.595604637149754e-06	-0.05571943641144199	0.8737938854990834	0.000326394940832572	0.009994669773403091	-0.002228297195289436	0.046437360968842226	-0.0018560314132166481	0.00013429004955910952
ANGLE|B|S1-C2-F3	angle	angle	FGA2-CG312-SG3O1	B	GEO_B_REVISED	degree	0.15075567228888181	3.0	-0.005423019286114011	-0.026091346114081926	0.05823663334028424	0.0007167151264216287	-0.002677220876983271	-0.03934418005994196	-0.016671023876125703	-4.58243643682724e-05	0.0029556904307537508	-0.0010378379287325737
ANGLE|B|S1-C2-F4	angle	angle	FGA2-CG312-SG3O1	B	GEO_B_REVISED	degree	0.15075567228888181	3.0	-0.00882320244443223	-0.03460442742719032	0.06344144852099437	0.001632365294171517	0.008173124401653306	-0.04138473381816931	-0.0169962597487271	-0.002146438974641166	-0.0015747253422862136	0.000836391918200625
ANGLE|B|S1-C2-C1	angle	angle	CG312-CG312-SG3O1	B	GEO_B_REVISED	degree	0.21320071635561041	3.0	-0.008715398085464177	-0.07031453824534163	-0.1304067804726243	-0.0065160230243571475	0.03054894446240959	-0.02934149798097008	0.11254873640710174	0.0025855422645719543	0.0008390330986577369	0.002444819781977757
ANGLE|B|F1-C1-F2	angle	angle	FGA2-CG312-FGA2	B	GEO_B_REVISED	degree	0.12309149097933272	3.0	0.0002201551341056404	0.0028659572281250303	0.009454907147326863	0.0042484337141440245	-0.002373194004405599	0.17295479225179947	-0.001608344414756832	-0.001214962323688561	-0.00029948427217559855	-0.0030539610216627315
ANGLE|B|F1-C1-C2	angle	angle	CG312-CG312-FGA2	B	GEO_B_REVISED	degree	0.07537783614444091	3.0	-0.0020551617202858308	-0.008102992688501101	0.014319107839938491	0.003925584822767953	0.0069422871328762925	-0.026702382833207167	-0.015235437792080864	-0.00033376374105674927	0.0018305764563348336	-0.0009548193994918879
ANGLE|B|F1-C1-C3	angle	angle	CG312-CG312-FGA2	B	GEO_B_REVISED	degree	0.07537783614444091	3.0	0.0015263840840162874	0.007231527029024868	0.007561845968120382	0.003731043083791717	-0.002565229796607378	-0.02633221132184976	0.005798640388224007	-0.0013200528264520426	-0.0013513127091587906	0.00039881390107125085
ANGLE|B|F2-C1-C2	angle	angle	CG312-CG312-FGA2	B	GEO_B_REVISED	degree	0.07537783614444091	3.0	-0.000508585353214135	-0.0001328785733871817	0.011406905576987076	0.004030203143221272	0.0005059208181249241	-0.023906312805339072	-0.006788756437763632	-0.0031340974707606065	-0.0009477823643382859	-0.0014694446700419036
ANGLE|B|F2-C1-C3	angle	angle	CG312-CG312-FGA2	B	GEO_B_REVISED	degree	0.07537783614444091	3.0	0.0018234312071073353	0.005406327254519266	0.010969101135277512	-0.007511269566498649	-0.0030339064785480903	-0.019405334704289536	0.004663998632180536	0.0019942755911936446	0.0005633027178853583	0.0025114075166255633
ANGLE|B|F3-C2-F4	angle	angle	FGA2-CG312-FGA2	B	GEO_B_REVISED	degree	0.12309149097933272	3.0	0.0017666264898821206	0.012256523120849832	0.007493519240015882	-0.0007735728985149922	-0.0019585930051779876	0.17126279211104625	-0.003837100511731457	0.001109701934066765	0.0015293740331901375	-0.0002286520258050579
ANGLE|B|F3-C2-C1	angle	angle	CG312-CG312-FGA2	B	GEO_B_REVISED	degree	0.07537783614444091	3.0	0.003627191862071586	0.02106040503044687	-0.00901566498853185	0.000850013681655505	-0.0032716258400830706	-0.023988955834861533	-0.012499936798535824	0.00020280918305754048	-0.000387290171964543	-3.468032707686104e-05
ANGLE|B|F4-C2-C1	angle	angle	CG312-CG312-FGA2	B	GEO_B_REVISED	degree	0.07537783614444091	3.0	0.005195116726628434	0.026175672566253038	-0.003057797130752391	0.0009083241811279803	-0.009487968452328736	-0.023064941639058797	-0.011438728986848274	-0.0007770186244295671	-0.001432586807014459	-0.0006479162048061888
ANGLE|B|F5-C3-F6	angle	angle	FGA2-CG312-FGA2	B	GEO_B_REVISED	degree	0.12309149097933272	3.0	0.0008109895072231933	0.0008245030412913559	0.010579098597336984	0.002679014475898943	-0.0006816331572707525	0.17139847728216295	1.3330351156879407e-05	-0.0015023477894407105	0.0003948319210185157	-0.0001712740962000145
ANGLE|B|F5-C3-C1	angle	angle	CG312-CG312-FGA2	B	GEO_B_REVISED	degree	0.07537783614444091	3.0	-0.0008752738188160748	-6.449769540119795e-05	-0.008021647698251753	0.013814816210865832	0.000605451561742904	-0.017100397811620704	0.0005826926170970959	-0.00711586847584242	-3.963737399787392e-05	-0.00017223389021607812
ANGLE|B|F5-C3-C4	angle	angle	CG302-CG312-FGA2	B	GEO_B_REVISED	degree	0.15075567228888181	3.0	0.0009988542353722033	-0.0005660101499496614	0.04323063481364655	-0.0010731207478324159	0.00025751917165841746	-0.06074737441568664	-4.755534371691126e-05	0.0014563970869361004	-0.00017172187892448932	0.0010264906836077675
ANGLE|B|F6-C3-C1	angle	angle	CG312-CG312-FGA2	B	GEO_B_REVISED	degree	0.07537783614444091	3.0	-9.065862110949235e-05	-0.0007165252495737384	-0.010104653019091522	0.013431500297832973	0.000735579335058287	-0.025367419405677095	-0.0015499657990251364	-0.008168925116019802	-0.00023486776200349116	0.0004894900640991895
ANGLE|B|F6-C3-C4	angle	angle	CG302-CG312-FGA2	B	GEO_B_REVISED	degree	0.15075567228888181	3.0	0.0023980011637787894	0.0044381990384522955	0.05205107375219272	-0.015807280478128093	-0.0013261707872016556	-0.041154946083316074	0.0031744563292195604	0.010798634423245416	0.0008443168168253583	0.0002718019262923903
ANGLE|B|F7-C4-F8	angle	angle	FGA3-CG302-FGA3	B	GEO_B_REVISED	degree	0.12309149097933272	3.0	0.00046320439773755393	0.00014742520287836566	0.004652134578728366	0.012413095961982952	9.179116346645862e-05	0.00014303810431281634	0.0002561323655080216	0.12479521685597898	9.482865120901943e-05	-0.00011728942220669763
ANGLE|B|F7-C4-F9	angle	angle	FGA3-CG302-FGA3	B	GEO_B_REVISED	degree	0.12309149097933272	3.0	0.00021753228239337658	-0.00023978180952413173	0.0016852394066298522	0.007646450627576235	2.5971435613301154e-05	-0.0017503766980201505	0.00012044931799941181	0.1288026116194497	0.0006516368082012979	-2.8884228432741798e-05
ANGLE|B|F7-C4-C3	angle	angle	CG312-CG302-FGA3	B	GEO_B_REVISED	degree	0.12309149097933272	3.0	-0.001996417338116419	-0.0009309272624742666	0.0002503955904692256	-0.004319325838765787	0.00033143864369199335	0.0010118862862176423	3.308963681735463e-05	-0.11131195228106315	-0.002002080900206377	6.881192859508292e-05
ANGLE|B|F8-C4-F9	angle	angle	FGA3-CG302-FGA3	B	GEO_B_REVISED	degree	0.12309149097933272	3.0	0.0008363901112748843	4.880640663599573e-05	0.0029604429780161158	0.009989499547292351	-0.0001975922649565253	-0.00036941135601722643	0.00019426649417631216	0.12663619228723244	0.000581223652835369	-2.8491135000392987e-05
ANGLE|B|F8-C4-C3	angle	angle	CG312-CG302-FGA3	B	GEO_B_REVISED	degree	0.12309149097933272	3.0	0.0005958791730230492	0.0006139175206921064	-0.002028205465097493	-0.014175966827127313	-0.00021012718452996922	-0.003159705234980251	-0.0006040587550317605	-0.10346576000123923	0.00104350636808513	0.0006290653522674856
ANGLE|B|F9-C4-C3	angle	angle	CG312-CG302-FGA3	B	GEO_B_REVISED	degree	0.12309149097933272	3.0	0.00015054746786779548	0.00037724874262356865	-0.006036727970432932	-0.007073179785200818	-6.194608332226691e-05	0.0037540626243932843	7.650424540132795e-05	-0.1077809081512638	-0.00013665331174731252	-0.0005334120057320828
ANGLE|B|O1-S1-O2	angle	angle	OG2P1-SG3O1-OG2P1	B	GEO_B_REVISED	degree	0.12309149097933272	3.0	-0.03346008679693582	0.007035844917368757	0.0025989625337034684	0.000289328329280835	0.10022711834176036	-0.0013067340334617912	0.004197324273247039	-0.00024015476118114125	-0.00042363931266122104	-0.0002256470920266578
ANGLE|B|O1-S1-O3	angle	angle	OG2P1-SG3O1-OG2P1	B	GEO_B_REVISED	degree	0.12309149097933272	3.0	-0.034300583340897396	0.005424596301300116	0.0024218963362659367	-0.00016290215163429275	0.10514009478848535	-0.002795048889383602	-0.0011730366670199821	-4.3794020684409366e-05	0.00030364404678679806	-0.0002997481640832905
ANGLE|B|O1-S1-C2	angle	angle	CG312-SG3O1-OG2P1	B	GEO_B_REVISED	degree	0.12309149097933272	3.0	0.03898624786966886	-0.00446069011241641	-0.0033869845717661	-0.0003499540430730841	-0.11808172470625863	0.006476388111041206	-0.005508941335322626	-0.0001919416953889781	0.003159528429369783	0.00030310051634945803
ANGLE|B|O2-S1-O3	angle	angle	OG2P1-SG3O1-OG2P1	B	GEO_B_REVISED	degree	0.12309149097933272	3.0	-0.03381918636155193	0.006162305744049381	0.001951523128671802	-0.000174550029720058	0.1016131260334843	-0.0013728937885605778	0.00395133246462397	-0.00027810405622817966	-1.537297389804623e-05	-0.0001691908196766882
ANGLE|B|O2-S1-C2	angle	angle	CG312-SG3O1-OG2P1	B	GEO_B_REVISED	degree	0.12309149097933272	3.0	0.03738172948148421	-0.009659404181828613	-0.0011532678170277848	8.577841857065628e-05	-0.12061890194677526	-0.0044604240848615155	0.008607090694130992	0.0006028984196541107	-0.0008780868114234391	-9.269138489982205e-05
ANGLE|B|O3-S1-C2	angle	angle	CG312-SG3O1-OG2P1	B	GEO_B_REVISED	degree	0.12309149097933272	3.0	0.040689160727858525	-0.007357360670932981	-0.0034813335927503224	0.0003217266201939794	-0.11519754655950719	0.004241547521560721	-0.010974047637776405	0.00023859601903978005	-0.0021347327590518117	0.00058709765522271
ANGLE|B|C1-C3-C4	angle	angle	CG302-CG312-CG312	B	GEO_B_REVISED	degree	0.21320071635561041	3.0	-0.002669476991811506	-0.0036976303178700475	-0.08499973568957529	-0.053026802711471775	-0.0012602029776521242	0.005705984189045502	-0.0014308741850921195	0.02625881158522564	-0.000623377173766637	-0.002160555082636238
ANGLE|B|C2-C1-C3	angle	angle	CG312-CG312-CG312	B	GEO_B_REVISED	degree	0.21320071635561041	3.0	-0.001906451530765368	-0.013844842849831826	-0.12571771647398852	-0.017223045373862458	-0.0020773241800879035	0.005126431165977272	0.033726248212110205	0.009219005059605542	0.000172903890134632	0.003427621211709949
PES|T_CC_180	profile_energy	PES	T_CC		T_CC_180	kcal/mol	0.20412414523193154	1.0	-0.06606081205735423	-0.07485296487317694	-0.009869679085556115	-0.015498510832010618	0.012154626412453184	-0.2036331479195887	0.05512139175156579	0.0011125910432489483	-0.0219776696309387	0.0021277246030759417
PES|T_CS_050	profile_energy	PES	T_CS		T_CS_050	kcal/mol	0.19611613513818404	1.0	0.028075456984119063	0.0047621142343734395	-0.04148250947542714	0.028147320116926288	0.028369765573251715	0.029333342162680243	-0.016151036617454324	-0.021168664509846252	0.005655979945465865	-0.005070923204073811
PES|T_CS_060	profile_energy	PES	T_CS		T_CS_060	kcal/mol	0.19611613513818404	1.0	0.017859554420418436	0.009240709138947737	-0.01536414164465291	0.013685360814546146	0.005337264398172916	0.012918957815855052	-0.005615545980197581	-0.010746548032604471	-0.020513466425747987	-0.003581448018907025
PES|T_CS_070	profile_energy	PES	T_CS		T_CS_070	kcal/mol	0.19611613513818404	1.0	-0.00019464112782723863	-0.001162211853548397	-0.003658399523584014	0.003544337364121041	0.000646238208517434	0.006048851278027296	0.006090680815603589	-0.003820174245440372	-0.003582870622336715	-0.0026763289741447683
PES|T_CS_080	profile_energy	PES	T_CS		T_CS_080	kcal/mol	0.19611613513818404	1.0	-0.023093608453916878	-0.024189130062317155	-0.004059823950699294	-0.00036934384488131823	0.016590660888950014	0.009060727772374615	0.014751685434235214	-0.002329862828971429	0.05251458694911771	-0.0029376554964800294
PES|T_CC_300_ANCHOR_ZERO	profile_anchor	PES	T_CC		T_CC_300	kcal/mol	0.20412414523193154	1.0	0.0	0.0	0.0	0.0	0.0	0.0	0.0	0.0	0.0	0.0
AB_ENERGY|GEO_B_REVISED-GEO_A	AB_energy	AB_energy	AB_energy		GEO_B_REVISED-GEO_A	kcal/mol	1.0	1.0	-0.30925246502151005	-0.2957784519622364	-0.01589190527724771	0.02062123720363296	-0.005197343898780682	-1.0187430126039676	0.23017061027605146	-0.07215393688097538	-0.08102745391372013	0.01856951927581285
