observable_id	kind	block	family	geometry	source_id	unit	row_weight	observable_scale	J_h_raw__R_OG2P1-SG3O1	J_h_raw__R_CG312-SG3O1	J_h_raw__R_CG312-CG312	J_h_raw__R_CG302-CG312	J_h_raw__TH_OG2P1-SG3O1-OG2P1	J_h_raw__TH_FGA2-CG312-FGA2	J_h_raw__TH_CG312-CG312-SG3O1	J_h_raw__TH_FGA3-CG302-FGA3	J_h_raw__LAMBDA_CS	J_h_raw__LAMBDA_CC
BOND|A|S1-O1	bond	bond	OG2P1-SG3O1	A	GEO_A	angstrom	0.16666666666666666	0.03	8.591266053276202	-0.026949775598583692	-0.024846550938151246	0.017960079584988797	-0.000669894420609829	1.2420105789501257e-05	8.280629111290239e-06	-1.894340365127256e-05	-0.00040662081079334556	-1.8603770408631704e-05
BOND|A|S1-O2	bond	bond	OG2P1-SG3O1	A	GEO_A	angstrom	0.16666666666666666	0.03	8.577394648112913	-0.0706242144947744	-0.003996359271951633	-0.003896877128983789	-0.0005624464482092417	3.6374832483421216e-05	-3.351573738985536e-06	2.1969950816713713e-05	2.628396795989474e-05	-9.317080938542333e-05
BOND|A|S1-O3	bond	bond	OG2P1-SG3O1	A	GEO_A	angstrom	0.16666666666666666	0.03	8.57291993229825	-0.04100930095729538	-0.0069643852784739835	-0.01205084553534963	-0.0006321926433217051	3.216107510162214e-05	-1.697480579099242e-05	1.2520799323123555e-05	2.3509841045044055e-05	0.00013384026110729863
BOND|A|S1-C2	bond	bond	CG312-SG3O1	A	GEO_A	angstrom	0.2886751345948129	0.03	-0.4077415293621822	7.151357155979254	-1.1246305935219691	-0.04311663061118409	0.0011104583468967144	0.0009183106287786735	-0.0007878624735512263	8.015642884151575e-05	-0.0010114759939860996	9.112892277451934e-05
BOND|A|F1-C1	bond	bond	CG312-FGA2	A	GEO_A	angstrom	0.11785113019775793	0.03	-0.03356771065976538	-0.06862514874106385	-0.3347270945330827	-0.028895065314893387	-6.391305784836376e-06	-0.00012284962699671276	-2.1664105104957088e-05	2.5665083913106734e-05	-9.9878673947007e-05	-1.1003716848811962e-06
BOND|A|F2-C1	bond	bond	CG312-FGA2	A	GEO_A	angstrom	0.11785113019775793	0.03	-0.023222972380554374	-0.037999899847984686	-0.3999404226987524	-0.07924132436498699	6.554236187417128e-05	-6.419161330606382e-05	7.511648802083215e-06	-1.2506844091153546e-05	0.00014172174975790597	-4.384407154001124e-05
BOND|A|F3-C2	bond	bond	CG312-FGA2	A	GEO_A	angstrom	0.11785113019775793	0.03	-0.06183331443720963	-0.3850698448495393	-0.1789840960920719	-0.0015799866256438477	8.783005717127867e-05	-1.4403923462746882e-05	0.00014873069375664905	-2.4940483039914696e-05	-5.9801716940643956e-05	-0.00018113145221265725
BOND|A|F4-C2	bond	bond	CG312-FGA2	A	GEO_A	angstrom	0.11785113019775793	0.03	-0.057505676361091496	-0.3788399216690941	-0.30868769187919476	-0.016176086124253253	9.811412499260985e-05	-5.26406721479411e-06	0.00017245566246759658	2.698347853979932e-05	0.00030047028798163566	0.0001171112402298391
BOND|A|F5-C3	bond	bond	CG312-FGA2	A	GEO_A	angstrom	0.11785113019775793	0.03	-0.0332999215653107	-0.023214011063088513	-0.13565607697496596	-0.094910084516453	3.470359358159758e-05	-0.0002601715400583071	1.343546452770017e-05	9.811279659577288e-05	-6.505970261860838e-05	-4.57062365732952e-08
BOND|A|F6-C3	bond	bond	CG312-FGA2	A	GEO_A	angstrom	0.11785113019775793	0.03	-0.0199666321345493	-0.009358284237870329	-0.2621135286888787	-0.13197456329183677	3.915794010989071e-05	-0.00012694200775009712	-1.112495989064044e-05	0.00015959052575764687	0.00015958629824730508	4.165301221714657e-05
BOND|A|F7-C4	bond	bond	CG302-FGA3	A	GEO_A	angstrom	0.16666666666666666	0.03	-0.01826171136198873	0.011351589728869627	-0.058259354292045096	-0.07492263703667845	-2.4076920235982513e-05	2.093166788397216e-05	1.0090298152465316e-05	-0.0013109122125237738	0.00013599987640500188	0.00018681840163736751
BOND|A|F8-C4	bond	bond	CG302-FGA3	A	GEO_A	angstrom	0.16666666666666666	0.03	-0.01246770315832535	-0.005825750500565441	-0.04919483352128218	-0.23467171460322955	3.5457491096457794e-05	6.0061982865122765e-05	-1.1750532054044527e-06	-0.001065359458156001	8.523226529000283e-05	1.674971113807544e-05
BOND|A|F9-C4	bond	bond	CG302-FGA3	A	GEO_A	angstrom	0.16666666666666666	0.03	2.7386838685750092e-05	-0.006082788838401854	-0.050775803338343195	-0.1494836699187374	2.0968587791103666e-05	4.128810922077175e-05	-6.554906139766281e-06	-0.0011910381444329987	-2.196113419117296e-05	-0.0001513603743119596
BOND|A|C1-C2	bond	bond	CG312-CG312	A	GEO_A	angstrom	0.20412414523193154	0.03	-0.0602948583218188	-0.6723915602604436	8.063361910135457	-0.09576856863324767	0.00012651455810908097	0.0006875689533621943	-0.0008726426635009554	2.0308563926541012e-05	0.00038764988151251956	8.968935201192352e-06
BOND|A|C1-C3	bond	bond	CG312-CG312	A	GEO_A	angstrom	0.20412414523193154	0.03	-0.014639146939110503	-0.09241272321225402	8.196260396536758	-0.4729807041947698	-1.0597199077477804e-05	0.0007504689298193368	-0.0001768482559806328	0.0003365576154744643	-0.00011428444001149174	-1.1648878113224015e-05
BOND|A|C3-C4	bond	bond	CG302-CG312	A	GEO_A	angstrom	0.2886751345948129	0.03	-0.0011420506035308975	-0.04129496472549121	-0.5883101229046117	9.065403744775157	0.00011080873218183296	0.0003105643966386795	-2.2154780203287316e-05	0.0009908519428830642	-0.0002625351629270689	-0.000245464310770771
ANGLE|A|S1-C2-F3	angle	angle	FGA2-CG312-SG3O1	A	GEO_A	degree	0.15075567228888181	3.0	-14.294697347693841	-58.7005617801708	96.06675486321592	-4.798955256880788	-0.0020880024653422424	-0.2044858745338658	-0.06942740436142714	0.012056918803054373	0.05688265023380268	0.07675480671977652
ANGLE|A|S1-C2-F4	angle	angle	FGA2-CG312-SG3O1	A	GEO_A	degree	0.15075567228888181	3.0	-20.967624148930497	-65.66388532721135	121.16929455356029	11.697922270563765	0.01667695430570859	-0.1810986784041475	-0.07225409025536322	-0.017261179609015187	-0.14390032050087598	-0.08454687550056406
ANGLE|A|S1-C2-C1	angle	angle	CG312-CG312-SG3O1	A	GEO_A	degree	0.21320071635561041	3.0	-3.5565003676580886	-95.09755999984293	-187.5191844451507	-4.7843581209008335	0.09877789934684245	0.034430226084658955	0.3283696212175826	0.005448170558722154	0.10135432240971909	0.01973708425069276
ANGLE|A|F1-C1-F2	angle	angle	FGA2-CG312-FGA2	A	GEO_A	degree	0.12309149097933272	3.0	0.9286161518176073	8.65206766291493	25.549274857880278	12.219742729108418	-0.0145226439697268	0.8329537890979566	0.02291350297917205	-0.008635597562225428	0.07009606356689346	0.07009444246520502
ANGLE|A|F1-C1-C2	angle	angle	CG312-CG312-FGA2	A	GEO_A	degree	0.07537783614444091	3.0	-8.932987087639788	-16.652994663374443	61.22357245087784	17.01192336449253	0.025592091686640117	-0.11803258813065298	-0.07136784954636965	-0.011515453925149188	-0.03541214981012786	0.08558767455795646
ANGLE|A|F1-C1-C3	angle	angle	CG312-CG312-FGA2	A	GEO_A	degree	0.07537783614444091	3.0	5.29609110580509	14.665581409339268	28.955597621532547	10.507761375841085	-0.015612791913184765	-0.2604371987119407	-0.014855514956543914	-0.001139721265239757	-0.14772847970689895	-0.20486714409756246
ANGLE|A|F2-C1-C2	angle	angle	CG312-CG312-FGA2	A	GEO_A	degree	0.07537783614444091	3.0	0.6851913038019575	-10.509633380962669	1.0028556098546915	10.0483570428338	-0.006301484000509561	-0.2540323918093179	0.11601367738852986	-0.007330863598085102	-0.12140841555634552	0.11434160877954014
ANGLE|A|F2-C1-C3	angle	angle	CG312-CG312-FGA2	A	GEO_A	degree	0.07537783614444091	3.0	4.8393856055284346	17.254011192548546	18.018973355978574	-28.744919554107184	-0.021854996401096116	-0.11819924018266903	0.050595903148867194	0.0076036244872668135	-0.11825032211874031	0.08833679270566108
ANGLE|A|F3-C2-F4	angle	angle	FGA2-CG312-FGA2	A	GEO_A	degree	0.12309149097933272	3.0	4.632094646304097	27.737219302309768	32.98333054030422	1.5004002932812455	-0.004574770926723204	0.8343364198316152	-0.023721515430118245	-0.004704531471553253	0.10252351685664962	-0.020539035511148995
ANGLE|A|F3-C2-C1	angle	angle	CG312-CG312-FGA2	A	GEO_A	degree	0.07537783614444091	3.0	19.6304702631096	104.03068755887546	-14.599124530015217	-2.2809780832560023	-0.056164643256927604	-0.18452974321878202	-0.10383313258195415	0.006905634659453597	-0.014313130714356248	0.06704439905021786
ANGLE|A|F4-C2-C1	angle	angle	CG312-CG312-FGA2	A	GEO_A	degree	0.07537783614444091	3.0	13.148937769557278	91.21217781039803	-17.77909455046256	0.10983498680161574	-0.05969000253421797	-0.23152589466815243	-0.09483813013520148	-0.004809354612739014	-0.112296953354587	-0.07078535340198755
ANGLE|A|F5-C3-F6	angle	angle	FGA2-CG312-FGA2	A	GEO_A	degree	0.12309149097933272	3.0	3.915351286082114	1.1725184540551936	27.86100850015316	5.226211818111892	-0.008898049728237822	0.8293312372679864	0.01139145286613541	-0.006535290062281263	-0.0638961028714391	0.013590962053910971
ANGLE|A|F5-C3-C1	angle	angle	CG312-CG312-FGA2	A	GEO_A	degree	0.07537783614444091	3.0	-10.598719683372337	5.494580938375293	-7.9199326766712375	56.31591315384554	0.002930062883535811	-0.15468244836308997	-0.021187908192970895	-0.057182046314459	9.109859036016132e-06	0.020493770328755545
ANGLE|A|F5-C3-C4	angle	angle	CG302-CG312-FGA2	A	GEO_A	degree	0.15075567228888181	3.0	3.4757382690813188	-5.788004662157675	81.95722274140849	3.965436965842173	0.022311888914231304	-0.23318126558639563	-0.00903419359714519	-0.000504537573540631	0.10037061632758082	-0.06837838703432908
ANGLE|A|F6-C3-C1	angle	angle	CG312-CG312-FGA2	A	GEO_A	degree	0.07537783614444091	3.0	3.2026105685503126	-4.709069580165703	-47.74410909326576	52.40180275621498	-0.0038536622996971914	-0.19513157055104813	0.004491769412638291	-0.061629278635869866	-0.038046557102546785	-0.030585246031620272
ANGLE|A|F6-C3-C4	angle	angle	CG302-CG312-FGA2	A	GEO_A	degree	0.15075567228888181	3.0	1.4887823518989762	6.775152151909936	94.6474068969323	-29.509208151452526	-0.027205185470073445	-0.1931006753602773	0.010169760867988487	0.03351753347773467	-0.024915996880423563	0.023625154136084348
ANGLE|A|F7-C4-F8	angle	angle	FGA3-CG302-FGA3	A	GEO_A	degree	0.12309149097933272	3.0	2.3847208218654714	1.1107462359447595	12.518820628130811	29.545179335457306	-0.004730824997707828	-0.008548345269389301	-0.0009563209132750217	0.6071471751752995	0.012098233478070597	-0.01353473755102641
ANGLE|A|F7-C4-F9	angle	angle	FGA3-CG302-FGA3	A	GEO_A	degree	0.12309149097933272	3.0	-0.3021308212680651	3.0746756860366986	5.8665342831858425	20.5145593667595	-0.007999007911948297	-0.01068266210724289	0.0023416515206520216	0.6240870252468156	0.010502256870523752	0.027775094712438886
ANGLE|A|F7-C4-C3	angle	angle	CG312-CG302-FGA3	A	GEO_A	degree	0.12309149097933272	3.0	-2.929815045995099	-8.71565671855734	-10.456153757104403	-6.899095421807999	0.031762943929784626	0.021713856586814018	-0.0005927023295626554	-0.5472013885266165	-0.02581892558993104	-0.012479244931427047
ANGLE|A|F8-C4-F9	angle	angle	FGA3-CG302-FGA3	A	GEO_A	degree	0.12309149097933272	3.0	0.12787610562270402	0.3814471586167656	8.297530006629472	25.241540550261732	-0.0035791781087937125	-0.005744639209652291	0.0015756106395770075	0.6160407950773106	0.011594411639066493	0.008427225169356234
ANGLE|A|F8-C4-C3	angle	angle	CG312-CG302-FGA3	A	GEO_A	degree	0.12309149097933272	3.0	1.8963710459942718	2.9907735089338416	2.6590785550197893	-32.383691989288366	-0.011274354480505622	-0.019942381178530866	0.0012717204256986747	-0.5156367739619157	-0.0008052063736840864	0.0184111909037199
ANGLE|A|F9-C4-C3	angle	angle	CG312-CG302-FGA3	A	GEO_A	degree	0.12309149097933272	3.0	-0.7526216132376362	1.9530000929677271	-14.513814979864037	-24.75482027767839	-0.00715513377928545	0.018817743460694203	-0.0031702976795173754	-0.5020311587187081	-0.001982628843677503	-0.02507046205948882
ANGLE|A|O1-S1-O2	angle	angle	OG2P1-SG3O1-OG2P1	A	GEO_A	degree	0.12309149097933272	3.0	-85.14287910734453	19.351100436921342	4.325984538439798	0.816530587115949	0.4886906147879486	-0.015031976904687383	0.021930701899989913	-0.005241520040577541	-0.05648557515470998	-0.0001511562295775093
ANGLE|A|O1-S1-O3	angle	angle	OG2P1-SG3O1-OG2P1	A	GEO_A	degree	0.12309149097933272	3.0	-84.35259239168147	15.436699962137368	3.766521730156569	2.0086786213937557	0.5090337141917516	-0.0057806671001898735	-0.003981151821363937	-0.0031577768951862595	0.08673154249706272	-0.00036742025457670024
ANGLE|A|O1-S1-C2	angle	angle	CG312-SG3O1-OG2P1	A	GEO_A	degree	0.12309149097933272	3.0	99.69554178550766	-21.56642650719931	-5.129203477132194	-10.02920811263408	-0.5683313677193098	0.04002028124730117	-0.01742665798484211	0.019534882038271917	0.2574726059164334	-0.032023851446751905
ANGLE|A|O2-S1-O3	angle	angle	OG2P1-SG3O1-OG2P1	A	GEO_A	degree	0.12309149097933272	3.0	-84.70659250691881	17.21515501729698	0.5720041992276492	3.1936251101427615	0.4905514028792979	-0.01460981030187014	0.019761941990680043	-0.006551563433518481	0.00247737420266958	-0.003300953697902287
ANGLE|A|O2-S1-C2	angle	angle	CG312-SG3O1-OG2P1	A	GEO_A	degree	0.12309149097933272	3.0	90.90043439555728	-17.097422144033203	-8.196074731159797	6.110725028541708	-0.5926580313093837	-0.030537020192696218	0.043538746107586235	-0.00653566218157664	-0.12740570653434702	-0.02322447531057037
ANGLE|A|O3-S1-C2	angle	angle	CG312-SG3O1-OG2P1	A	GEO_A	degree	0.12309149097933272	3.0	102.25048137495918	-21.217088300289788	3.286615134868498	-3.0082397197332966	-0.5542823735303699	0.03103740171442837	-0.06881116421532596	0.004212723565245824	-0.16751855760887224	0.059082803063006395
ANGLE|A|C1-C3-C4	angle	angle	CG302-CG312-CG312	A	GEO_A	degree	0.21320071635561041	3.0	-0.10695581108421948	-2.2638212208718755	-125.56971834586506	-80.94960429456677	0.008786911478864567	0.047943123766089	0.007549863535864176	0.08411505280829346	0.008690666544453052	0.039860409173684275
ANGLE|A|C2-C1-C3	angle	angle	CG312-CG312-CG312	A	GEO_A	degree	0.21320071635561041	3.0	-1.9735927946058496	-9.587253537574725	-113.56015120330198	-17.692854950318804	0.02432833227670983	0.08123046255174415	-0.07741965038815835	0.017052818445769446	0.3151204030686472	-0.10862535033922427
BOND|B|S1-O1	bond	bond	OG2P1-SG3O1	B	GEO_B_REVISED	angstrom	0.16666666666666666	0.03	8.576369430796426	-0.04603578886597237	-0.01979024443321542	-0.0063423235936443945	-0.0006088333082088226	2.002105902609852e-05	-8.447348148865608e-06	-4.664795194453397e-06	-0.00015968715515457532	4.036132385198954e-05
BOND|B|S1-O2	bond	bond	OG2P1-SG3O1	B	GEO_B_REVISED	angstrom	0.16666666666666666	0.03	8.568767581018433	-0.056967865841528464	-0.012117714197179552	-0.0024021711374500043	-0.0005709392469066543	9.227147180435047e-06	-1.638012190030569e-05	1.421891124986363e-05	0.00012110464333581206	-7.879955555178952e-05
BOND|B|S1-O3	bond	bond	OG2P1-SG3O1	B	GEO_B_REVISED	angstrom	0.16666666666666666	0.03	8.569212184832308	-0.04884399858873234	-0.010949294714013291	0.007220434088406336	-0.000627921161872047	3.3996640014133384e-05	-1.1381290375700459e-05	7.567155374199608e-06	-1.4764574958192611e-05	0.00013191731892847613
BOND|B|S1-C2	bond	bond	CG312-SG3O1	B	GEO_B_REVISED	angstrom	0.2886751345948129	0.03	-0.4456552939494651	7.179290492435486	-1.2308944373087272	0.010806578925603993	0.0009635391077822408	0.0009381032646009757	-0.0008614150885549732	3.0456555999869295e-05	-0.00035906373660354873	0.00032315678905048273
BOND|B|F1-C1	bond	bond	CG312-FGA2	B	GEO_B_REVISED	angstrom	0.11785113019775793	0.03	-0.016186327703837655	-0.09302767734409301	-0.3222049229016921	-0.03425876506590875	-4.759583558899827e-05	-0.00019447752497714355	-9.371362852395038e-05	3.905084552546789e-05	-1.6637075457293093e-05	2.900062451072216e-05
BOND|B|F2-C1	bond	bond	CG312-FGA2	B	GEO_B_REVISED	angstrom	0.11785113019775793	0.03	-0.02468807797750827	-0.05895652418630437	-0.2854514314669654	-0.06714082250058873	4.693804490751852e-06	-5.3388664124187635e-05	-4.23598263218361e-05	-1.4448712618464477e-05	7.16373513554025e-05	-3.183107262882956e-05
BOND|B|F3-C2	bond	bond	CG312-FGA2	B	GEO_B_REVISED	angstrom	0.11785113019775793	0.03	-0.056906718009841484	-0.380857369055132	-0.20941518476691456	0.003530615759750333	0.00011195828609311675	-0.00010931923519919007	0.0001485672899007584	2.697322058597962e-06	1.98131608741825e-05	4.003559401333234e-05
BOND|B|F4-C2	bond	bond	CG312-FGA2	B	GEO_B_REVISED	angstrom	0.11785113019775793	0.03	-0.05084072051531052	-0.365824281178484	-0.21267672082947442	-0.0413435431816378	9.565927498256244e-05	-1.3100657971110152e-05	0.0001429838847359921	3.2604436109195944e-05	0.0003148572522948534	-1.6270784115590686e-05
BOND|B|F5-C3	bond	bond	CG312-FGA2	B	GEO_B_REVISED	angstrom	0.11785113019775793	0.03	-0.006971697085189632	0.007546867231478238	-0.20702018196427918	-0.11627565859895217	2.0366700339780053e-05	-0.0001341831070712507	-8.699950578172633e-06	0.00012469406273984962	7.208702214933638e-05	-2.2604152991601012e-05
BOND|B|F6-C3	bond	bond	CG312-FGA2	B	GEO_B_REVISED	angstrom	0.11785113019775793	0.03	-0.021820959768770187	-0.022885498809244176	-0.27894112598569887	-0.13610475760161833	2.1316920018499275e-05	-0.00018234243721459986	-2.5587032227991635e-05	0.00016429984057630964	-0.00013142206624294772	8.982700402171417e-05
BOND|B|F7-C4	bond	bond	CG302-FGA3	B	GEO_B_REVISED	angstrom	0.16666666666666666	0.03	-0.012635653183212803	0.0036193219827840295	-0.10191827626182537	-0.11659143402042993	5.241771443009746e-06	8.911245836162873e-05	6.3488289623325755e-06	-0.001231605641613509	0.00018282675450231878	-1.544862891611487e-05
BOND|B|F8-C4	bond	bond	CG302-FGA3	B	GEO_B_REVISED	angstrom	0.16666666666666666	0.03	-0.013044131443873397	-0.0015061769490509747	-0.05037679400010653	-0.2338558367850352	1.2997517117030455e-06	1.4369468358199633e-05	-9.843615150328944e-06	-0.0010678420410745737	0.00011590343128364822	1.0793833560285293e-05
BOND|B|F9-C4	bond	bond	CG302-FGA3	B	GEO_B_REVISED	angstrom	0.16666666666666666	0.03	-0.0043693432520974795	-0.0016840739163193064	-0.0452033866984447	-0.13469883994488008	1.791940589357388e-05	3.466980611821491e-05	9.445613528002994e-07	-0.0012002133458216546	-0.0001409406289942794	1.1293138906243172e-05
BOND|B|C1-C2	bond	bond	CG312-CG312	B	GEO_B_REVISED	angstrom	0.20412414523193154	0.03	-0.07839326808734004	-0.7518158484310922	8.036903745585521	-0.11973603237747099	0.00020999011298372672	0.0005000571553541722	-0.0009615248133595378	-6.645389882264929e-06	1.2361763790380564e-05	5.7138546813995106e-05
BOND|B|C1-C3	bond	bond	CG312-CG312	B	GEO_B_REVISED	angstrom	0.20412414523193154	0.03	-0.019925494076922234	-0.091710020339697	8.040923951142641	-0.49486872351767186	3.447535488843023e-05	0.0006043786477917257	-7.017603837899955e-05	0.0003415296914627275	-0.0001812103101306306	-0.00014979340799081697
BOND|B|C3-C4	bond	bond	CG302-CG312	B	GEO_B_REVISED	angstrom	0.2886751345948129	0.03	-0.003961002165930871	9.972044856532136e-05	-0.5790533690023247	9.080732430164606	6.783991450265425e-06	0.0002077353102288848	-4.631428747925437e-05	0.0009651824228094075	-0.000385768884976212	2.791166265447842e-05
ANGLE|B|S1-C2-F3	angle	angle	FGA2-CG312-SG3O1	B	GEO_B_REVISED	degree	0.15075567228888181	3.0	-10.791672121740703	-51.92112320142428	115.88943710593469	1.4262450935476068	-0.010655204555831688	-0.15658785953161214	-0.06634983728179833	-0.00018237866743930908	0.11763499386304943	-0.04130542803366666
ANGLE|B|S1-C2-F4	angle	angle	FGA2-CG312-SG3O1	B	GEO_B_REVISED	degree	0.15075567228888181	3.0	-17.557951174516973	-68.86194111664423	126.2468885404715	3.2483659209390225	0.0325286244062184	-0.16470916094831978	-0.06764425971113752	-0.0085427192571359	-0.06267327729872818	0.03328797804428518
ANGLE|B|S1-C2-C1	angle	angle	CG312-CG312-SG3O1	B	GEO_B_REVISED	degree	0.21320071635561041	3.0	-12.263652159958838	-98.94132549919732	-183.49860549498942	-9.168857125445129	0.08597235033147399	-0.08257429472806166	0.31674022019524983	0.007276360911262714	0.023612484413746415	0.06880332741189932
ANGLE|B|F1-C1-F2	angle	angle	FGA2-CG312-FGA2	B	GEO_B_REVISED	degree	0.12309149097933272	3.0	0.5365646293356008	6.984943976199531	23.04360863314514	10.354331595976873	-0.011567951540065735	0.8430548247116718	-0.007839751076019752	-0.00592224034669897	-0.01459813037243407	-0.14886297975749585
ANGLE|B|F1-C1-C2	angle	angle	CG312-CG312-FGA2	B	GEO_B_REVISED	degree	0.07537783614444091	3.0	-8.179440371627322	-32.24950371210156	56.98932964525483	15.623630327802118	0.055259907855990775	-0.21254828367882084	-0.12127255361551903	-0.00265672583450538	0.14571204613730515	-0.07600266457600924
ANGLE|B|F1-C1-C3	angle	angle	CG312-CG312-FGA2	B	GEO_B_REVISED	degree	0.07537783614444091	3.0	6.074931951182805	28.781114179906808	30.0957669584605	14.8493639827052	-0.020418971367327288	-0.2096017556518177	0.04615659470865552	-0.010507487829094941	-0.10756313353724067	0.031745185704750156
ANGLE|B|F2-C1-C2	angle	angle	CG312-CG312-FGA2	B	GEO_B_REVISED	degree	0.07537783614444091	3.0	-2.0241441485779887	-0.5288500447235833	45.39891098145432	16.040005985971106	0.004027078865640021	-0.19029184727082793	-0.054037818953212025	-0.024947100880595485	-0.0754425236502243	-0.11696631889719811
ANGLE|B|F2-C1-C3	angle	angle	CG312-CG312-FGA2	B	GEO_B_REVISED	degree	0.07537783614444091	3.0	7.25716457399983	21.51691079653517	43.65647130381234	-29.89447542154977	-0.024149590652093877	-0.15446451394893757	0.037124960365616744	0.01587423327492843	0.04483833020671568	0.19990551427980563
ANGLE|B|F3-C2-F4	angle	angle	FGA2-CG312-FGA2	B	GEO_B_REVISED	degree	0.12309149097933272	3.0	4.305642435134871	29.871739362327787	18.26329142753025	-1.8853607808964057	-0.009547010875870399	0.8348073002371947	-0.018703651151852796	0.005409156678034321	0.07454816028413802	-0.01114546703362862
ANGLE|B|F3-C2-C1	angle	angle	CG312-CG312-FGA2	B	GEO_B_REVISED	degree	0.07537783614444091	3.0	14.436041338946382	83.81935370268678	-35.881893603004755	3.3830117384638925	-0.026041812878368376	-0.19094967747994218	-0.0994982406333591	0.0016143407141768762	-0.03082790844956662	-0.0027605191804980223
ANGLE|B|F4-C2-C1	angle	angle	CG312-CG312-FGA2	B	GEO_B_REVISED	degree	0.07537783614444091	3.0	20.67630350919103	104.17786144495267	-12.169878921277189	3.615084596169993	-0.07552327530984826	-0.183594617347687	-0.09105113310705093	-0.006184990157642289	-0.11403247004352579	-0.051573478726396615
ANGLE|B|F5-C3-F6	angle	angle	FGA2-CG312-FGA2	B	GEO_B_REVISED	degree	0.12309149097933272	3.0	1.9765529707314045	2.0094883116570372	25.78350098735882	6.529324946633608	-0.0033225683685245144	0.8354686871618497	6.497777084746303e-05	-0.007323078683121764	0.019245778138383685	-0.008348624011489392
ANGLE|B|F5-C3-C1	angle	angle	CG312-CG312-FGA2	B	GEO_B_REVISED	degree	0.07537783614444091	3.0	-3.483545815001321	-0.25669758658608544	-31.925754738622913	54.98227430299352	0.00481933358168618	-0.1361174479367051	0.004638174669651107	-0.056641597900529916	-0.003155095133422492	-0.01370964456071988
ANGLE|B|F5-C3-C4	angle	angle	CG302-CG312-FGA2	B	GEO_B_REVISED	degree	0.15075567228888181	3.0	1.9876948313921616	-1.1263459769494943	86.02787707544479	-2.1354833251834293	0.001024913362456914	-0.2417714975232812	-0.00018926787826245572	0.0057963872197603905	-0.006834444488248437	0.0408538133798686
ANGLE|B|F6-C3-C1	angle	angle	CG312-CG312-FGA2	B	GEO_B_REVISED	degree	0.07537783614444091	3.0	-0.3608167562774156	-2.8517344867822203	-40.21601124127017	53.45669623135052	0.005855137579025893	-0.2019221089637071	-0.012337571983799478	-0.06502382292083553	-0.0186952378059857	0.03896291714937661
ANGLE|B|F6-C3-C4	angle	angle	CG302-CG312-FGA2	B	GEO_B_REVISED	degree	0.15075567228888181	3.0	4.7719620642538985	8.831904573277427	103.58032894268376	-31.456090981116347	-0.005278093090893776	-0.16379461731079914	0.012634176668868236	0.04297802235614512	0.03360338502716331	0.010817580081692313
ANGLE|B|F7-C4-F8	angle	angle	FGA3-CG302-FGA3	B	GEO_B_REVISED	degree	0.12309149097933272	3.0	1.1289270949248476	0.3593064029985271	11.338235994337253	30.25334049467432	0.00044742896232463636	0.0006972282316581868	0.0012484975044344537	0.6083046806717078	0.004622349625691413	-0.005717182622788641
ANGLE|B|F7-C4-F9	angle	angle	FGA3-CG302-FGA3	B	GEO_B_REVISED	degree	0.12309149097933272	3.0	0.5301721849235719	-0.5843989887921452	4.107284898140051	18.63601756727462	0.00012659576420759322	-0.008532076510377351	0.0005871209311436587	0.6278384180482917	0.03176353473421045	-0.0014079394864552341
ANGLE|B|F7-C4-C3	angle	angle	CG312-CG302-FGA3	B	GEO_B_REVISED	degree	0.12309149097933272	3.0	-4.865691337961664	-2.268866649679069	0.610267017997046	-10.527110698880904	0.0016155721620805252	0.004932361830213949	0.00016129288817978704	-0.5425815451358176	-0.09758989273478846	0.003354184503621127
ANGLE|B|F8-C4-F9	angle	angle	FGA3-CG302-FGA3	B	GEO_B_REVISED	degree	0.12309149097933272	3.0	2.038459615576471	0.1189515365709326	7.215225734441333	24.34652338958898	-0.0009631482893794896	-0.0018006672260355572	0.000946937075653409	0.6172783737350045	0.02833129966390402	-0.0013887784496091626
ANGLE|B|F8-C4-C3	angle	angle	CG312-CG302-FGA3	B	GEO_B_REVISED	degree	0.12309149097933272	3.0	1.4522835858485905	1.4962468546144692	-4.943165727283372	-34.5498296779283	-0.0010242487901876984	-0.015401740005785314	-0.0029444379147207655	-0.504335884688949	0.05086491485883471	0.03066330648508142
ANGLE|B|F9-C4-C3	angle	angle	CG312-CG302-FGA3	B	GEO_B_REVISED	degree	0.12309149097933272	3.0	0.3669160232036006	0.9194349819523495	-14.712782961041171	-17.238835265359853	-0.0003019514159561254	0.018298889360387705	0.00037291405665484945	-0.525369742264445	-0.006661060516535144	-0.02600075772036803
ANGLE|B|O1-S1-O2	angle	angle	OG2P1-SG3O1-OG2P1	B	GEO_B_REVISED	degree	0.12309149097933272	3.0	-81.54930904822777	17.14784229532995	6.334221430805087	0.7051543375879987	0.48854937515667274	-0.006369574483493068	0.020459534155541803	-0.0011706159017350615	-0.02064997227464005	-0.010998993849113958
ANGLE|B|O1-S1-O3	angle	angle	OG2P1-SG3O1-OG2P1	B	GEO_B_REVISED	degree	0.12309149097933272	3.0	-83.59777690886006	13.220888604422498	5.902673654361479	-0.39702700082244746	0.5124973007572322	-0.013624250712112485	-0.005717876959749901	-0.00021347058356013804	0.014800895384610158	-0.014610993580390641
ANGLE|B|O1-S1-C2	angle	angle	CG312-SG3O1-OG2P1	B	GEO_B_REVISED	degree	0.12309149097933272	3.0	95.017732483754	-10.871645335335245	-8.254797821081183	-0.8529120257350087	-0.5755802798395777	0.031568655442455906	-0.026852910586228518	-0.0009356050228745971	0.15400878180443556	0.014774401411727922
ANGLE|B|O2-S1-O3	angle	angle	OG2P1-SG3O1-OG2P1	B	GEO_B_REVISED	degree	0.12309149097933272	3.0	-82.42451064443657	15.018842557729783	4.7562746534595135	-0.42541534349282983	0.49530536298668437	-0.006692065118251378	0.019260466015253996	-0.0013555968199696622	-0.0007493437820471627	-0.008247076300591516
ANGLE|B|O2-S1-C2	angle	angle	CG312-SG3O1-OG2P1	B	GEO_B_REVISED	degree	0.12309149097933272	3.0	91.107181781787	-23.542011161723053	-2.81075761090932	0.209060150027085	-0.5879475550443729	-0.021741993939826898	0.04195460121078298	0.002938781949218594	-0.04280166587165013	-0.004518170224230289
ANGLE|B|O3-S1-C2	angle	angle	CG312-SG3O1-OG2P1	B	GEO_B_REVISED	degree	0.12309149097933272	3.0	99.16809132165838	-17.93144419422532	-8.484746342055871	0.7841158254748848	-0.5615215754215654	0.020675096976148666	-0.053492150678160044	0.0011630179331234558	-0.10405590550902843	0.028617623389806113
ANGLE|B|C1-C3-C4	angle	angle	CG302-CG312-CG312	B	GEO_B_REVISED	degree	0.21320071635561041	3.0	-3.756287085863619	-5.203027055081577	-119.60522995776302	-74.6153253392805	-0.003546525544173562	0.016058062899361403	-0.0040268368968483514	0.07389884621614584	-0.017543388720895337	-0.060803409657381735
ANGLE|B|C2-C1-C3	angle	angle	CG312-CG312-CG312	B	GEO_B_REVISED	degree	0.21320071635561041	3.0	-2.6826150915724156	-19.48142072853898	-176.90050759158282	-24.234973036115548	-0.005846108443527953	0.01442705611952988	0.0949140756802791	0.025944579972879467	0.004865946787333542	0.09646181130065656
PES|T_CC_180	profile_energy	PES	T_CC		T_CC_180	kcal/mol	0.20412414523193154	1.0	-32.363056306883294	-36.670313934751285	-4.835135536926272	-7.592688662284797	0.011909053089866228	-0.19951892284787287	0.05400771348135747	0.0010901121393402935	-0.21533630532504677	0.02084735836280771
PES|T_CS_050	profile_energy	PES	T_CS		T_CS_050	kcal/mol	0.19611613513818404	1.0	14.315730301505791	2.4282113407028127	-21.152012528800057	14.352373453154987	0.028931597650812657	0.029914256817280105	-0.01647089017543024	-0.021587886682481017	0.057679904220839795	-0.05171347273900562
PES|T_CS_060	profile_energy	PES	T_CS		T_CS_060	kcal/mol	0.19611613513818404	1.0	9.106621649378587	4.711855621892968	-7.834205805568872	6.978192184392884	0.00544296306309755	0.013174803599665386	-0.005726755706500997	-0.01095937162440247	-0.20919713119263883	-0.03652374667065028
PES|T_CS_070	profile_energy	PES	T_CS		T_CS_070	kcal/mol	0.19611613513818404	1.0	-0.09924789089387973	-0.5926140920172115	-1.865425055927343	1.80726453824092	0.0006590362471319278	0.006168642140296367	0.006211300065965583	-0.0038958286045650097	-0.036538254435946466	-0.027293307327915864
PES|T_CS_080	profile_energy	PES	T_CS		T_CS_080	kcal/mol	0.19611613513818404	1.0	-11.775476014579345	-12.334084620458901	-2.070112154636705	-0.1883291472275228	0.01691922072323135	0.00924016554373805	0.015043826377509562	-0.002376003205783961	0.5355458072036323	-0.02995832540152954
PES|T_CC_300_ANCHOR_ZERO	profile_anchor	PES	T_CC		T_CC_300	kcal/mol	0.20412414523193154	1.0	0.0	0.0	0.0	0.0	0.0	0.0	0.0	0.0	0.0	0.0
AB_ENERGY|GEO_B_REVISED-GEO_A	AB_energy	AB_energy	AB_energy		GEO_B_REVISED-GEO_A	kcal/mol	1.0	1.0	-30.925246502151005	-29.577845196223638	-1.5891905277247709	2.062123720363296	-0.0010394687797561364	-0.20374860252079352	0.04603412205521029	-0.014430787376195076	-0.16205490782744025	0.0371390385516257
