section	types	line	source_path	source_sha256	raw_row
bondtypes	OG2P1-SG3O1	1528	E:\AI-App-Data\PFAS_mito_membrane_pilot\broad_pre_qm_audit_work_20260926\source_readonly_cache\ffbonded.itp	cda750df0be35f862599f276f667be608b266a7a0aee085d2f623e82796403cf	   OG2P1    SG3O1     1   0.14480000    451872.00 ; LIPID methylsulfate
bondtypes	CG312-SG3O1	5	E:\AI-App-Data\PFAS_mito_membrane_pilot\broad_pre_qm_audit_work_20260926\package\current_parameters\pfbs_ani.prm	24baf41553845380e9905f7419ca85cb0528dcd7652d596ca6ba83e003d05a56	   CG312    SG3O1     1   0.18070000    154808.00
bondtypes	CG312-FGA2	1093	E:\AI-App-Data\PFAS_mito_membrane_pilot\broad_pre_qm_audit_work_20260926\source_readonly_cache\ffbonded.itp	cda750df0be35f862599f276f667be608b266a7a0aee085d2f623e82796403cf	   CG312     FGA2     1   0.13530000    292043.20 ; FLUROALK fluoroalkanes
bondtypes	CG302-FGA3	1042	E:\AI-App-Data\PFAS_mito_membrane_pilot\broad_pre_qm_audit_work_20260926\source_readonly_cache\ffbonded.itp	cda750df0be35f862599f276f667be608b266a7a0aee085d2f623e82796403cf	   CG302     FGA3     1   0.13400000    221752.00 ; FLUROALK fluoroalkanes
bondtypes	CG312-CG312	1083	E:\AI-App-Data\PFAS_mito_membrane_pilot\broad_pre_qm_audit_work_20260926\source_readonly_cache\ffbonded.itp	cda750df0be35f862599f276f667be608b266a7a0aee085d2f623e82796403cf	   CG312    CG312     1   0.14563000    227869.01 ; aa, 23008H
bondtypes	CG302-CG312	4	E:\AI-App-Data\PFAS_mito_membrane_pilot\broad_pre_qm_audit_work_20260926\package\current_parameters\pfbs_ani.prm	24baf41553845380e9905f7419ca85cb0528dcd7652d596ca6ba83e003d05a56	   CG302    CG312     1   0.14563000    227869.01
angletypes	OG2P1-SG3O1-OG2P1	9645	E:\AI-App-Data\PFAS_mito_membrane_pilot\broad_pre_qm_audit_work_20260926\source_readonly_cache\ffbonded.itp	cda750df0be35f862599f276f667be608b266a7a0aee085d2f623e82796403cf	   OG2P1    SG3O1    OG2P1     5   109.470000  1087.840000   0.24500000     29288.00 ; LIPID methylsulfate
angletypes	CG312-SG3O1-OG2P1	16	E:\AI-App-Data\PFAS_mito_membrane_pilot\broad_pre_qm_audit_work_20260926\package\current_parameters\pfbs_ani.prm	24baf41553845380e9905f7419ca85cb0528dcd7652d596ca6ba83e003d05a56	   CG312    SG3O1    OG2P1     5    99.000000   669.440000   0.00000000         0.00
angletypes	FGA2-CG312-FGA2	6151	E:\AI-App-Data\PFAS_mito_membrane_pilot\broad_pre_qm_audit_work_20260926\source_readonly_cache\ffbonded.itp	cda750df0be35f862599f276f667be608b266a7a0aee085d2f623e82796403cf	    FGA2    CG312     FGA2     5   107.000000  1255.200000   0.21700000      8368.00 ; FLUROALK fluoroalkanes
angletypes	CG312-CG312-FGA2	6134	E:\AI-App-Data\PFAS_mito_membrane_pilot\broad_pre_qm_audit_work_20260926\source_readonly_cache\ffbonded.itp	cda750df0be35f862599f276f667be608b266a7a0aee085d2f623e82796403cf	   CG312    CG312     FGA2     5   120.931400   418.902080   0.00000000         0.00 ; aa, 23008H
angletypes	CG312-CG312-CG312	13	E:\AI-App-Data\PFAS_mito_membrane_pilot\broad_pre_qm_audit_work_20260926\package\current_parameters\pfbs_ani.prm	24baf41553845380e9905f7419ca85cb0528dcd7652d596ca6ba83e003d05a56	   CG312    CG312    CG312     5   118.610000   390.701920   0.00000000         0.00
angletypes	FGA2-CG312-SG3O1	15	E:\AI-App-Data\PFAS_mito_membrane_pilot\broad_pre_qm_audit_work_20260926\package\current_parameters\pfbs_ani.prm	24baf41553845380e9905f7419ca85cb0528dcd7652d596ca6ba83e003d05a56	   SG3O1    CG312     FGA2     5   122.000000   418.400000   0.23570000     25104.00
angletypes	CG312-CG312-SG3O1	14	E:\AI-App-Data\PFAS_mito_membrane_pilot\broad_pre_qm_audit_work_20260926\package\current_parameters\pfbs_ani.prm	24baf41553845380e9905f7419ca85cb0528dcd7652d596ca6ba83e003d05a56	   CG312    CG312    SG3O1     5   122.000000   418.400000   0.23570000     25104.00
angletypes	CG302-CG312-FGA2	12	E:\AI-App-Data\PFAS_mito_membrane_pilot\broad_pre_qm_audit_work_20260926\package\current_parameters\pfbs_ani.prm	24baf41553845380e9905f7419ca85cb0528dcd7652d596ca6ba83e003d05a56	   CG302    CG312     FGA2     5   120.930000   418.902080   0.00000000         0.00
angletypes	CG302-CG312-CG312	11	E:\AI-App-Data\PFAS_mito_membrane_pilot\broad_pre_qm_audit_work_20260926\package\current_parameters\pfbs_ani.prm	24baf41553845380e9905f7419ca85cb0528dcd7652d596ca6ba83e003d05a56	   CG302    CG312    CG312     5   118.610000   390.701920   0.00000000         0.00
angletypes	FGA3-CG302-FGA3	5705	E:\AI-App-Data\PFAS_mito_membrane_pilot\broad_pre_qm_audit_work_20260926\source_readonly_cache\ffbonded.itp	cda750df0be35f862599f276f667be608b266a7a0aee085d2f623e82796403cf	    FGA3    CG302     FGA3     5   107.000000   987.424000   0.21550000     25104.00 ; FLUROALK fluoroalkanes
angletypes	CG312-CG302-FGA3	10	E:\AI-App-Data\PFAS_mito_membrane_pilot\broad_pre_qm_audit_work_20260926\package\current_parameters\pfbs_ani.prm	24baf41553845380e9905f7419ca85cb0528dcd7652d596ca6ba83e003d05a56	   CG312    CG302     FGA3     5   120.930000   418.902080   0.00000000         0.00
dihedraltypes	FGA2-CG312-SG3O1-OG2P1	35	E:\AI-App-Data\PFAS_mito_membrane_pilot\broad_pre_qm_audit_work_20260926\package\current_parameters\pfbs_ani.prm	24baf41553845380e9905f7419ca85cb0528dcd7652d596ca6ba83e003d05a56	    FGA2    CG312    SG3O1    OG2P1     9     0.000000     0.962320     3
dihedraltypes	CG312-CG312-SG3O1-OG2P1	34	E:\AI-App-Data\PFAS_mito_membrane_pilot\broad_pre_qm_audit_work_20260926\package\current_parameters\pfbs_ani.prm	24baf41553845380e9905f7419ca85cb0528dcd7652d596ca6ba83e003d05a56	   CG312    CG312    SG3O1    OG2P1     9     0.000000     0.962320     3
dihedraltypes	FGA2-CG312-CG312-SG3O1	32	E:\AI-App-Data\PFAS_mito_membrane_pilot\broad_pre_qm_audit_work_20260926\package\current_parameters\pfbs_ani.prm	24baf41553845380e9905f7419ca85cb0528dcd7652d596ca6ba83e003d05a56	   SG3O1    CG312    CG312     FGA2     9   180.000000     4.853440     1
dihedraltypes	FGA2-CG312-CG312-FGA2	32988	E:\AI-App-Data\PFAS_mito_membrane_pilot\broad_pre_qm_audit_work_20260926\source_readonly_cache\ffbonded.itp	cda750df0be35f862599f276f667be608b266a7a0aee085d2f623e82796403cf	    FGA2    CG312    CG312     FGA2     9     0.000000     1.840960     3 ; aa, 23008H
dihedraltypes	CG312-CG312-CG312-SG3O1	27	E:\AI-App-Data\PFAS_mito_membrane_pilot\broad_pre_qm_audit_work_20260926\package\current_parameters\pfbs_ani.prm	24baf41553845380e9905f7419ca85cb0528dcd7652d596ca6ba83e003d05a56	   CG312    CG312    CG312    SG3O1     9   180.000000     3.932960     1
dihedraltypes	CG312-CG312-CG312-SG3O1	28	E:\AI-App-Data\PFAS_mito_membrane_pilot\broad_pre_qm_audit_work_20260926\package\current_parameters\pfbs_ani.prm	24baf41553845380e9905f7419ca85cb0528dcd7652d596ca6ba83e003d05a56	   CG312    CG312    CG312    SG3O1     9     0.000000     1.589920     2
dihedraltypes	CG312-CG312-CG312-SG3O1	29	E:\AI-App-Data\PFAS_mito_membrane_pilot\broad_pre_qm_audit_work_20260926\package\current_parameters\pfbs_ani.prm	24baf41553845380e9905f7419ca85cb0528dcd7652d596ca6ba83e003d05a56	   CG312    CG312    CG312    SG3O1     9     0.000000     0.460240     3
dihedraltypes	CG312-CG312-CG312-FGA2	30	E:\AI-App-Data\PFAS_mito_membrane_pilot\broad_pre_qm_audit_work_20260926\package\current_parameters\pfbs_ani.prm	24baf41553845380e9905f7419ca85cb0528dcd7652d596ca6ba83e003d05a56	   CG312    CG312    CG312     FGA2     9   180.000000     4.853440     1
dihedraltypes	CG302-CG312-CG312-FGA2	25	E:\AI-App-Data\PFAS_mito_membrane_pilot\broad_pre_qm_audit_work_20260926\package\current_parameters\pfbs_ani.prm	24baf41553845380e9905f7419ca85cb0528dcd7652d596ca6ba83e003d05a56	   CG302    CG312    CG312     FGA2     9   180.000000     4.853440     1
dihedraltypes	CG302-CG312-CG312-CG312	24	E:\AI-App-Data\PFAS_mito_membrane_pilot\broad_pre_qm_audit_work_20260926\package\current_parameters\pfbs_ani.prm	24baf41553845380e9905f7419ca85cb0528dcd7652d596ca6ba83e003d05a56	   CG302    CG312    CG312    CG312     9     0.000000     5.983120     3
dihedraltypes	FGA2-CG312-CG302-FGA3	23	E:\AI-App-Data\PFAS_mito_membrane_pilot\broad_pre_qm_audit_work_20260926\package\current_parameters\pfbs_ani.prm	24baf41553845380e9905f7419ca85cb0528dcd7652d596ca6ba83e003d05a56	    FGA3    CG302    CG312     FGA2     9     0.000000     1.840960     3
dihedraltypes	CG312-CG312-CG302-FGA3	21	E:\AI-App-Data\PFAS_mito_membrane_pilot\broad_pre_qm_audit_work_20260926\package\current_parameters\pfbs_ani.prm	24baf41553845380e9905f7419ca85cb0528dcd7652d596ca6ba83e003d05a56	    FGA3    CG302    CG312    CG312     9   180.000000     4.853440     1
dihedraltypes	CG312-CG312-CG302-FGA3	22	E:\AI-App-Data\PFAS_mito_membrane_pilot\broad_pre_qm_audit_work_20260926\package\current_parameters\pfbs_ani.prm	24baf41553845380e9905f7419ca85cb0528dcd7652d596ca6ba83e003d05a56	    FGA3    CG302    CG312    CG312     9   180.000000     0.000000     3
dihedraltypes	CG302-CG312-CG312-FGA2	26	E:\AI-App-Data\PFAS_mito_membrane_pilot\broad_pre_qm_audit_work_20260926\package\current_parameters\pfbs_ani.prm	24baf41553845380e9905f7419ca85cb0528dcd7652d596ca6ba83e003d05a56	   CG302    CG312    CG312     FGA2     9   180.000000     0.000000     3
dihedraltypes	CG312-CG312-CG312-FGA2	31	E:\AI-App-Data\PFAS_mito_membrane_pilot\broad_pre_qm_audit_work_20260926\package\current_parameters\pfbs_ani.prm	24baf41553845380e9905f7419ca85cb0528dcd7652d596ca6ba83e003d05a56	   CG312    CG312    CG312     FGA2     9   180.000000     0.000000     3
dihedraltypes	FGA2-CG312-CG312-SG3O1	33	E:\AI-App-Data\PFAS_mito_membrane_pilot\broad_pre_qm_audit_work_20260926\package\current_parameters\pfbs_ani.prm	24baf41553845380e9905f7419ca85cb0528dcd7652d596ca6ba83e003d05a56	   SG3O1    CG312    CG312     FGA2     9   180.000000     0.000000     3
