ray_id	source_id	actual_O_mapped_final_torsion_deg	amplitude_unit	qm_relative_to_grid_min_kcal_mol	baseline_mm_relative_to_CC300_kcal_mol	tangent_response_kcal_mol_per_ray	predicted_mm_at_guard_feasible_ray_kcal_mol	predicted_mm_relative_grid_min_kcal_mol	predicted_grid_min_source	inside_frozen_10deg_QM_low_tier_neighborhood	unsupported_new_well_review	pre_CS_intersection_t_max	cs_ray_t_max	feasible_intervals	crossing_boundaries	status
individual_CC_FOURIER_1_minus	T_CS_000	-0.003405236824689845	kJ/mol	4.599377251321659	8.458990653478489	0.12041413051009202	8.699818914498673	8.72439512112732	T_CS_070	False	False	2.0	2.0	[[0.0, 2.0]]	"[{""t"": 0.0, ""best_supported_index"": 7, ""best_all_index"": 7, ""best_all_supported"": true, ""unsupported_preference_kcal_mol"": 0.0, ""status"": ""PASS""}, {""t"": 2.0, ""best_supported_index"": 7, ""best_all_index"": 7, ""best_all_supported"": true, ""unsupported_preference_kcal_mol"": 0.0, ""status"": ""PASS""}]"	FIRST_ORDER_PIECEWISE_LINEAR_LOWER_ENVELOPE
individual_CC_FOURIER_1_minus	T_CS_010	10.000130009912725	kJ/mol	4.236604988220648	9.073791476707935	0.15430354773900126	9.382398572185938	9.406974778814584	T_CS_070	False	False	2.0	2.0	[[0.0, 2.0]]	"[{""t"": 0.0, ""best_supported_index"": 7, ""best_all_index"": 7, ""best_all_supported"": true, ""unsupported_preference_kcal_mol"": 0.0, ""status"": ""PASS""}, {""t"": 2.0, ""best_supported_index"": 7, ""best_all_index"": 7, ""best_all_supported"": true, ""unsupported_preference_kcal_mol"": 0.0, ""status"": ""PASS""}]"	FIRST_ORDER_PIECEWISE_LINEAR_LOWER_ENVELOPE
individual_CC_FOURIER_1_minus	T_CS_020	20.00316741891772	kJ/mol	3.5318622755485665	8.486691527868308	0.17732735602630656	8.84134623992092	8.865922446549567	T_CS_070	False	False	2.0	2.0	[[0.0, 2.0]]	"[{""t"": 0.0, ""best_supported_index"": 7, ""best_all_index"": 7, ""best_all_supported"": true, ""unsupported_preference_kcal_mol"": 0.0, ""status"": ""PASS""}, {""t"": 2.0, ""best_supported_index"": 7, ""best_all_index"": 7, ""best_all_supported"": true, ""unsupported_preference_kcal_mol"": 0.0, ""status"": ""PASS""}]"	FIRST_ORDER_PIECEWISE_LINEAR_LOWER_ENVELOPE
individual_CC_FOURIER_1_minus	T_CS_030	30.005895448121453	kJ/mol	2.5398044983406147	6.957928296985899	0.11091957304440472	7.1797674430747085	7.204343649703356	T_CS_070	False	False	2.0	2.0	[[0.0, 2.0]]	"[{""t"": 0.0, ""best_supported_index"": 7, ""best_all_index"": 7, ""best_all_supported"": true, ""unsupported_preference_kcal_mol"": 0.0, ""status"": ""PASS""}, {""t"": 2.0, ""best_supported_index"": 7, ""best_all_index"": 7, ""best_all_supported"": true, ""unsupported_preference_kcal_mol"": 0.0, ""status"": ""PASS""}]"	FIRST_ORDER_PIECEWISE_LINEAR_LOWER_ENVELOPE
individual_CC_FOURIER_1_minus	T_CS_040	40.00695905040605	kJ/mol	1.4928287862277165	4.569652927771989	0.05549154028100285	4.680636008333995	4.705212214962642	T_CS_070	True	False	2.0	2.0	[[0.0, 2.0]]	"[{""t"": 0.0, ""best_supported_index"": 7, ""best_all_index"": 7, ""best_all_supported"": true, ""unsupported_preference_kcal_mol"": 0.0, ""status"": ""PASS""}, {""t"": 2.0, ""best_supported_index"": 7, ""best_all_index"": 7, ""best_all_supported"": true, ""unsupported_preference_kcal_mol"": 0.0, ""status"": ""PASS""}]"	FIRST_ORDER_PIECEWISE_LINEAR_LOWER_ENVELOPE
individual_CC_FOURIER_1_minus	T_CS_050	50.00574720100174	kJ/mol	0.6302223230526441	2.245238196010038	0.037096722251002356	2.3194316405120428	2.3440078471406895	T_CS_070	True	False	2.0	2.0	[[0.0, 2.0]]	"[{""t"": 0.0, ""best_supported_index"": 7, ""best_all_index"": 7, ""best_all_supported"": true, ""unsupported_preference_kcal_mol"": 0.0, ""status"": ""PASS""}, {""t"": 2.0, ""best_supported_index"": 7, ""best_all_index"": 7, ""best_all_supported"": true, ""unsupported_preference_kcal_mol"": 0.0, ""status"": ""PASS""}]"	FIRST_ORDER_PIECEWISE_LINEAR_LOWER_ENVELOPE
individual_CC_FOURIER_1_minus	T_CS_060	60.00332069338076	kJ/mol	0.09656856246956406	0.5820062237119981	0.02517743854110075	0.6323611007941996	0.6569373074228465	T_CS_070	True	False	2.0	2.0	[[0.0, 2.0]]	"[{""t"": 0.0, ""best_supported_index"": 7, ""best_all_index"": 7, ""best_all_supported"": true, ""unsupported_preference_kcal_mol"": 0.0, ""status"": ""PASS""}, {""t"": 2.0, ""best_supported_index"": 7, ""best_all_index"": 7, ""best_all_supported"": true, ""unsupported_preference_kcal_mol"": 0.0, ""status"": ""PASS""}]"	FIRST_ORDER_PIECEWISE_LINEAR_LOWER_ENVELOPE
individual_CC_FOURIER_1_minus	T_CS_070	70.00011826861424	kJ/mol	0.0	-0.06079094633484704	0.018107369853100044	-0.02457620662864695	0.0	T_CS_070	True	False	2.0	2.0	[[0.0, 2.0]]	"[{""t"": 0.0, ""best_supported_index"": 7, ""best_all_index"": 7, ""best_all_supported"": true, ""unsupported_preference_kcal_mol"": 0.0, ""status"": ""PASS""}, {""t"": 2.0, ""best_supported_index"": 7, ""best_all_index"": 7, ""best_all_supported"": true, ""unsupported_preference_kcal_mol"": 0.0, ""status"": ""PASS""}]"	FIRST_ORDER_PIECEWISE_LINEAR_LOWER_ENVELOPE
individual_CC_FOURIER_1_minus	T_CS_080	79.99679970866744	kJ/mol	0.48626411947550613	0.4871339492992352	0.01985162869739983	0.5268372066940349	0.5514134133226818	T_CS_070	True	False	2.0	2.0	[[0.0, 2.0]]	"[{""t"": 0.0, ""best_supported_index"": 7, ""best_all_index"": 7, ""best_all_supported"": true, ""unsupported_preference_kcal_mol"": 0.0, ""status"": ""PASS""}, {""t"": 2.0, ""best_supported_index"": 7, ""best_all_index"": 7, ""best_all_supported"": true, ""unsupported_preference_kcal_mol"": 0.0, ""status"": ""PASS""}]"	FIRST_ORDER_PIECEWISE_LINEAR_LOWER_ENVELOPE
individual_CC_FOURIER_1_minus	T_CS_090	89.99429079978957	kJ/mol	1.5938356604323562	2.1128881361835563	0.031202987491099548	2.1752941111657553	2.199870317794402	T_CS_070	True	False	2.0	2.0	[[0.0, 2.0]]	"[{""t"": 0.0, ""best_supported_index"": 7, ""best_all_index"": 7, ""best_all_supported"": true, ""unsupported_preference_kcal_mol"": 0.0, ""status"": ""PASS""}, {""t"": 2.0, ""best_supported_index"": 7, ""best_all_index"": 7, ""best_all_supported"": true, ""unsupported_preference_kcal_mol"": 0.0, ""status"": ""PASS""}]"	FIRST_ORDER_PIECEWISE_LINEAR_LOWER_ENVELOPE
individual_CC_FOURIER_1_minus	T_CS_100	99.99309291737349	kJ/mol	3.017346738286481	4.395397253519359	0.051930819883003215	4.499258893285366	4.523835099914013	T_CS_070	False	False	2.0	2.0	[[0.0, 2.0]]	"[{""t"": 0.0, ""best_supported_index"": 7, ""best_all_index"": 7, ""best_all_supported"": true, ""unsupported_preference_kcal_mol"": 0.0, ""status"": ""PASS""}, {""t"": 2.0, ""best_supported_index"": 7, ""best_all_index"": 7, ""best_all_supported"": true, ""unsupported_preference_kcal_mol"": 0.0, ""status"": ""PASS""}]"	FIRST_ORDER_PIECEWISE_LINEAR_LOWER_ENVELOPE
individual_CC_FOURIER_1_minus	T_CS_110	109.99396751647143	kJ/mol	4.226269405243035	6.726334232993547	0.08084603654149529	6.888026306076537	6.912602512705185	T_CS_070	False	False	2.0	2.0	[[0.0, 2.0]]	"[{""t"": 0.0, ""best_supported_index"": 7, ""best_all_index"": 7, ""best_all_supported"": true, ""unsupported_preference_kcal_mol"": 0.0, ""status"": ""PASS""}, {""t"": 2.0, ""best_supported_index"": 7, ""best_all_index"": 7, ""best_all_supported"": true, ""unsupported_preference_kcal_mol"": 0.0, ""status"": ""PASS""}]"	FIRST_ORDER_PIECEWISE_LINEAR_LOWER_ENVELOPE
individual_CC_FOURIER_1_minus	T_CS_120	119.99668390452294	kJ/mol	4.593372362200989	8.446547603703156	0.11590193387550944	8.678351471454175	8.70292767808282	T_CS_070	False	False	2.0	2.0	[[0.0, 2.0]]	"[{""t"": 0.0, ""best_supported_index"": 7, ""best_all_index"": 7, ""best_all_supported"": true, ""unsupported_preference_kcal_mol"": 0.0, ""status"": ""PASS""}, {""t"": 2.0, ""best_supported_index"": 7, ""best_all_index"": 7, ""best_all_supported"": true, ""unsupported_preference_kcal_mol"": 0.0, ""status"": ""PASS""}]"	FIRST_ORDER_PIECEWISE_LINEAR_LOWER_ENVELOPE
individual_CC_FOURIER_1_plus	T_CS_000	-0.003405236824689845	kJ/mol	4.599377251321659	8.458990653478489	-0.12041413051009202	8.218162392458305	8.315168078499353	T_CS_070	False	False	2.0	2.0	[[0.0, 2.0]]	"[{""t"": 0.0, ""best_supported_index"": 7, ""best_all_index"": 7, ""best_all_supported"": true, ""unsupported_preference_kcal_mol"": 0.0, ""status"": ""PASS""}, {""t"": 2.0, ""best_supported_index"": 7, ""best_all_index"": 7, ""best_all_supported"": true, ""unsupported_preference_kcal_mol"": 0.0, ""status"": ""PASS""}]"	FIRST_ORDER_PIECEWISE_LINEAR_LOWER_ENVELOPE
individual_CC_FOURIER_1_plus	T_CS_010	10.000130009912725	kJ/mol	4.236604988220648	9.073791476707935	-0.15430354773900126	8.765184381229933	8.86219006727098	T_CS_070	False	False	2.0	2.0	[[0.0, 2.0]]	"[{""t"": 0.0, ""best_supported_index"": 7, ""best_all_index"": 7, ""best_all_supported"": true, ""unsupported_preference_kcal_mol"": 0.0, ""status"": ""PASS""}, {""t"": 2.0, ""best_supported_index"": 7, ""best_all_index"": 7, ""best_all_supported"": true, ""unsupported_preference_kcal_mol"": 0.0, ""status"": ""PASS""}]"	FIRST_ORDER_PIECEWISE_LINEAR_LOWER_ENVELOPE
individual_CC_FOURIER_1_plus	T_CS_020	20.00316741891772	kJ/mol	3.5318622755485665	8.486691527868308	-0.17732735602630656	8.132036815815695	8.229042501856743	T_CS_070	False	False	2.0	2.0	[[0.0, 2.0]]	"[{""t"": 0.0, ""best_supported_index"": 7, ""best_all_index"": 7, ""best_all_supported"": true, ""unsupported_preference_kcal_mol"": 0.0, ""status"": ""PASS""}, {""t"": 2.0, ""best_supported_index"": 7, ""best_all_index"": 7, ""best_all_supported"": true, ""unsupported_preference_kcal_mol"": 0.0, ""status"": ""PASS""}]"	FIRST_ORDER_PIECEWISE_LINEAR_LOWER_ENVELOPE
individual_CC_FOURIER_1_plus	T_CS_030	30.005895448121453	kJ/mol	2.5398044983406147	6.957928296985899	-0.11091957304440472	6.736089150897089	6.833094836938137	T_CS_070	False	False	2.0	2.0	[[0.0, 2.0]]	"[{""t"": 0.0, ""best_supported_index"": 7, ""best_all_index"": 7, ""best_all_supported"": true, ""unsupported_preference_kcal_mol"": 0.0, ""status"": ""PASS""}, {""t"": 2.0, ""best_supported_index"": 7, ""best_all_index"": 7, ""best_all_supported"": true, ""unsupported_preference_kcal_mol"": 0.0, ""status"": ""PASS""}]"	FIRST_ORDER_PIECEWISE_LINEAR_LOWER_ENVELOPE
individual_CC_FOURIER_1_plus	T_CS_040	40.00695905040605	kJ/mol	1.4928287862277165	4.569652927771989	-0.05549154028100285	4.458669847209983	4.55567553325103	T_CS_070	True	False	2.0	2.0	[[0.0, 2.0]]	"[{""t"": 0.0, ""best_supported_index"": 7, ""best_all_index"": 7, ""best_all_supported"": true, ""unsupported_preference_kcal_mol"": 0.0, ""status"": ""PASS""}, {""t"": 2.0, ""best_supported_index"": 7, ""best_all_index"": 7, ""best_all_supported"": true, ""unsupported_preference_kcal_mol"": 0.0, ""status"": ""PASS""}]"	FIRST_ORDER_PIECEWISE_LINEAR_LOWER_ENVELOPE
individual_CC_FOURIER_1_plus	T_CS_050	50.00574720100174	kJ/mol	0.6302223230526441	2.245238196010038	-0.037096722251002356	2.1710447515080333	2.2680504375490806	T_CS_070	True	False	2.0	2.0	[[0.0, 2.0]]	"[{""t"": 0.0, ""best_supported_index"": 7, ""best_all_index"": 7, ""best_all_supported"": true, ""unsupported_preference_kcal_mol"": 0.0, ""status"": ""PASS""}, {""t"": 2.0, ""best_supported_index"": 7, ""best_all_index"": 7, ""best_all_supported"": true, ""unsupported_preference_kcal_mol"": 0.0, ""status"": ""PASS""}]"	FIRST_ORDER_PIECEWISE_LINEAR_LOWER_ENVELOPE
individual_CC_FOURIER_1_plus	T_CS_060	60.00332069338076	kJ/mol	0.09656856246956406	0.5820062237119981	-0.02517743854110075	0.5316513466297965	0.6286570326708436	T_CS_070	True	False	2.0	2.0	[[0.0, 2.0]]	"[{""t"": 0.0, ""best_supported_index"": 7, ""best_all_index"": 7, ""best_all_supported"": true, ""unsupported_preference_kcal_mol"": 0.0, ""status"": ""PASS""}, {""t"": 2.0, ""best_supported_index"": 7, ""best_all_index"": 7, ""best_all_supported"": true, ""unsupported_preference_kcal_mol"": 0.0, ""status"": ""PASS""}]"	FIRST_ORDER_PIECEWISE_LINEAR_LOWER_ENVELOPE
individual_CC_FOURIER_1_plus	T_CS_070	70.00011826861424	kJ/mol	0.0	-0.06079094633484704	-0.018107369853100044	-0.09700568604104712	0.0	T_CS_070	True	False	2.0	2.0	[[0.0, 2.0]]	"[{""t"": 0.0, ""best_supported_index"": 7, ""best_all_index"": 7, ""best_all_supported"": true, ""unsupported_preference_kcal_mol"": 0.0, ""status"": ""PASS""}, {""t"": 2.0, ""best_supported_index"": 7, ""best_all_index"": 7, ""best_all_supported"": true, ""unsupported_preference_kcal_mol"": 0.0, ""status"": ""PASS""}]"	FIRST_ORDER_PIECEWISE_LINEAR_LOWER_ENVELOPE
individual_CC_FOURIER_1_plus	T_CS_080	79.99679970866744	kJ/mol	0.48626411947550613	0.4871339492992352	-0.01985162869739983	0.4474306919044355	0.5444363779454826	T_CS_070	True	False	2.0	2.0	[[0.0, 2.0]]	"[{""t"": 0.0, ""best_supported_index"": 7, ""best_all_index"": 7, ""best_all_supported"": true, ""unsupported_preference_kcal_mol"": 0.0, ""status"": ""PASS""}, {""t"": 2.0, ""best_supported_index"": 7, ""best_all_index"": 7, ""best_all_supported"": true, ""unsupported_preference_kcal_mol"": 0.0, ""status"": ""PASS""}]"	FIRST_ORDER_PIECEWISE_LINEAR_LOWER_ENVELOPE
individual_CC_FOURIER_1_plus	T_CS_090	89.99429079978957	kJ/mol	1.5938356604323562	2.1128881361835563	-0.031202987491099548	2.0504821612013573	2.1474878472424046	T_CS_070	True	False	2.0	2.0	[[0.0, 2.0]]	"[{""t"": 0.0, ""best_supported_index"": 7, ""best_all_index"": 7, ""best_all_supported"": true, ""unsupported_preference_kcal_mol"": 0.0, ""status"": ""PASS""}, {""t"": 2.0, ""best_supported_index"": 7, ""best_all_index"": 7, ""best_all_supported"": true, ""unsupported_preference_kcal_mol"": 0.0, ""status"": ""PASS""}]"	FIRST_ORDER_PIECEWISE_LINEAR_LOWER_ENVELOPE
individual_CC_FOURIER_1_plus	T_CS_100	99.99309291737349	kJ/mol	3.017346738286481	4.395397253519359	-0.051930819883003215	4.291535613753353	4.3885412997944	T_CS_070	False	False	2.0	2.0	[[0.0, 2.0]]	"[{""t"": 0.0, ""best_supported_index"": 7, ""best_all_index"": 7, ""best_all_supported"": true, ""unsupported_preference_kcal_mol"": 0.0, ""status"": ""PASS""}, {""t"": 2.0, ""best_supported_index"": 7, ""best_all_index"": 7, ""best_all_supported"": true, ""unsupported_preference_kcal_mol"": 0.0, ""status"": ""PASS""}]"	FIRST_ORDER_PIECEWISE_LINEAR_LOWER_ENVELOPE
individual_CC_FOURIER_1_plus	T_CS_110	109.99396751647143	kJ/mol	4.226269405243035	6.726334232993547	-0.08084603654149529	6.564642159910556	6.661647845951603	T_CS_070	False	False	2.0	2.0	[[0.0, 2.0]]	"[{""t"": 0.0, ""best_supported_index"": 7, ""best_all_index"": 7, ""best_all_supported"": true, ""unsupported_preference_kcal_mol"": 0.0, ""status"": ""PASS""}, {""t"": 2.0, ""best_supported_index"": 7, ""best_all_index"": 7, ""best_all_supported"": true, ""unsupported_preference_kcal_mol"": 0.0, ""status"": ""PASS""}]"	FIRST_ORDER_PIECEWISE_LINEAR_LOWER_ENVELOPE
individual_CC_FOURIER_1_plus	T_CS_120	119.99668390452294	kJ/mol	4.593372362200989	8.446547603703156	-0.11590193387550944	8.214743735952137	8.311749421993184	T_CS_070	False	False	2.0	2.0	[[0.0, 2.0]]	"[{""t"": 0.0, ""best_supported_index"": 7, ""best_all_index"": 7, ""best_all_supported"": true, ""unsupported_preference_kcal_mol"": 0.0, ""status"": ""PASS""}, {""t"": 2.0, ""best_supported_index"": 7, ""best_all_index"": 7, ""best_all_supported"": true, ""unsupported_preference_kcal_mol"": 0.0, ""status"": ""PASS""}]"	FIRST_ORDER_PIECEWISE_LINEAR_LOWER_ENVELOPE
individual_CC_FOURIER_2_minus	T_CS_000	-0.003405236824689845	kJ/mol	4.599377251321659	8.458990653478489	-0.10119727720721347	8.256596099064062	8.354602679685609	T_CS_070	False	False	2.0	2.0	[[0.0, 2.0]]	"[{""t"": 0.0, ""best_supported_index"": 7, ""best_all_index"": 7, ""best_all_supported"": true, ""unsupported_preference_kcal_mol"": 0.0, ""status"": ""PASS""}, {""t"": 2.0, ""best_supported_index"": 7, ""best_all_index"": 7, ""best_all_supported"": true, ""unsupported_preference_kcal_mol"": 0.0, ""status"": ""PASS""}]"	FIRST_ORDER_PIECEWISE_LINEAR_LOWER_ENVELOPE
individual_CC_FOURIER_2_minus	T_CS_010	10.000130009912725	kJ/mol	4.236604988220648	9.073791476707935	-0.1277057618030355	8.818379953101864	8.916386533723411	T_CS_070	False	False	2.0	2.0	[[0.0, 2.0]]	"[{""t"": 0.0, ""best_supported_index"": 7, ""best_all_index"": 7, ""best_all_supported"": true, ""unsupported_preference_kcal_mol"": 0.0, ""status"": ""PASS""}, {""t"": 2.0, ""best_supported_index"": 7, ""best_all_index"": 7, ""best_all_supported"": true, ""unsupported_preference_kcal_mol"": 0.0, ""status"": ""PASS""}]"	FIRST_ORDER_PIECEWISE_LINEAR_LOWER_ENVELOPE
individual_CC_FOURIER_2_minus	T_CS_020	20.00316741891772	kJ/mol	3.5318622755485665	8.486691527868308	-0.14591636969348845	8.19485878848133	8.292865369102877	T_CS_070	False	False	2.0	2.0	[[0.0, 2.0]]	"[{""t"": 0.0, ""best_supported_index"": 7, ""best_all_index"": 7, ""best_all_supported"": true, ""unsupported_preference_kcal_mol"": 0.0, ""status"": ""PASS""}, {""t"": 2.0, ""best_supported_index"": 7, ""best_all_index"": 7, ""best_all_supported"": true, ""unsupported_preference_kcal_mol"": 0.0, ""status"": ""PASS""}]"	FIRST_ORDER_PIECEWISE_LINEAR_LOWER_ENVELOPE
individual_CC_FOURIER_2_minus	T_CS_030	30.005895448121453	kJ/mol	2.5398044983406147	6.957928296985899	-0.09836987418785127	6.761188548610196	6.859195129231743	T_CS_070	False	False	2.0	2.0	[[0.0, 2.0]]	"[{""t"": 0.0, ""best_supported_index"": 7, ""best_all_index"": 7, ""best_all_supported"": true, ""unsupported_preference_kcal_mol"": 0.0, ""status"": ""PASS""}, {""t"": 2.0, ""best_supported_index"": 7, ""best_all_index"": 7, ""best_all_supported"": true, ""unsupported_preference_kcal_mol"": 0.0, ""status"": ""PASS""}]"	FIRST_ORDER_PIECEWISE_LINEAR_LOWER_ENVELOPE
individual_CC_FOURIER_2_minus	T_CS_040	40.00695905040605	kJ/mol	1.4928287862277165	4.569652927771989	-0.05364546946310318	4.462361988845783	4.56036856946733	T_CS_070	True	False	2.0	2.0	[[0.0, 2.0]]	"[{""t"": 0.0, ""best_supported_index"": 7, ""best_all_index"": 7, ""best_all_supported"": true, ""unsupported_preference_kcal_mol"": 0.0, ""status"": ""PASS""}, {""t"": 2.0, ""best_supported_index"": 7, ""best_all_index"": 7, ""best_all_supported"": true, ""unsupported_preference_kcal_mol"": 0.0, ""status"": ""PASS""}]"	FIRST_ORDER_PIECEWISE_LINEAR_LOWER_ENVELOPE
individual_CC_FOURIER_2_minus	T_CS_050	50.00574720100174	kJ/mol	0.6302223230526441	2.245238196010038	-0.03711391355205315	2.171010368905932	2.269016949527479	T_CS_070	True	False	2.0	2.0	[[0.0, 2.0]]	"[{""t"": 0.0, ""best_supported_index"": 7, ""best_all_index"": 7, ""best_all_supported"": true, ""unsupported_preference_kcal_mol"": 0.0, ""status"": ""PASS""}, {""t"": 2.0, ""best_supported_index"": 7, ""best_all_index"": 7, ""best_all_supported"": true, ""unsupported_preference_kcal_mol"": 0.0, ""status"": ""PASS""}]"	FIRST_ORDER_PIECEWISE_LINEAR_LOWER_ENVELOPE
individual_CC_FOURIER_2_minus	T_CS_060	60.00332069338076	kJ/mol	0.09656856246956406	0.5820062237119981	-0.025620567932550173	0.5307650878468977	0.6287716684684448	T_CS_070	True	False	2.0	2.0	[[0.0, 2.0]]	"[{""t"": 0.0, ""best_supported_index"": 7, ""best_all_index"": 7, ""best_all_supported"": true, ""unsupported_preference_kcal_mol"": 0.0, ""status"": ""PASS""}, {""t"": 2.0, ""best_supported_index"": 7, ""best_all_index"": 7, ""best_all_supported"": true, ""unsupported_preference_kcal_mol"": 0.0, ""status"": ""PASS""}]"	FIRST_ORDER_PIECEWISE_LINEAR_LOWER_ENVELOPE
individual_CC_FOURIER_2_minus	T_CS_070	70.00011826861424	kJ/mol	0.0	-0.06079094633484704	-0.01860781714335	-0.09800658062154705	0.0	T_CS_070	True	False	2.0	2.0	[[0.0, 2.0]]	"[{""t"": 0.0, ""best_supported_index"": 7, ""best_all_index"": 7, ""best_all_supported"": true, ""unsupported_preference_kcal_mol"": 0.0, ""status"": ""PASS""}, {""t"": 2.0, ""best_supported_index"": 7, ""best_all_index"": 7, ""best_all_supported"": true, ""unsupported_preference_kcal_mol"": 0.0, ""status"": ""PASS""}]"	FIRST_ORDER_PIECEWISE_LINEAR_LOWER_ENVELOPE
individual_CC_FOURIER_2_minus	T_CS_080	79.99679970866744	kJ/mol	0.48626411947550613	0.4871339492992352	-0.01956287902184997	0.44800819125553526	0.5460147718770823	T_CS_070	True	False	2.0	2.0	[[0.0, 2.0]]	"[{""t"": 0.0, ""best_supported_index"": 7, ""best_all_index"": 7, ""best_all_supported"": true, ""unsupported_preference_kcal_mol"": 0.0, ""status"": ""PASS""}, {""t"": 2.0, ""best_supported_index"": 7, ""best_all_index"": 7, ""best_all_supported"": true, ""unsupported_preference_kcal_mol"": 0.0, ""status"": ""PASS""}]"	FIRST_ORDER_PIECEWISE_LINEAR_LOWER_ENVELOPE
individual_CC_FOURIER_2_minus	T_CS_090	89.99429079978957	kJ/mol	1.5938356604323562	2.1128881361835563	-0.029065367191299946	2.0547574018009565	2.1527639824225036	T_CS_070	True	False	2.0	2.0	[[0.0, 2.0]]	"[{""t"": 0.0, ""best_supported_index"": 7, ""best_all_index"": 7, ""best_all_supported"": true, ""unsupported_preference_kcal_mol"": 0.0, ""status"": ""PASS""}, {""t"": 2.0, ""best_supported_index"": 7, ""best_all_index"": 7, ""best_all_supported"": true, ""unsupported_preference_kcal_mol"": 0.0, ""status"": ""PASS""}]"	FIRST_ORDER_PIECEWISE_LINEAR_LOWER_ENVELOPE
individual_CC_FOURIER_2_minus	T_CS_100	99.99309291737349	kJ/mol	3.017346738286481	4.395397253519359	-0.046505282754044586	4.30238668801127	4.4003932686328175	T_CS_070	False	False	2.0	2.0	[[0.0, 2.0]]	"[{""t"": 0.0, ""best_supported_index"": 7, ""best_all_index"": 7, ""best_all_supported"": true, ""unsupported_preference_kcal_mol"": 0.0, ""status"": ""PASS""}, {""t"": 2.0, ""best_supported_index"": 7, ""best_all_index"": 7, ""best_all_supported"": true, ""unsupported_preference_kcal_mol"": 0.0, ""status"": ""PASS""}]"	FIRST_ORDER_PIECEWISE_LINEAR_LOWER_ENVELOPE
individual_CC_FOURIER_2_minus	T_CS_110	109.99396751647143	kJ/mol	4.226269405243035	6.726334232993547	-0.07014982262955498	6.586034587734437	6.684041168355984	T_CS_070	False	False	2.0	2.0	[[0.0, 2.0]]	"[{""t"": 0.0, ""best_supported_index"": 7, ""best_all_index"": 7, ""best_all_supported"": true, ""unsupported_preference_kcal_mol"": 0.0, ""status"": ""PASS""}, {""t"": 2.0, ""best_supported_index"": 7, ""best_all_index"": 7, ""best_all_supported"": true, ""unsupported_preference_kcal_mol"": 0.0, ""status"": ""PASS""}]"	FIRST_ORDER_PIECEWISE_LINEAR_LOWER_ENVELOPE
individual_CC_FOURIER_2_minus	T_CS_120	119.99668390452294	kJ/mol	4.593372362200989	8.446547603703156	-0.09827124315329386	8.250005117396569	8.348011698018116	T_CS_070	False	False	2.0	2.0	[[0.0, 2.0]]	"[{""t"": 0.0, ""best_supported_index"": 7, ""best_all_index"": 7, ""best_all_supported"": true, ""unsupported_preference_kcal_mol"": 0.0, ""status"": ""PASS""}, {""t"": 2.0, ""best_supported_index"": 7, ""best_all_index"": 7, ""best_all_supported"": true, ""unsupported_preference_kcal_mol"": 0.0, ""status"": ""PASS""}]"	FIRST_ORDER_PIECEWISE_LINEAR_LOWER_ENVELOPE
individual_CC_FOURIER_2_plus	T_CS_000	-0.003405236824689845	kJ/mol	4.599377251321659	8.458990653478489	0.10119727720721347	8.661385207892916	8.684960519941063	T_CS_070	False	False	2.0	2.0	[[0.0, 2.0]]	"[{""t"": 0.0, ""best_supported_index"": 7, ""best_all_index"": 7, ""best_all_supported"": true, ""unsupported_preference_kcal_mol"": 0.0, ""status"": ""PASS""}, {""t"": 2.0, ""best_supported_index"": 7, ""best_all_index"": 7, ""best_all_supported"": true, ""unsupported_preference_kcal_mol"": 0.0, ""status"": ""PASS""}]"	FIRST_ORDER_PIECEWISE_LINEAR_LOWER_ENVELOPE
individual_CC_FOURIER_2_plus	T_CS_010	10.000130009912725	kJ/mol	4.236604988220648	9.073791476707935	0.1277057618030355	9.329203000314006	9.352778312362153	T_CS_070	False	False	2.0	2.0	[[0.0, 2.0]]	"[{""t"": 0.0, ""best_supported_index"": 7, ""best_all_index"": 7, ""best_all_supported"": true, ""unsupported_preference_kcal_mol"": 0.0, ""status"": ""PASS""}, {""t"": 2.0, ""best_supported_index"": 7, ""best_all_index"": 7, ""best_all_supported"": true, ""unsupported_preference_kcal_mol"": 0.0, ""status"": ""PASS""}]"	FIRST_ORDER_PIECEWISE_LINEAR_LOWER_ENVELOPE
individual_CC_FOURIER_2_plus	T_CS_020	20.00316741891772	kJ/mol	3.5318622755485665	8.486691527868308	0.14591636969348845	8.778524267255285	8.802099579303432	T_CS_070	False	False	2.0	2.0	[[0.0, 2.0]]	"[{""t"": 0.0, ""best_supported_index"": 7, ""best_all_index"": 7, ""best_all_supported"": true, ""unsupported_preference_kcal_mol"": 0.0, ""status"": ""PASS""}, {""t"": 2.0, ""best_supported_index"": 7, ""best_all_index"": 7, ""best_all_supported"": true, ""unsupported_preference_kcal_mol"": 0.0, ""status"": ""PASS""}]"	FIRST_ORDER_PIECEWISE_LINEAR_LOWER_ENVELOPE
individual_CC_FOURIER_2_plus	T_CS_030	30.005895448121453	kJ/mol	2.5398044983406147	6.957928296985899	0.09836987418785127	7.154668045361602	7.178243357409749	T_CS_070	False	False	2.0	2.0	[[0.0, 2.0]]	"[{""t"": 0.0, ""best_supported_index"": 7, ""best_all_index"": 7, ""best_all_supported"": true, ""unsupported_preference_kcal_mol"": 0.0, ""status"": ""PASS""}, {""t"": 2.0, ""best_supported_index"": 7, ""best_all_index"": 7, ""best_all_supported"": true, ""unsupported_preference_kcal_mol"": 0.0, ""status"": ""PASS""}]"	FIRST_ORDER_PIECEWISE_LINEAR_LOWER_ENVELOPE
individual_CC_FOURIER_2_plus	T_CS_040	40.00695905040605	kJ/mol	1.4928287862277165	4.569652927771989	0.05364546946310318	4.676943866698195	4.700519178746342	T_CS_070	True	False	2.0	2.0	[[0.0, 2.0]]	"[{""t"": 0.0, ""best_supported_index"": 7, ""best_all_index"": 7, ""best_all_supported"": true, ""unsupported_preference_kcal_mol"": 0.0, ""status"": ""PASS""}, {""t"": 2.0, ""best_supported_index"": 7, ""best_all_index"": 7, ""best_all_supported"": true, ""unsupported_preference_kcal_mol"": 0.0, ""status"": ""PASS""}]"	FIRST_ORDER_PIECEWISE_LINEAR_LOWER_ENVELOPE
individual_CC_FOURIER_2_plus	T_CS_050	50.00574720100174	kJ/mol	0.6302223230526441	2.245238196010038	0.03711391355205315	2.319466023114144	2.343041335162291	T_CS_070	True	False	2.0	2.0	[[0.0, 2.0]]	"[{""t"": 0.0, ""best_supported_index"": 7, ""best_all_index"": 7, ""best_all_supported"": true, ""unsupported_preference_kcal_mol"": 0.0, ""status"": ""PASS""}, {""t"": 2.0, ""best_supported_index"": 7, ""best_all_index"": 7, ""best_all_supported"": true, ""unsupported_preference_kcal_mol"": 0.0, ""status"": ""PASS""}]"	FIRST_ORDER_PIECEWISE_LINEAR_LOWER_ENVELOPE
individual_CC_FOURIER_2_plus	T_CS_060	60.00332069338076	kJ/mol	0.09656856246956406	0.5820062237119981	0.025620567932550173	0.6332473595770984	0.6568226716252454	T_CS_070	True	False	2.0	2.0	[[0.0, 2.0]]	"[{""t"": 0.0, ""best_supported_index"": 7, ""best_all_index"": 7, ""best_all_supported"": true, ""unsupported_preference_kcal_mol"": 0.0, ""status"": ""PASS""}, {""t"": 2.0, ""best_supported_index"": 7, ""best_all_index"": 7, ""best_all_supported"": true, ""unsupported_preference_kcal_mol"": 0.0, ""status"": ""PASS""}]"	FIRST_ORDER_PIECEWISE_LINEAR_LOWER_ENVELOPE
individual_CC_FOURIER_2_plus	T_CS_070	70.00011826861424	kJ/mol	0.0	-0.06079094633484704	0.01860781714335	-0.023575312048147036	0.0	T_CS_070	True	False	2.0	2.0	[[0.0, 2.0]]	"[{""t"": 0.0, ""best_supported_index"": 7, ""best_all_index"": 7, ""best_all_supported"": true, ""unsupported_preference_kcal_mol"": 0.0, ""status"": ""PASS""}, {""t"": 2.0, ""best_supported_index"": 7, ""best_all_index"": 7, ""best_all_supported"": true, ""unsupported_preference_kcal_mol"": 0.0, ""status"": ""PASS""}]"	FIRST_ORDER_PIECEWISE_LINEAR_LOWER_ENVELOPE
individual_CC_FOURIER_2_plus	T_CS_080	79.99679970866744	kJ/mol	0.48626411947550613	0.4871339492992352	0.01956287902184997	0.5262597073429351	0.5498350193910821	T_CS_070	True	False	2.0	2.0	[[0.0, 2.0]]	"[{""t"": 0.0, ""best_supported_index"": 7, ""best_all_index"": 7, ""best_all_supported"": true, ""unsupported_preference_kcal_mol"": 0.0, ""status"": ""PASS""}, {""t"": 2.0, ""best_supported_index"": 7, ""best_all_index"": 7, ""best_all_supported"": true, ""unsupported_preference_kcal_mol"": 0.0, ""status"": ""PASS""}]"	FIRST_ORDER_PIECEWISE_LINEAR_LOWER_ENVELOPE
individual_CC_FOURIER_2_plus	T_CS_090	89.99429079978957	kJ/mol	1.5938356604323562	2.1128881361835563	0.029065367191299946	2.171018870566156	2.194594182614303	T_CS_070	True	False	2.0	2.0	[[0.0, 2.0]]	"[{""t"": 0.0, ""best_supported_index"": 7, ""best_all_index"": 7, ""best_all_supported"": true, ""unsupported_preference_kcal_mol"": 0.0, ""status"": ""PASS""}, {""t"": 2.0, ""best_supported_index"": 7, ""best_all_index"": 7, ""best_all_supported"": true, ""unsupported_preference_kcal_mol"": 0.0, ""status"": ""PASS""}]"	FIRST_ORDER_PIECEWISE_LINEAR_LOWER_ENVELOPE
individual_CC_FOURIER_2_plus	T_CS_100	99.99309291737349	kJ/mol	3.017346738286481	4.395397253519359	0.046505282754044586	4.488407819027448	4.511983131075596	T_CS_070	False	False	2.0	2.0	[[0.0, 2.0]]	"[{""t"": 0.0, ""best_supported_index"": 7, ""best_all_index"": 7, ""best_all_supported"": true, ""unsupported_preference_kcal_mol"": 0.0, ""status"": ""PASS""}, {""t"": 2.0, ""best_supported_index"": 7, ""best_all_index"": 7, ""best_all_supported"": true, ""unsupported_preference_kcal_mol"": 0.0, ""status"": ""PASS""}]"	FIRST_ORDER_PIECEWISE_LINEAR_LOWER_ENVELOPE
individual_CC_FOURIER_2_plus	T_CS_110	109.99396751647143	kJ/mol	4.226269405243035	6.726334232993547	0.07014982262955498	6.866633878252657	6.890209190300804	T_CS_070	False	False	2.0	2.0	[[0.0, 2.0]]	"[{""t"": 0.0, ""best_supported_index"": 7, ""best_all_index"": 7, ""best_all_supported"": true, ""unsupported_preference_kcal_mol"": 0.0, ""status"": ""PASS""}, {""t"": 2.0, ""best_supported_index"": 7, ""best_all_index"": 7, ""best_all_supported"": true, ""unsupported_preference_kcal_mol"": 0.0, ""status"": ""PASS""}]"	FIRST_ORDER_PIECEWISE_LINEAR_LOWER_ENVELOPE
individual_CC_FOURIER_2_plus	T_CS_120	119.99668390452294	kJ/mol	4.593372362200989	8.446547603703156	0.09827124315329386	8.643090090009743	8.66666540205789	T_CS_070	False	False	2.0	2.0	[[0.0, 2.0]]	"[{""t"": 0.0, ""best_supported_index"": 7, ""best_all_index"": 7, ""best_all_supported"": true, ""unsupported_preference_kcal_mol"": 0.0, ""status"": ""PASS""}, {""t"": 2.0, ""best_supported_index"": 7, ""best_all_index"": 7, ""best_all_supported"": true, ""unsupported_preference_kcal_mol"": 0.0, ""status"": ""PASS""}]"	FIRST_ORDER_PIECEWISE_LINEAR_LOWER_ENVELOPE
individual_CC_FOURIER_3_minus	T_CS_000	-0.003405236824689845	kJ/mol	4.599377251321659	8.458990653478489	0.06423169863249648	8.587454050743482	8.61917123207633	T_CS_070	False	False	2.0	2.0	[[0.0, 2.0]]	"[{""t"": 0.0, ""best_supported_index"": 7, ""best_all_index"": 7, ""best_all_supported"": true, ""unsupported_preference_kcal_mol"": 0.0, ""status"": ""PASS""}, {""t"": 2.0, ""best_supported_index"": 7, ""best_all_index"": 7, ""best_all_supported"": true, ""unsupported_preference_kcal_mol"": 0.0, ""status"": ""PASS""}]"	FIRST_ORDER_PIECEWISE_LINEAR_LOWER_ENVELOPE
individual_CC_FOURIER_3_minus	T_CS_010	10.000130009912725	kJ/mol	4.236604988220648	9.073791476707935	0.07524671280828892	9.224284902324513	9.25600208365736	T_CS_070	False	False	2.0	2.0	[[0.0, 2.0]]	"[{""t"": 0.0, ""best_supported_index"": 7, ""best_all_index"": 7, ""best_all_supported"": true, ""unsupported_preference_kcal_mol"": 0.0, ""status"": ""PASS""}, {""t"": 2.0, ""best_supported_index"": 7, ""best_all_index"": 7, ""best_all_supported"": true, ""unsupported_preference_kcal_mol"": 0.0, ""status"": ""PASS""}]"	FIRST_ORDER_PIECEWISE_LINEAR_LOWER_ENVELOPE
individual_CC_FOURIER_3_minus	T_CS_020	20.00316741891772	kJ/mol	3.5318622755485665	8.486691527868308	0.08131132452780622	8.64931417692392	8.681031358256767	T_CS_070	False	False	2.0	2.0	[[0.0, 2.0]]	"[{""t"": 0.0, ""best_supported_index"": 7, ""best_all_index"": 7, ""best_all_supported"": true, ""unsupported_preference_kcal_mol"": 0.0, ""status"": ""PASS""}, {""t"": 2.0, ""best_supported_index"": 7, ""best_all_index"": 7, ""best_all_supported"": true, ""unsupported_preference_kcal_mol"": 0.0, ""status"": ""PASS""}]"	FIRST_ORDER_PIECEWISE_LINEAR_LOWER_ENVELOPE
individual_CC_FOURIER_3_minus	T_CS_030	30.005895448121453	kJ/mol	2.5398044983406147	6.957928296985899	0.06288668790289972	7.083701672791698	7.115418854124545	T_CS_070	False	False	2.0	2.0	[[0.0, 2.0]]	"[{""t"": 0.0, ""best_supported_index"": 7, ""best_all_index"": 7, ""best_all_supported"": true, ""unsupported_preference_kcal_mol"": 0.0, ""status"": ""PASS""}, {""t"": 2.0, ""best_supported_index"": 7, ""best_all_index"": 7, ""best_all_supported"": true, ""unsupported_preference_kcal_mol"": 0.0, ""status"": ""PASS""}]"	FIRST_ORDER_PIECEWISE_LINEAR_LOWER_ENVELOPE
individual_CC_FOURIER_3_minus	T_CS_040	40.00695905040605	kJ/mol	1.4928287862277165	4.569652927771989	0.03849864400279851	4.646650215777585	4.678367397110432	T_CS_070	True	False	2.0	2.0	[[0.0, 2.0]]	"[{""t"": 0.0, ""best_supported_index"": 7, ""best_all_index"": 7, ""best_all_supported"": true, ""unsupported_preference_kcal_mol"": 0.0, ""status"": ""PASS""}, {""t"": 2.0, ""best_supported_index"": 7, ""best_all_index"": 7, ""best_all_supported"": true, ""unsupported_preference_kcal_mol"": 0.0, ""status"": ""PASS""}]"	FIRST_ORDER_PIECEWISE_LINEAR_LOWER_ENVELOPE
individual_CC_FOURIER_3_minus	T_CS_050	50.00574720100174	kJ/mol	0.6302223230526441	2.245238196010038	0.02778167101470006	2.300801538039438	2.332518719372285	T_CS_070	True	False	2.0	2.0	[[0.0, 2.0]]	"[{""t"": 0.0, ""best_supported_index"": 7, ""best_all_index"": 7, ""best_all_supported"": true, ""unsupported_preference_kcal_mol"": 0.0, ""status"": ""PASS""}, {""t"": 2.0, ""best_supported_index"": 7, ""best_all_index"": 7, ""best_all_supported"": true, ""unsupported_preference_kcal_mol"": 0.0, ""status"": ""PASS""}]"	FIRST_ORDER_PIECEWISE_LINEAR_LOWER_ENVELOPE
individual_CC_FOURIER_3_minus	T_CS_060	60.00332069338076	kJ/mol	0.09656856246956406	0.5820062237119981	0.01958363612520042	0.6211734959623989	0.652890677295246	T_CS_070	True	False	2.0	2.0	[[0.0, 2.0]]	"[{""t"": 0.0, ""best_supported_index"": 7, ""best_all_index"": 7, ""best_all_supported"": true, ""unsupported_preference_kcal_mol"": 0.0, ""status"": ""PASS""}, {""t"": 2.0, ""best_supported_index"": 7, ""best_all_index"": 7, ""best_all_supported"": true, ""unsupported_preference_kcal_mol"": 0.0, ""status"": ""PASS""}]"	FIRST_ORDER_PIECEWISE_LINEAR_LOWER_ENVELOPE
individual_CC_FOURIER_3_minus	T_CS_070	70.00011826861424	kJ/mol	0.0	-0.06079094633484704	0.01453688250100001	-0.03171718133284702	0.0	T_CS_070	True	False	2.0	2.0	[[0.0, 2.0]]	"[{""t"": 0.0, ""best_supported_index"": 7, ""best_all_index"": 7, ""best_all_supported"": true, ""unsupported_preference_kcal_mol"": 0.0, ""status"": ""PASS""}, {""t"": 2.0, ""best_supported_index"": 7, ""best_all_index"": 7, ""best_all_supported"": true, ""unsupported_preference_kcal_mol"": 0.0, ""status"": ""PASS""}]"	FIRST_ORDER_PIECEWISE_LINEAR_LOWER_ENVELOPE
individual_CC_FOURIER_3_minus	T_CS_080	79.99679970866744	kJ/mol	0.48626411947550613	0.4871339492992352	0.015296564017300094	0.5177270773338354	0.5494442586666825	T_CS_070	True	False	2.0	2.0	[[0.0, 2.0]]	"[{""t"": 0.0, ""best_supported_index"": 7, ""best_all_index"": 7, ""best_all_supported"": true, ""unsupported_preference_kcal_mol"": 0.0, ""status"": ""PASS""}, {""t"": 2.0, ""best_supported_index"": 7, ""best_all_index"": 7, ""best_all_supported"": true, ""unsupported_preference_kcal_mol"": 0.0, ""status"": ""PASS""}]"	FIRST_ORDER_PIECEWISE_LINEAR_LOWER_ENVELOPE
individual_CC_FOURIER_3_minus	T_CS_090	89.99429079978957	kJ/mol	1.5938356604323562	2.1128881361835563	0.022171904070497826	2.157231944324552	2.1889491256573987	T_CS_070	True	False	2.0	2.0	[[0.0, 2.0]]	"[{""t"": 0.0, ""best_supported_index"": 7, ""best_all_index"": 7, ""best_all_supported"": true, ""unsupported_preference_kcal_mol"": 0.0, ""status"": ""PASS""}, {""t"": 2.0, ""best_supported_index"": 7, ""best_all_index"": 7, ""best_all_supported"": true, ""unsupported_preference_kcal_mol"": 0.0, ""status"": ""PASS""}]"	FIRST_ORDER_PIECEWISE_LINEAR_LOWER_ENVELOPE
individual_CC_FOURIER_3_minus	T_CS_100	99.99309291737349	kJ/mol	3.017346738286481	4.395397253519359	0.03380041531490263	4.462998084149165	4.494715265482012	T_CS_070	False	False	2.0	2.0	[[0.0, 2.0]]	"[{""t"": 0.0, ""best_supported_index"": 7, ""best_all_index"": 7, ""best_all_supported"": true, ""unsupported_preference_kcal_mol"": 0.0, ""status"": ""PASS""}, {""t"": 2.0, ""best_supported_index"": 7, ""best_all_index"": 7, ""best_all_supported"": true, ""unsupported_preference_kcal_mol"": 0.0, ""status"": ""PASS""}]"	FIRST_ORDER_PIECEWISE_LINEAR_LOWER_ENVELOPE
individual_CC_FOURIER_3_minus	T_CS_110	109.99396751647143	kJ/mol	4.226269405243035	6.726334232993547	0.048295005632299444	6.822924244258146	6.854641425590993	T_CS_070	False	False	2.0	2.0	[[0.0, 2.0]]	"[{""t"": 0.0, ""best_supported_index"": 7, ""best_all_index"": 7, ""best_all_supported"": true, ""unsupported_preference_kcal_mol"": 0.0, ""status"": ""PASS""}, {""t"": 2.0, ""best_supported_index"": 7, ""best_all_index"": 7, ""best_all_supported"": true, ""unsupported_preference_kcal_mol"": 0.0, ""status"": ""PASS""}]"	FIRST_ORDER_PIECEWISE_LINEAR_LOWER_ENVELOPE
individual_CC_FOURIER_3_minus	T_CS_120	119.99668390452294	kJ/mol	4.593372362200989	8.446547603703156	0.06293873416969924	8.572425072042554	8.604142253375402	T_CS_070	False	False	2.0	2.0	[[0.0, 2.0]]	"[{""t"": 0.0, ""best_supported_index"": 7, ""best_all_index"": 7, ""best_all_supported"": true, ""unsupported_preference_kcal_mol"": 0.0, ""status"": ""PASS""}, {""t"": 2.0, ""best_supported_index"": 7, ""best_all_index"": 7, ""best_all_supported"": true, ""unsupported_preference_kcal_mol"": 0.0, ""status"": ""PASS""}]"	FIRST_ORDER_PIECEWISE_LINEAR_LOWER_ENVELOPE
individual_CC_FOURIER_3_plus	T_CS_000	-0.003405236824689845	kJ/mol	4.599377251321659	8.458990653478489	-0.06423169863249648	8.330527256213497	8.420391967550344	T_CS_070	False	False	2.0	2.0	[[0.0, 2.0]]	"[{""t"": 0.0, ""best_supported_index"": 7, ""best_all_index"": 7, ""best_all_supported"": true, ""unsupported_preference_kcal_mol"": 0.0, ""status"": ""PASS""}, {""t"": 2.0, ""best_supported_index"": 7, ""best_all_index"": 7, ""best_all_supported"": true, ""unsupported_preference_kcal_mol"": 0.0, ""status"": ""PASS""}]"	FIRST_ORDER_PIECEWISE_LINEAR_LOWER_ENVELOPE
individual_CC_FOURIER_3_plus	T_CS_010	10.000130009912725	kJ/mol	4.236604988220648	9.073791476707935	-0.07524671280828892	8.923298051091358	9.013162762428205	T_CS_070	False	False	2.0	2.0	[[0.0, 2.0]]	"[{""t"": 0.0, ""best_supported_index"": 7, ""best_all_index"": 7, ""best_all_supported"": true, ""unsupported_preference_kcal_mol"": 0.0, ""status"": ""PASS""}, {""t"": 2.0, ""best_supported_index"": 7, ""best_all_index"": 7, ""best_all_supported"": true, ""unsupported_preference_kcal_mol"": 0.0, ""status"": ""PASS""}]"	FIRST_ORDER_PIECEWISE_LINEAR_LOWER_ENVELOPE
individual_CC_FOURIER_3_plus	T_CS_020	20.00316741891772	kJ/mol	3.5318622755485665	8.486691527868308	-0.08131132452780622	8.324068878812696	8.413933590149544	T_CS_070	False	False	2.0	2.0	[[0.0, 2.0]]	"[{""t"": 0.0, ""best_supported_index"": 7, ""best_all_index"": 7, ""best_all_supported"": true, ""unsupported_preference_kcal_mol"": 0.0, ""status"": ""PASS""}, {""t"": 2.0, ""best_supported_index"": 7, ""best_all_index"": 7, ""best_all_supported"": true, ""unsupported_preference_kcal_mol"": 0.0, ""status"": ""PASS""}]"	FIRST_ORDER_PIECEWISE_LINEAR_LOWER_ENVELOPE
individual_CC_FOURIER_3_plus	T_CS_030	30.005895448121453	kJ/mol	2.5398044983406147	6.957928296985899	-0.06288668790289972	6.832154921180099	6.922019632516946	T_CS_070	False	False	2.0	2.0	[[0.0, 2.0]]	"[{""t"": 0.0, ""best_supported_index"": 7, ""best_all_index"": 7, ""best_all_supported"": true, ""unsupported_preference_kcal_mol"": 0.0, ""status"": ""PASS""}, {""t"": 2.0, ""best_supported_index"": 7, ""best_all_index"": 7, ""best_all_supported"": true, ""unsupported_preference_kcal_mol"": 0.0, ""status"": ""PASS""}]"	FIRST_ORDER_PIECEWISE_LINEAR_LOWER_ENVELOPE
individual_CC_FOURIER_3_plus	T_CS_040	40.00695905040605	kJ/mol	1.4928287862277165	4.569652927771989	-0.03849864400279851	4.492655639766392	4.582520351103239	T_CS_070	True	False	2.0	2.0	[[0.0, 2.0]]	"[{""t"": 0.0, ""best_supported_index"": 7, ""best_all_index"": 7, ""best_all_supported"": true, ""unsupported_preference_kcal_mol"": 0.0, ""status"": ""PASS""}, {""t"": 2.0, ""best_supported_index"": 7, ""best_all_index"": 7, ""best_all_supported"": true, ""unsupported_preference_kcal_mol"": 0.0, ""status"": ""PASS""}]"	FIRST_ORDER_PIECEWISE_LINEAR_LOWER_ENVELOPE
individual_CC_FOURIER_3_plus	T_CS_050	50.00574720100174	kJ/mol	0.6302223230526441	2.245238196010038	-0.02778167101470006	2.189674853980638	2.279539565317485	T_CS_070	True	False	2.0	2.0	[[0.0, 2.0]]	"[{""t"": 0.0, ""best_supported_index"": 7, ""best_all_index"": 7, ""best_all_supported"": true, ""unsupported_preference_kcal_mol"": 0.0, ""status"": ""PASS""}, {""t"": 2.0, ""best_supported_index"": 7, ""best_all_index"": 7, ""best_all_supported"": true, ""unsupported_preference_kcal_mol"": 0.0, ""status"": ""PASS""}]"	FIRST_ORDER_PIECEWISE_LINEAR_LOWER_ENVELOPE
individual_CC_FOURIER_3_plus	T_CS_060	60.00332069338076	kJ/mol	0.09656856246956406	0.5820062237119981	-0.01958363612520042	0.5428389514615972	0.6327036627984443	T_CS_070	True	False	2.0	2.0	[[0.0, 2.0]]	"[{""t"": 0.0, ""best_supported_index"": 7, ""best_all_index"": 7, ""best_all_supported"": true, ""unsupported_preference_kcal_mol"": 0.0, ""status"": ""PASS""}, {""t"": 2.0, ""best_supported_index"": 7, ""best_all_index"": 7, ""best_all_supported"": true, ""unsupported_preference_kcal_mol"": 0.0, ""status"": ""PASS""}]"	FIRST_ORDER_PIECEWISE_LINEAR_LOWER_ENVELOPE
individual_CC_FOURIER_3_plus	T_CS_070	70.00011826861424	kJ/mol	0.0	-0.06079094633484704	-0.01453688250100001	-0.08986471133684706	0.0	T_CS_070	True	False	2.0	2.0	[[0.0, 2.0]]	"[{""t"": 0.0, ""best_supported_index"": 7, ""best_all_index"": 7, ""best_all_supported"": true, ""unsupported_preference_kcal_mol"": 0.0, ""status"": ""PASS""}, {""t"": 2.0, ""best_supported_index"": 7, ""best_all_index"": 7, ""best_all_supported"": true, ""unsupported_preference_kcal_mol"": 0.0, ""status"": ""PASS""}]"	FIRST_ORDER_PIECEWISE_LINEAR_LOWER_ENVELOPE
individual_CC_FOURIER_3_plus	T_CS_080	79.99679970866744	kJ/mol	0.48626411947550613	0.4871339492992352	-0.015296564017300094	0.456540821264635	0.5464055326014821	T_CS_070	True	False	2.0	2.0	[[0.0, 2.0]]	"[{""t"": 0.0, ""best_supported_index"": 7, ""best_all_index"": 7, ""best_all_supported"": true, ""unsupported_preference_kcal_mol"": 0.0, ""status"": ""PASS""}, {""t"": 2.0, ""best_supported_index"": 7, ""best_all_index"": 7, ""best_all_supported"": true, ""unsupported_preference_kcal_mol"": 0.0, ""status"": ""PASS""}]"	FIRST_ORDER_PIECEWISE_LINEAR_LOWER_ENVELOPE
individual_CC_FOURIER_3_plus	T_CS_090	89.99429079978957	kJ/mol	1.5938356604323562	2.1128881361835563	-0.022171904070497826	2.068544328042561	2.158409039379408	T_CS_070	True	False	2.0	2.0	[[0.0, 2.0]]	"[{""t"": 0.0, ""best_supported_index"": 7, ""best_all_index"": 7, ""best_all_supported"": true, ""unsupported_preference_kcal_mol"": 0.0, ""status"": ""PASS""}, {""t"": 2.0, ""best_supported_index"": 7, ""best_all_index"": 7, ""best_all_supported"": true, ""unsupported_preference_kcal_mol"": 0.0, ""status"": ""PASS""}]"	FIRST_ORDER_PIECEWISE_LINEAR_LOWER_ENVELOPE
individual_CC_FOURIER_3_plus	T_CS_100	99.99309291737349	kJ/mol	3.017346738286481	4.395397253519359	-0.03380041531490263	4.327796422889554	4.4176611342264005	T_CS_070	False	False	2.0	2.0	[[0.0, 2.0]]	"[{""t"": 0.0, ""best_supported_index"": 7, ""best_all_index"": 7, ""best_all_supported"": true, ""unsupported_preference_kcal_mol"": 0.0, ""status"": ""PASS""}, {""t"": 2.0, ""best_supported_index"": 7, ""best_all_index"": 7, ""best_all_supported"": true, ""unsupported_preference_kcal_mol"": 0.0, ""status"": ""PASS""}]"	FIRST_ORDER_PIECEWISE_LINEAR_LOWER_ENVELOPE
individual_CC_FOURIER_3_plus	T_CS_110	109.99396751647143	kJ/mol	4.226269405243035	6.726334232993547	-0.048295005632299444	6.629744221728948	6.719608933065794	T_CS_070	False	False	2.0	2.0	[[0.0, 2.0]]	"[{""t"": 0.0, ""best_supported_index"": 7, ""best_all_index"": 7, ""best_all_supported"": true, ""unsupported_preference_kcal_mol"": 0.0, ""status"": ""PASS""}, {""t"": 2.0, ""best_supported_index"": 7, ""best_all_index"": 7, ""best_all_supported"": true, ""unsupported_preference_kcal_mol"": 0.0, ""status"": ""PASS""}]"	FIRST_ORDER_PIECEWISE_LINEAR_LOWER_ENVELOPE
individual_CC_FOURIER_3_plus	T_CS_120	119.99668390452294	kJ/mol	4.593372362200989	8.446547603703156	-0.06293873416969924	8.320670135363757	8.410534846700605	T_CS_070	False	False	2.0	2.0	[[0.0, 2.0]]	"[{""t"": 0.0, ""best_supported_index"": 7, ""best_all_index"": 7, ""best_all_supported"": true, ""unsupported_preference_kcal_mol"": 0.0, ""status"": ""PASS""}, {""t"": 2.0, ""best_supported_index"": 7, ""best_all_index"": 7, ""best_all_supported"": true, ""unsupported_preference_kcal_mol"": 0.0, ""status"": ""PASS""}]"	FIRST_ORDER_PIECEWISE_LINEAR_LOWER_ENVELOPE
individual_CC_FOURIER_4_minus	T_CS_000	-0.003405236824689845	kJ/mol	4.599377251321659	8.458990653478489	-0.013221312806620093	8.432548027865248	8.494329802948345	T_CS_070	False	False	2.0	2.0	[[0.0, 2.0]]	"[{""t"": 0.0, ""best_supported_index"": 7, ""best_all_index"": 7, ""best_all_supported"": true, ""unsupported_preference_kcal_mol"": 0.0, ""status"": ""PASS""}, {""t"": 2.0, ""best_supported_index"": 7, ""best_all_index"": 7, ""best_all_supported"": true, ""unsupported_preference_kcal_mol"": 0.0, ""status"": ""PASS""}]"	FIRST_ORDER_PIECEWISE_LINEAR_LOWER_ENVELOPE
individual_CC_FOURIER_4_minus	T_CS_010	10.000130009912725	kJ/mol	4.236604988220648	9.073791476707935	-0.02002776512137637	9.033735946465182	9.095517721548278	T_CS_070	False	False	2.0	2.0	[[0.0, 2.0]]	"[{""t"": 0.0, ""best_supported_index"": 7, ""best_all_index"": 7, ""best_all_supported"": true, ""unsupported_preference_kcal_mol"": 0.0, ""status"": ""PASS""}, {""t"": 2.0, ""best_supported_index"": 7, ""best_all_index"": 7, ""best_all_supported"": true, ""unsupported_preference_kcal_mol"": 0.0, ""status"": ""PASS""}]"	FIRST_ORDER_PIECEWISE_LINEAR_LOWER_ENVELOPE
individual_CC_FOURIER_4_minus	T_CS_020	20.00316741891772	kJ/mol	3.5318622755485665	8.486691527868308	-0.025181324902251678	8.436328878063804	8.4981106531469	T_CS_070	False	False	2.0	2.0	[[0.0, 2.0]]	"[{""t"": 0.0, ""best_supported_index"": 7, ""best_all_index"": 7, ""best_all_supported"": true, ""unsupported_preference_kcal_mol"": 0.0, ""status"": ""PASS""}, {""t"": 2.0, ""best_supported_index"": 7, ""best_all_index"": 7, ""best_all_supported"": true, ""unsupported_preference_kcal_mol"": 0.0, ""status"": ""PASS""}]"	FIRST_ORDER_PIECEWISE_LINEAR_LOWER_ENVELOPE
individual_CC_FOURIER_4_minus	T_CS_030	30.005895448121453	kJ/mol	2.5398044983406147	6.957928296985899	-0.012465541405621328	6.932997214174656	6.994778989257753	T_CS_070	False	False	2.0	2.0	[[0.0, 2.0]]	"[{""t"": 0.0, ""best_supported_index"": 7, ""best_all_index"": 7, ""best_all_supported"": true, ""unsupported_preference_kcal_mol"": 0.0, ""status"": ""PASS""}, {""t"": 2.0, ""best_supported_index"": 7, ""best_all_index"": 7, ""best_all_supported"": true, ""unsupported_preference_kcal_mol"": 0.0, ""status"": ""PASS""}]"	FIRST_ORDER_PIECEWISE_LINEAR_LOWER_ENVELOPE
individual_CC_FOURIER_4_minus	T_CS_040	40.00695905040605	kJ/mol	1.4928287862277165	4.569652927771989	-0.003959752948252717	4.561733421875483	4.62351519695858	T_CS_070	True	False	2.0	2.0	[[0.0, 2.0]]	"[{""t"": 0.0, ""best_supported_index"": 7, ""best_all_index"": 7, ""best_all_supported"": true, ""unsupported_preference_kcal_mol"": 0.0, ""status"": ""PASS""}, {""t"": 2.0, ""best_supported_index"": 7, ""best_all_index"": 7, ""best_all_supported"": true, ""unsupported_preference_kcal_mol"": 0.0, ""status"": ""PASS""}]"	FIRST_ORDER_PIECEWISE_LINEAR_LOWER_ENVELOPE
individual_CC_FOURIER_4_minus	T_CS_050	50.00574720100174	kJ/mol	0.6302223230526441	2.245238196010038	-0.0019892981460008625	2.2412595997180365	2.3030413748011336	T_CS_070	True	False	2.0	2.0	[[0.0, 2.0]]	"[{""t"": 0.0, ""best_supported_index"": 7, ""best_all_index"": 7, ""best_all_supported"": true, ""unsupported_preference_kcal_mol"": 0.0, ""status"": ""PASS""}, {""t"": 2.0, ""best_supported_index"": 7, ""best_all_index"": 7, ""best_all_supported"": true, ""unsupported_preference_kcal_mol"": 0.0, ""status"": ""PASS""}]"	FIRST_ORDER_PIECEWISE_LINEAR_LOWER_ENVELOPE
individual_CC_FOURIER_4_minus	T_CS_060	60.00332069338076	kJ/mol	0.09656856246956406	0.5820062237119981	-0.000890821721624823	0.5802245802687485	0.6420063553518455	T_CS_070	True	False	2.0	2.0	[[0.0, 2.0]]	"[{""t"": 0.0, ""best_supported_index"": 7, ""best_all_index"": 7, ""best_all_supported"": true, ""unsupported_preference_kcal_mol"": 0.0, ""status"": ""PASS""}, {""t"": 2.0, ""best_supported_index"": 7, ""best_all_index"": 7, ""best_all_supported"": true, ""unsupported_preference_kcal_mol"": 0.0, ""status"": ""PASS""}]"	FIRST_ORDER_PIECEWISE_LINEAR_LOWER_ENVELOPE
individual_CC_FOURIER_4_minus	T_CS_070	70.00011826861424	kJ/mol	0.0	-0.06079094633484704	-0.0004954143741249895	-0.06178177508309702	0.0	T_CS_070	True	False	2.0	2.0	[[0.0, 2.0]]	"[{""t"": 0.0, ""best_supported_index"": 7, ""best_all_index"": 7, ""best_all_supported"": true, ""unsupported_preference_kcal_mol"": 0.0, ""status"": ""PASS""}, {""t"": 2.0, ""best_supported_index"": 7, ""best_all_index"": 7, ""best_all_supported"": true, ""unsupported_preference_kcal_mol"": 0.0, ""status"": ""PASS""}]"	FIRST_ORDER_PIECEWISE_LINEAR_LOWER_ENVELOPE
individual_CC_FOURIER_4_minus	T_CS_080	79.99679970866744	kJ/mol	0.48626411947550613	0.4871339492992352	-0.0005550460630002104	0.48602385717323476	0.5478056322563318	T_CS_070	True	False	2.0	2.0	[[0.0, 2.0]]	"[{""t"": 0.0, ""best_supported_index"": 7, ""best_all_index"": 7, ""best_all_supported"": true, ""unsupported_preference_kcal_mol"": 0.0, ""status"": ""PASS""}, {""t"": 2.0, ""best_supported_index"": 7, ""best_all_index"": 7, ""best_all_supported"": true, ""unsupported_preference_kcal_mol"": 0.0, ""status"": ""PASS""}]"	FIRST_ORDER_PIECEWISE_LINEAR_LOWER_ENVELOPE
individual_CC_FOURIER_4_minus	T_CS_090	89.99429079978957	kJ/mol	1.5938356604323562	2.1128881361835563	-0.001197534280251246	2.1104930676230538	2.172274842706151	T_CS_070	True	False	2.0	2.0	[[0.0, 2.0]]	"[{""t"": 0.0, ""best_supported_index"": 7, ""best_all_index"": 7, ""best_all_supported"": true, ""unsupported_preference_kcal_mol"": 0.0, ""status"": ""PASS""}, {""t"": 2.0, ""best_supported_index"": 7, ""best_all_index"": 7, ""best_all_supported"": true, ""unsupported_preference_kcal_mol"": 0.0, ""status"": ""PASS""}]"	FIRST_ORDER_PIECEWISE_LINEAR_LOWER_ENVELOPE
individual_CC_FOURIER_4_minus	T_CS_100	99.99309291737349	kJ/mol	3.017346738286481	4.395397253519359	-0.0029794410841206148	4.389438371351118	4.451220146434215	T_CS_070	False	False	2.0	2.0	[[0.0, 2.0]]	"[{""t"": 0.0, ""best_supported_index"": 7, ""best_all_index"": 7, ""best_all_supported"": true, ""unsupported_preference_kcal_mol"": 0.0, ""status"": ""PASS""}, {""t"": 2.0, ""best_supported_index"": 7, ""best_all_index"": 7, ""best_all_supported"": true, ""unsupported_preference_kcal_mol"": 0.0, ""status"": ""PASS""}]"	FIRST_ORDER_PIECEWISE_LINEAR_LOWER_ENVELOPE
individual_CC_FOURIER_4_minus	T_CS_110	109.99396751647143	kJ/mol	4.226269405243035	6.726334232993547	-0.0065893765162507115	6.713155479961046	6.774937255044143	T_CS_070	False	False	2.0	2.0	[[0.0, 2.0]]	"[{""t"": 0.0, ""best_supported_index"": 7, ""best_all_index"": 7, ""best_all_supported"": true, ""unsupported_preference_kcal_mol"": 0.0, ""status"": ""PASS""}, {""t"": 2.0, ""best_supported_index"": 7, ""best_all_index"": 7, ""best_all_supported"": true, ""unsupported_preference_kcal_mol"": 0.0, ""status"": ""PASS""}]"	FIRST_ORDER_PIECEWISE_LINEAR_LOWER_ENVELOPE
individual_CC_FOURIER_4_minus	T_CS_120	119.99668390452294	kJ/mol	4.593372362200989	8.446547603703156	-0.012437975517001215	8.421671652669152	8.483453427752249	T_CS_070	False	False	2.0	2.0	[[0.0, 2.0]]	"[{""t"": 0.0, ""best_supported_index"": 7, ""best_all_index"": 7, ""best_all_supported"": true, ""unsupported_preference_kcal_mol"": 0.0, ""status"": ""PASS""}, {""t"": 2.0, ""best_supported_index"": 7, ""best_all_index"": 7, ""best_all_supported"": true, ""unsupported_preference_kcal_mol"": 0.0, ""status"": ""PASS""}]"	FIRST_ORDER_PIECEWISE_LINEAR_LOWER_ENVELOPE
individual_CC_FOURIER_4_plus	T_CS_000	-0.003405236824689845	kJ/mol	4.599377251321659	8.458990653478489	0.013221312806620093	8.48543327909173	8.545233396678327	T_CS_070	False	False	2.0	2.0	[[0.0, 2.0]]	"[{""t"": 0.0, ""best_supported_index"": 7, ""best_all_index"": 7, ""best_all_supported"": true, ""unsupported_preference_kcal_mol"": 0.0, ""status"": ""PASS""}, {""t"": 2.0, ""best_supported_index"": 7, ""best_all_index"": 7, ""best_all_supported"": true, ""unsupported_preference_kcal_mol"": 0.0, ""status"": ""PASS""}]"	FIRST_ORDER_PIECEWISE_LINEAR_LOWER_ENVELOPE
individual_CC_FOURIER_4_plus	T_CS_010	10.000130009912725	kJ/mol	4.236604988220648	9.073791476707935	0.02002776512137637	9.113847006950689	9.173647124537286	T_CS_070	False	False	2.0	2.0	[[0.0, 2.0]]	"[{""t"": 0.0, ""best_supported_index"": 7, ""best_all_index"": 7, ""best_all_supported"": true, ""unsupported_preference_kcal_mol"": 0.0, ""status"": ""PASS""}, {""t"": 2.0, ""best_supported_index"": 7, ""best_all_index"": 7, ""best_all_supported"": true, ""unsupported_preference_kcal_mol"": 0.0, ""status"": ""PASS""}]"	FIRST_ORDER_PIECEWISE_LINEAR_LOWER_ENVELOPE
individual_CC_FOURIER_4_plus	T_CS_020	20.00316741891772	kJ/mol	3.5318622755485665	8.486691527868308	0.025181324902251678	8.537054177672811	8.596854295259408	T_CS_070	False	False	2.0	2.0	[[0.0, 2.0]]	"[{""t"": 0.0, ""best_supported_index"": 7, ""best_all_index"": 7, ""best_all_supported"": true, ""unsupported_preference_kcal_mol"": 0.0, ""status"": ""PASS""}, {""t"": 2.0, ""best_supported_index"": 7, ""best_all_index"": 7, ""best_all_supported"": true, ""unsupported_preference_kcal_mol"": 0.0, ""status"": ""PASS""}]"	FIRST_ORDER_PIECEWISE_LINEAR_LOWER_ENVELOPE
individual_CC_FOURIER_4_plus	T_CS_030	30.005895448121453	kJ/mol	2.5398044983406147	6.957928296985899	0.012465541405621328	6.982859379797142	7.042659497383739	T_CS_070	False	False	2.0	2.0	[[0.0, 2.0]]	"[{""t"": 0.0, ""best_supported_index"": 7, ""best_all_index"": 7, ""best_all_supported"": true, ""unsupported_preference_kcal_mol"": 0.0, ""status"": ""PASS""}, {""t"": 2.0, ""best_supported_index"": 7, ""best_all_index"": 7, ""best_all_supported"": true, ""unsupported_preference_kcal_mol"": 0.0, ""status"": ""PASS""}]"	FIRST_ORDER_PIECEWISE_LINEAR_LOWER_ENVELOPE
individual_CC_FOURIER_4_plus	T_CS_040	40.00695905040605	kJ/mol	1.4928287862277165	4.569652927771989	0.003959752948252717	4.577572433668494	4.637372551255091	T_CS_070	True	False	2.0	2.0	[[0.0, 2.0]]	"[{""t"": 0.0, ""best_supported_index"": 7, ""best_all_index"": 7, ""best_all_supported"": true, ""unsupported_preference_kcal_mol"": 0.0, ""status"": ""PASS""}, {""t"": 2.0, ""best_supported_index"": 7, ""best_all_index"": 7, ""best_all_supported"": true, ""unsupported_preference_kcal_mol"": 0.0, ""status"": ""PASS""}]"	FIRST_ORDER_PIECEWISE_LINEAR_LOWER_ENVELOPE
individual_CC_FOURIER_4_plus	T_CS_050	50.00574720100174	kJ/mol	0.6302223230526441	2.245238196010038	0.0019892981460008625	2.2492167923020396	2.3090169098886366	T_CS_070	True	False	2.0	2.0	[[0.0, 2.0]]	"[{""t"": 0.0, ""best_supported_index"": 7, ""best_all_index"": 7, ""best_all_supported"": true, ""unsupported_preference_kcal_mol"": 0.0, ""status"": ""PASS""}, {""t"": 2.0, ""best_supported_index"": 7, ""best_all_index"": 7, ""best_all_supported"": true, ""unsupported_preference_kcal_mol"": 0.0, ""status"": ""PASS""}]"	FIRST_ORDER_PIECEWISE_LINEAR_LOWER_ENVELOPE
individual_CC_FOURIER_4_plus	T_CS_060	60.00332069338076	kJ/mol	0.09656856246956406	0.5820062237119981	0.000890821721624823	0.5837878671552477	0.6435879847418448	T_CS_070	True	False	2.0	2.0	[[0.0, 2.0]]	"[{""t"": 0.0, ""best_supported_index"": 7, ""best_all_index"": 7, ""best_all_supported"": true, ""unsupported_preference_kcal_mol"": 0.0, ""status"": ""PASS""}, {""t"": 2.0, ""best_supported_index"": 7, ""best_all_index"": 7, ""best_all_supported"": true, ""unsupported_preference_kcal_mol"": 0.0, ""status"": ""PASS""}]"	FIRST_ORDER_PIECEWISE_LINEAR_LOWER_ENVELOPE
individual_CC_FOURIER_4_plus	T_CS_070	70.00011826861424	kJ/mol	0.0	-0.06079094633484704	0.0004954143741249895	-0.059800117586597056	0.0	T_CS_070	True	False	2.0	2.0	[[0.0, 2.0]]	"[{""t"": 0.0, ""best_supported_index"": 7, ""best_all_index"": 7, ""best_all_supported"": true, ""unsupported_preference_kcal_mol"": 0.0, ""status"": ""PASS""}, {""t"": 2.0, ""best_supported_index"": 7, ""best_all_index"": 7, ""best_all_supported"": true, ""unsupported_preference_kcal_mol"": 0.0, ""status"": ""PASS""}]"	FIRST_ORDER_PIECEWISE_LINEAR_LOWER_ENVELOPE
individual_CC_FOURIER_4_plus	T_CS_080	79.99679970866744	kJ/mol	0.48626411947550613	0.4871339492992352	0.0005550460630002104	0.48824404142523564	0.5480441590118327	T_CS_070	True	False	2.0	2.0	[[0.0, 2.0]]	"[{""t"": 0.0, ""best_supported_index"": 7, ""best_all_index"": 7, ""best_all_supported"": true, ""unsupported_preference_kcal_mol"": 0.0, ""status"": ""PASS""}, {""t"": 2.0, ""best_supported_index"": 7, ""best_all_index"": 7, ""best_all_supported"": true, ""unsupported_preference_kcal_mol"": 0.0, ""status"": ""PASS""}]"	FIRST_ORDER_PIECEWISE_LINEAR_LOWER_ENVELOPE
individual_CC_FOURIER_4_plus	T_CS_090	89.99429079978957	kJ/mol	1.5938356604323562	2.1128881361835563	0.001197534280251246	2.115283204744059	2.175083322330656	T_CS_070	True	False	2.0	2.0	[[0.0, 2.0]]	"[{""t"": 0.0, ""best_supported_index"": 7, ""best_all_index"": 7, ""best_all_supported"": true, ""unsupported_preference_kcal_mol"": 0.0, ""status"": ""PASS""}, {""t"": 2.0, ""best_supported_index"": 7, ""best_all_index"": 7, ""best_all_supported"": true, ""unsupported_preference_kcal_mol"": 0.0, ""status"": ""PASS""}]"	FIRST_ORDER_PIECEWISE_LINEAR_LOWER_ENVELOPE
individual_CC_FOURIER_4_plus	T_CS_100	99.99309291737349	kJ/mol	3.017346738286481	4.395397253519359	0.0029794410841206148	4.4013561356876005	4.461156253274198	T_CS_070	False	False	2.0	2.0	[[0.0, 2.0]]	"[{""t"": 0.0, ""best_supported_index"": 7, ""best_all_index"": 7, ""best_all_supported"": true, ""unsupported_preference_kcal_mol"": 0.0, ""status"": ""PASS""}, {""t"": 2.0, ""best_supported_index"": 7, ""best_all_index"": 7, ""best_all_supported"": true, ""unsupported_preference_kcal_mol"": 0.0, ""status"": ""PASS""}]"	FIRST_ORDER_PIECEWISE_LINEAR_LOWER_ENVELOPE
individual_CC_FOURIER_4_plus	T_CS_110	109.99396751647143	kJ/mol	4.226269405243035	6.726334232993547	0.0065893765162507115	6.739512986026048	6.799313103612645	T_CS_070	False	False	2.0	2.0	[[0.0, 2.0]]	"[{""t"": 0.0, ""best_supported_index"": 7, ""best_all_index"": 7, ""best_all_supported"": true, ""unsupported_preference_kcal_mol"": 0.0, ""status"": ""PASS""}, {""t"": 2.0, ""best_supported_index"": 7, ""best_all_index"": 7, ""best_all_supported"": true, ""unsupported_preference_kcal_mol"": 0.0, ""status"": ""PASS""}]"	FIRST_ORDER_PIECEWISE_LINEAR_LOWER_ENVELOPE
individual_CC_FOURIER_4_plus	T_CS_120	119.99668390452294	kJ/mol	4.593372362200989	8.446547603703156	0.012437975517001215	8.471423554737159	8.531223672323756	T_CS_070	False	False	2.0	2.0	[[0.0, 2.0]]	"[{""t"": 0.0, ""best_supported_index"": 7, ""best_all_index"": 7, ""best_all_supported"": true, ""unsupported_preference_kcal_mol"": 0.0, ""status"": ""PASS""}, {""t"": 2.0, ""best_supported_index"": 7, ""best_all_index"": 7, ""best_all_supported"": true, ""unsupported_preference_kcal_mol"": 0.0, ""status"": ""PASS""}]"	FIRST_ORDER_PIECEWISE_LINEAR_LOWER_ENVELOPE
supported_svd_1_plus	T_CS_000	-0.003405236824689845	kJ/mol	4.599377251321659	8.458990653478489	-0.13948620921659252	8.108068197597714	8.223780867848186	T_CS_070	False	False	2.5158218712207465	2.5158218712207465	[[0.0, 2.5158218712207465]]	"[{""t"": 0.0, ""best_supported_index"": 7, ""best_all_index"": 7, ""best_all_supported"": true, ""unsupported_preference_kcal_mol"": 0.0, ""status"": ""PASS""}, {""t"": 2.5158218712207465, ""best_supported_index"": 7, ""best_all_index"": 7, ""best_all_supported"": true, ""unsupported_preference_kcal_mol"": 0.0, ""status"": ""PASS""}]"	FIRST_ORDER_PIECEWISE_LINEAR_LOWER_ENVELOPE
supported_svd_1_plus	T_CS_010	10.000130009912725	kJ/mol	4.236604988220648	9.073791476707935	-0.17918212876813386	8.623001158221172	8.738713828471644	T_CS_070	False	False	2.5158218712207465	2.5158218712207465	[[0.0, 2.5158218712207465]]	"[{""t"": 0.0, ""best_supported_index"": 7, ""best_all_index"": 7, ""best_all_supported"": true, ""unsupported_preference_kcal_mol"": 0.0, ""status"": ""PASS""}, {""t"": 2.5158218712207465, ""best_supported_index"": 7, ""best_all_index"": 7, ""best_all_supported"": true, ""unsupported_preference_kcal_mol"": 0.0, ""status"": ""PASS""}]"	FIRST_ORDER_PIECEWISE_LINEAR_LOWER_ENVELOPE
supported_svd_1_plus	T_CS_020	20.00316741891772	kJ/mol	3.5318622755485665	8.486691527868308	-0.20657664842351792	7.9669814776809424	8.082694147931415	T_CS_070	False	False	2.5158218712207465	2.5158218712207465	[[0.0, 2.5158218712207465]]	"[{""t"": 0.0, ""best_supported_index"": 7, ""best_all_index"": 7, ""best_all_supported"": true, ""unsupported_preference_kcal_mol"": 0.0, ""status"": ""PASS""}, {""t"": 2.5158218712207465, ""best_supported_index"": 7, ""best_all_index"": 7, ""best_all_supported"": true, ""unsupported_preference_kcal_mol"": 0.0, ""status"": ""PASS""}]"	FIRST_ORDER_PIECEWISE_LINEAR_LOWER_ENVELOPE
supported_svd_1_plus	T_CS_030	30.005895448121453	kJ/mol	2.5398044983406147	6.957928296985899	-0.13061407507403736	6.629326550225367	6.74503922047584	T_CS_070	False	False	2.5158218712207465	2.5158218712207465	[[0.0, 2.5158218712207465]]	"[{""t"": 0.0, ""best_supported_index"": 7, ""best_all_index"": 7, ""best_all_supported"": true, ""unsupported_preference_kcal_mol"": 0.0, ""status"": ""PASS""}, {""t"": 2.5158218712207465, ""best_supported_index"": 7, ""best_all_index"": 7, ""best_all_supported"": true, ""unsupported_preference_kcal_mol"": 0.0, ""status"": ""PASS""}]"	FIRST_ORDER_PIECEWISE_LINEAR_LOWER_ENVELOPE
supported_svd_1_plus	T_CS_040	40.00695905040605	kJ/mol	1.4928287862277165	4.569652927771989	-0.06631651663694416	4.40281238479359	4.518525055044062	T_CS_070	True	False	2.5158218712207465	2.5158218712207465	[[0.0, 2.5158218712207465]]	"[{""t"": 0.0, ""best_supported_index"": 7, ""best_all_index"": 7, ""best_all_supported"": true, ""unsupported_preference_kcal_mol"": 0.0, ""status"": ""PASS""}, {""t"": 2.5158218712207465, ""best_supported_index"": 7, ""best_all_index"": 7, ""best_all_supported"": true, ""unsupported_preference_kcal_mol"": 0.0, ""status"": ""PASS""}]"	FIRST_ORDER_PIECEWISE_LINEAR_LOWER_ENVELOPE
supported_svd_1_plus	T_CS_050	50.00574720100174	kJ/mol	0.6302223230526441	2.245238196010038	-0.04459507403468258	2.133044933404875	2.2487576036553474	T_CS_070	True	False	2.5158218712207465	2.5158218712207465	[[0.0, 2.5158218712207465]]	"[{""t"": 0.0, ""best_supported_index"": 7, ""best_all_index"": 7, ""best_all_supported"": true, ""unsupported_preference_kcal_mol"": 0.0, ""status"": ""PASS""}, {""t"": 2.5158218712207465, ""best_supported_index"": 7, ""best_all_index"": 7, ""best_all_supported"": true, ""unsupported_preference_kcal_mol"": 0.0, ""status"": ""PASS""}]"	FIRST_ORDER_PIECEWISE_LINEAR_LOWER_ENVELOPE
supported_svd_1_plus	T_CS_060	60.00332069338076	kJ/mol	0.09656856246956406	0.5820062237119981	-0.03034881420665296	0.5056540131652856	0.621366683415758	T_CS_070	True	False	2.5158218712207465	2.5158218712207465	[[0.0, 2.5158218712207465]]	"[{""t"": 0.0, ""best_supported_index"": 7, ""best_all_index"": 7, ""best_all_supported"": true, ""unsupported_preference_kcal_mol"": 0.0, ""status"": ""PASS""}, {""t"": 2.5158218712207465, ""best_supported_index"": 7, ""best_all_index"": 7, ""best_all_supported"": true, ""unsupported_preference_kcal_mol"": 0.0, ""status"": ""PASS""}]"	FIRST_ORDER_PIECEWISE_LINEAR_LOWER_ENVELOPE
supported_svd_1_plus	T_CS_070	70.00011826861424	kJ/mol	0.0	-0.06079094633484704	-0.021830529634824975	-0.11571267025047237	0.0	T_CS_070	True	False	2.5158218712207465	2.5158218712207465	[[0.0, 2.5158218712207465]]	"[{""t"": 0.0, ""best_supported_index"": 7, ""best_all_index"": 7, ""best_all_supported"": true, ""unsupported_preference_kcal_mol"": 0.0, ""status"": ""PASS""}, {""t"": 2.5158218712207465, ""best_supported_index"": 7, ""best_all_index"": 7, ""best_all_supported"": true, ""unsupported_preference_kcal_mol"": 0.0, ""status"": ""PASS""}]"	FIRST_ORDER_PIECEWISE_LINEAR_LOWER_ENVELOPE
supported_svd_1_plus	T_CS_080	79.99679970866744	kJ/mol	0.48626411947550613	0.4871339492992352	-0.02359633199907364	0.4277697811753798	0.5434824514258522	T_CS_070	True	False	2.5158218712207465	2.5158218712207465	[[0.0, 2.5158218712207465]]	"[{""t"": 0.0, ""best_supported_index"": 7, ""best_all_index"": 7, ""best_all_supported"": true, ""unsupported_preference_kcal_mol"": 0.0, ""status"": ""PASS""}, {""t"": 2.5158218712207465, ""best_supported_index"": 7, ""best_all_index"": 7, ""best_all_supported"": true, ""unsupported_preference_kcal_mol"": 0.0, ""status"": ""PASS""}]"	FIRST_ORDER_PIECEWISE_LINEAR_LOWER_ENVELOPE
supported_svd_1_plus	T_CS_090	89.99429079978957	kJ/mol	1.5938356604323562	2.1128881361835563	-0.03654037276771734	2.020959067191974	2.1366717374424464	T_CS_070	True	False	2.5158218712207465	2.5158218712207465	[[0.0, 2.5158218712207465]]	"[{""t"": 0.0, ""best_supported_index"": 7, ""best_all_index"": 7, ""best_all_supported"": true, ""unsupported_preference_kcal_mol"": 0.0, ""status"": ""PASS""}, {""t"": 2.5158218712207465, ""best_supported_index"": 7, ""best_all_index"": 7, ""best_all_supported"": true, ""unsupported_preference_kcal_mol"": 0.0, ""status"": ""PASS""}]"	FIRST_ORDER_PIECEWISE_LINEAR_LOWER_ENVELOPE
supported_svd_1_plus	T_CS_100	99.99309291737349	kJ/mol	3.017346738286481	4.395397253519359	-0.06043333825513126	4.2433577393862185	4.359070409636691	T_CS_070	False	False	2.5158218712207465	2.5158218712207465	[[0.0, 2.5158218712207465]]	"[{""t"": 0.0, ""best_supported_index"": 7, ""best_all_index"": 7, ""best_all_supported"": true, ""unsupported_preference_kcal_mol"": 0.0, ""status"": ""PASS""}, {""t"": 2.5158218712207465, ""best_supported_index"": 7, ""best_all_index"": 7, ""best_all_supported"": true, ""unsupported_preference_kcal_mol"": 0.0, ""status"": ""PASS""}]"	FIRST_ORDER_PIECEWISE_LINEAR_LOWER_ENVELOPE
supported_svd_1_plus	T_CS_110	109.99396751647143	kJ/mol	4.226269405243035	6.726334232993547	-0.09376160656339999	6.49044673252055	6.606159402771023	T_CS_070	False	False	2.5158218712207465	2.5158218712207465	[[0.0, 2.5158218712207465]]	"[{""t"": 0.0, ""best_supported_index"": 7, ""best_all_index"": 7, ""best_all_supported"": true, ""unsupported_preference_kcal_mol"": 0.0, ""status"": ""PASS""}, {""t"": 2.5158218712207465, ""best_supported_index"": 7, ""best_all_index"": 7, ""best_all_supported"": true, ""unsupported_preference_kcal_mol"": 0.0, ""status"": ""PASS""}]"	FIRST_ORDER_PIECEWISE_LINEAR_LOWER_ENVELOPE
supported_svd_1_plus	T_CS_120	119.99668390452294	kJ/mol	4.593372362200989	8.446547603703156	-0.13450741643365555	8.108150903597968	8.22386357384844	T_CS_070	False	False	2.5158218712207465	2.5158218712207465	[[0.0, 2.5158218712207465]]	"[{""t"": 0.0, ""best_supported_index"": 7, ""best_all_index"": 7, ""best_all_supported"": true, ""unsupported_preference_kcal_mol"": 0.0, ""status"": ""PASS""}, {""t"": 2.5158218712207465, ""best_supported_index"": 7, ""best_all_index"": 7, ""best_all_supported"": true, ""unsupported_preference_kcal_mol"": 0.0, ""status"": ""PASS""}]"	FIRST_ORDER_PIECEWISE_LINEAR_LOWER_ENVELOPE
supported_svd_1_minus	T_CS_000	-0.003405236824689845	kJ/mol	4.599377251321659	8.458990653478489	0.13948620921659252	8.809913109359265	8.815782331778486	T_CS_070	False	False	2.5158218712207465	2.5158218712207465	[[0.0, 2.5158218712207465]]	"[{""t"": 0.0, ""best_supported_index"": 7, ""best_all_index"": 7, ""best_all_supported"": true, ""unsupported_preference_kcal_mol"": 0.0, ""status"": ""PASS""}, {""t"": 2.5158218712207465, ""best_supported_index"": 7, ""best_all_index"": 7, ""best_all_supported"": true, ""unsupported_preference_kcal_mol"": 0.0, ""status"": ""PASS""}]"	FIRST_ORDER_PIECEWISE_LINEAR_LOWER_ENVELOPE
supported_svd_1_minus	T_CS_010	10.000130009912725	kJ/mol	4.236604988220648	9.073791476707935	0.17918212876813386	9.524581795194699	9.53045101761392	T_CS_070	False	False	2.5158218712207465	2.5158218712207465	[[0.0, 2.5158218712207465]]	"[{""t"": 0.0, ""best_supported_index"": 7, ""best_all_index"": 7, ""best_all_supported"": true, ""unsupported_preference_kcal_mol"": 0.0, ""status"": ""PASS""}, {""t"": 2.5158218712207465, ""best_supported_index"": 7, ""best_all_index"": 7, ""best_all_supported"": true, ""unsupported_preference_kcal_mol"": 0.0, ""status"": ""PASS""}]"	FIRST_ORDER_PIECEWISE_LINEAR_LOWER_ENVELOPE
supported_svd_1_minus	T_CS_020	20.00316741891772	kJ/mol	3.5318622755485665	8.486691527868308	0.20657664842351792	9.006401578055673	9.012270800474894	T_CS_070	False	False	2.5158218712207465	2.5158218712207465	[[0.0, 2.5158218712207465]]	"[{""t"": 0.0, ""best_supported_index"": 7, ""best_all_index"": 7, ""best_all_supported"": true, ""unsupported_preference_kcal_mol"": 0.0, ""status"": ""PASS""}, {""t"": 2.5158218712207465, ""best_supported_index"": 7, ""best_all_index"": 7, ""best_all_supported"": true, ""unsupported_preference_kcal_mol"": 0.0, ""status"": ""PASS""}]"	FIRST_ORDER_PIECEWISE_LINEAR_LOWER_ENVELOPE
supported_svd_1_minus	T_CS_030	30.005895448121453	kJ/mol	2.5398044983406147	6.957928296985899	0.13061407507403736	7.28653004374643	7.292399266165652	T_CS_070	False	False	2.5158218712207465	2.5158218712207465	[[0.0, 2.5158218712207465]]	"[{""t"": 0.0, ""best_supported_index"": 7, ""best_all_index"": 7, ""best_all_supported"": true, ""unsupported_preference_kcal_mol"": 0.0, ""status"": ""PASS""}, {""t"": 2.5158218712207465, ""best_supported_index"": 7, ""best_all_index"": 7, ""best_all_supported"": true, ""unsupported_preference_kcal_mol"": 0.0, ""status"": ""PASS""}]"	FIRST_ORDER_PIECEWISE_LINEAR_LOWER_ENVELOPE
supported_svd_1_minus	T_CS_040	40.00695905040605	kJ/mol	1.4928287862277165	4.569652927771989	0.06631651663694416	4.736493470750387	4.742362693169609	T_CS_070	True	False	2.5158218712207465	2.5158218712207465	[[0.0, 2.5158218712207465]]	"[{""t"": 0.0, ""best_supported_index"": 7, ""best_all_index"": 7, ""best_all_supported"": true, ""unsupported_preference_kcal_mol"": 0.0, ""status"": ""PASS""}, {""t"": 2.5158218712207465, ""best_supported_index"": 7, ""best_all_index"": 7, ""best_all_supported"": true, ""unsupported_preference_kcal_mol"": 0.0, ""status"": ""PASS""}]"	FIRST_ORDER_PIECEWISE_LINEAR_LOWER_ENVELOPE
supported_svd_1_minus	T_CS_050	50.00574720100174	kJ/mol	0.6302223230526441	2.245238196010038	0.04459507403468258	2.357431458615201	2.363300681034423	T_CS_070	True	False	2.5158218712207465	2.5158218712207465	[[0.0, 2.5158218712207465]]	"[{""t"": 0.0, ""best_supported_index"": 7, ""best_all_index"": 7, ""best_all_supported"": true, ""unsupported_preference_kcal_mol"": 0.0, ""status"": ""PASS""}, {""t"": 2.5158218712207465, ""best_supported_index"": 7, ""best_all_index"": 7, ""best_all_supported"": true, ""unsupported_preference_kcal_mol"": 0.0, ""status"": ""PASS""}]"	FIRST_ORDER_PIECEWISE_LINEAR_LOWER_ENVELOPE
supported_svd_1_minus	T_CS_060	60.00332069338076	kJ/mol	0.09656856246956406	0.5820062237119981	0.03034881420665296	0.6583584342587105	0.6642276566779323	T_CS_070	True	False	2.5158218712207465	2.5158218712207465	[[0.0, 2.5158218712207465]]	"[{""t"": 0.0, ""best_supported_index"": 7, ""best_all_index"": 7, ""best_all_supported"": true, ""unsupported_preference_kcal_mol"": 0.0, ""status"": ""PASS""}, {""t"": 2.5158218712207465, ""best_supported_index"": 7, ""best_all_index"": 7, ""best_all_supported"": true, ""unsupported_preference_kcal_mol"": 0.0, ""status"": ""PASS""}]"	FIRST_ORDER_PIECEWISE_LINEAR_LOWER_ENVELOPE
supported_svd_1_minus	T_CS_070	70.00011826861424	kJ/mol	0.0	-0.06079094633484704	0.021830529634824975	-0.005869222419221706	0.0	T_CS_070	True	False	2.5158218712207465	2.5158218712207465	[[0.0, 2.5158218712207465]]	"[{""t"": 0.0, ""best_supported_index"": 7, ""best_all_index"": 7, ""best_all_supported"": true, ""unsupported_preference_kcal_mol"": 0.0, ""status"": ""PASS""}, {""t"": 2.5158218712207465, ""best_supported_index"": 7, ""best_all_index"": 7, ""best_all_supported"": true, ""unsupported_preference_kcal_mol"": 0.0, ""status"": ""PASS""}]"	FIRST_ORDER_PIECEWISE_LINEAR_LOWER_ENVELOPE
supported_svd_1_minus	T_CS_080	79.99679970866744	kJ/mol	0.48626411947550613	0.4871339492992352	0.02359633199907364	0.5464981174230906	0.5523673398423123	T_CS_070	True	False	2.5158218712207465	2.5158218712207465	[[0.0, 2.5158218712207465]]	"[{""t"": 0.0, ""best_supported_index"": 7, ""best_all_index"": 7, ""best_all_supported"": true, ""unsupported_preference_kcal_mol"": 0.0, ""status"": ""PASS""}, {""t"": 2.5158218712207465, ""best_supported_index"": 7, ""best_all_index"": 7, ""best_all_supported"": true, ""unsupported_preference_kcal_mol"": 0.0, ""status"": ""PASS""}]"	FIRST_ORDER_PIECEWISE_LINEAR_LOWER_ENVELOPE
supported_svd_1_minus	T_CS_090	89.99429079978957	kJ/mol	1.5938356604323562	2.1128881361835563	0.03654037276771734	2.2048172051751385	2.2106864275943603	T_CS_070	True	False	2.5158218712207465	2.5158218712207465	[[0.0, 2.5158218712207465]]	"[{""t"": 0.0, ""best_supported_index"": 7, ""best_all_index"": 7, ""best_all_supported"": true, ""unsupported_preference_kcal_mol"": 0.0, ""status"": ""PASS""}, {""t"": 2.5158218712207465, ""best_supported_index"": 7, ""best_all_index"": 7, ""best_all_supported"": true, ""unsupported_preference_kcal_mol"": 0.0, ""status"": ""PASS""}]"	FIRST_ORDER_PIECEWISE_LINEAR_LOWER_ENVELOPE
supported_svd_1_minus	T_CS_100	99.99309291737349	kJ/mol	3.017346738286481	4.395397253519359	0.06043333825513126	4.5474367676525	4.553305990071721	T_CS_070	False	False	2.5158218712207465	2.5158218712207465	[[0.0, 2.5158218712207465]]	"[{""t"": 0.0, ""best_supported_index"": 7, ""best_all_index"": 7, ""best_all_supported"": true, ""unsupported_preference_kcal_mol"": 0.0, ""status"": ""PASS""}, {""t"": 2.5158218712207465, ""best_supported_index"": 7, ""best_all_index"": 7, ""best_all_supported"": true, ""unsupported_preference_kcal_mol"": 0.0, ""status"": ""PASS""}]"	FIRST_ORDER_PIECEWISE_LINEAR_LOWER_ENVELOPE
supported_svd_1_minus	T_CS_110	109.99396751647143	kJ/mol	4.226269405243035	6.726334232993547	0.09376160656339999	6.962221733466543	6.968090955885764	T_CS_070	False	False	2.5158218712207465	2.5158218712207465	[[0.0, 2.5158218712207465]]	"[{""t"": 0.0, ""best_supported_index"": 7, ""best_all_index"": 7, ""best_all_supported"": true, ""unsupported_preference_kcal_mol"": 0.0, ""status"": ""PASS""}, {""t"": 2.5158218712207465, ""best_supported_index"": 7, ""best_all_index"": 7, ""best_all_supported"": true, ""unsupported_preference_kcal_mol"": 0.0, ""status"": ""PASS""}]"	FIRST_ORDER_PIECEWISE_LINEAR_LOWER_ENVELOPE
supported_svd_1_minus	T_CS_120	119.99668390452294	kJ/mol	4.593372362200989	8.446547603703156	0.13450741643365555	8.784944303808343	8.790813526227565	T_CS_070	False	False	2.5158218712207465	2.5158218712207465	[[0.0, 2.5158218712207465]]	"[{""t"": 0.0, ""best_supported_index"": 7, ""best_all_index"": 7, ""best_all_supported"": true, ""unsupported_preference_kcal_mol"": 0.0, ""status"": ""PASS""}, {""t"": 2.5158218712207465, ""best_supported_index"": 7, ""best_all_index"": 7, ""best_all_supported"": true, ""unsupported_preference_kcal_mol"": 0.0, ""status"": ""PASS""}]"	FIRST_ORDER_PIECEWISE_LINEAR_LOWER_ENVELOPE
