matrix	singular_index	variable_id	coefficient	supported	singular_value
SELECTIVE_CC_ONLY	1	CC_FOURIER_1	0.7949688421420491	True	1.3020926779286082
SELECTIVE_CC_ONLY	1	CC_FOURIER_2	-0.5671586620751842	True	1.3020926779286082
SELECTIVE_CC_ONLY	1	CC_FOURIER_3	-0.21491765647903294	True	1.3020926779286082
SELECTIVE_CC_ONLY	1	CC_FOURIER_4	-0.01288382668222609	True	1.3020926779286082
SELECTIVE_CC_ONLY	2	CC_FOURIER_1	0.13609666184238126	False	0.1391506583411711
SELECTIVE_CC_ONLY	2	CC_FOURIER_2	-0.17853246061385	False	0.1391506583411711
SELECTIVE_CC_ONLY	2	CC_FOURIER_3	0.974475315942116	False	0.1391506583411711
SELECTIVE_CC_ONLY	2	CC_FOURIER_4	0.0013106342121197623	False	0.1391506583411711
SELECTIVE_CC_ONLY	3	CC_FOURIER_1	0.044070074973388176	False	0.046116439811835046
SELECTIVE_CC_ONLY	3	CC_FOURIER_2	0.03921349142252846	False	0.046116439811835046
SELECTIVE_CC_ONLY	3	CC_FOURIER_3	-0.00031325649352043766	False	0.046116439811835046
SELECTIVE_CC_ONLY	3	CC_FOURIER_4	0.9982584998148849	False	0.046116439811835046
SELECTIVE_CC_ONLY	4	CC_FOURIER_1	0.5895422522182192	False	0.015649400062357037
SELECTIVE_CC_ONLY	4	CC_FOURIER_2	0.8030688106449578	False	0.015649400062357037
SELECTIVE_CC_ONLY	4	CC_FOURIER_3	0.0648703431734644	False	0.015649400062357037
SELECTIVE_CC_ONLY	4	CC_FOURIER_4	-0.0575522093000771	False	0.015649400062357037
COMBINED_4_V2_GEOMETRY_PLUS_4_CC	1	R_OG2P1-SG3O1	0.4947517762690639	True	1.5283283565611803
COMBINED_4_V2_GEOMETRY_PLUS_4_CC	1	R_CG312-SG3O1	0.31578348097650977	True	1.5283283565611803
COMBINED_4_V2_GEOMETRY_PLUS_4_CC	1	R_CG312-CG312	0.30555723361643117	True	1.5283283565611803
COMBINED_4_V2_GEOMETRY_PLUS_4_CC	1	TH_CG312-CG312-SG3O1	-0.16485781192693605	True	1.5283283565611803
COMBINED_4_V2_GEOMETRY_PLUS_4_CC	1	CC_FOURIER_1	0.5820005914970735	True	1.5283283565611803
COMBINED_4_V2_GEOMETRY_PLUS_4_CC	1	CC_FOURIER_2	-0.41633026603901624	True	1.5283283565611803
COMBINED_4_V2_GEOMETRY_PLUS_4_CC	1	CC_FOURIER_3	-0.15076118855149417	True	1.5283283565611803
COMBINED_4_V2_GEOMETRY_PLUS_4_CC	1	CC_FOURIER_4	-0.013177137617131112	True	1.5283283565611803
COMBINED_4_V2_GEOMETRY_PLUS_4_CC	2	R_OG2P1-SG3O1	0.15145783025324763	True	1.4367939002736179
COMBINED_4_V2_GEOMETRY_PLUS_4_CC	2	R_CG312-SG3O1	0.29813802742176276	True	1.4367939002736179
COMBINED_4_V2_GEOMETRY_PLUS_4_CC	2	R_CG312-CG312	-0.9294780871228269	True	1.4367939002736179
COMBINED_4_V2_GEOMETRY_PLUS_4_CC	2	TH_CG312-CG312-SG3O1	-0.05362037928610407	True	1.4367939002736179
COMBINED_4_V2_GEOMETRY_PLUS_4_CC	2	CC_FOURIER_1	0.11785202691982294	True	1.4367939002736179
COMBINED_4_V2_GEOMETRY_PLUS_4_CC	2	CC_FOURIER_2	-0.0818429756499097	True	1.4367939002736179
COMBINED_4_V2_GEOMETRY_PLUS_4_CC	2	CC_FOURIER_3	-0.023972316293055768	True	1.4367939002736179
COMBINED_4_V2_GEOMETRY_PLUS_4_CC	2	CC_FOURIER_4	0.01440617516717692	True	1.4367939002736179
COMBINED_4_V2_GEOMETRY_PLUS_4_CC	3	R_OG2P1-SG3O1	0.8188763427180759	True	1.1431010419439736
COMBINED_4_V2_GEOMETRY_PLUS_4_CC	3	R_CG312-SG3O1	-0.4772743093179514	True	1.1431010419439736
COMBINED_4_V2_GEOMETRY_PLUS_4_CC	3	R_CG312-CG312	-0.07120415233648891	True	1.1431010419439736
COMBINED_4_V2_GEOMETRY_PLUS_4_CC	3	TH_CG312-CG312-SG3O1	0.08424252178639498	True	1.1431010419439736
COMBINED_4_V2_GEOMETRY_PLUS_4_CC	3	CC_FOURIER_1	-0.23806400290495144	True	1.1431010419439736
COMBINED_4_V2_GEOMETRY_PLUS_4_CC	3	CC_FOURIER_2	0.17127166981254605	True	1.1431010419439736
COMBINED_4_V2_GEOMETRY_PLUS_4_CC	3	CC_FOURIER_3	0.058671052884587196	True	1.1431010419439736
COMBINED_4_V2_GEOMETRY_PLUS_4_CC	3	CC_FOURIER_4	0.0057609381839251895	True	1.1431010419439736
COMBINED_4_V2_GEOMETRY_PLUS_4_CC	4	R_OG2P1-SG3O1	0.24820140642807065	True	0.9408293180776449
COMBINED_4_V2_GEOMETRY_PLUS_4_CC	4	R_CG312-SG3O1	0.7599582408653276	True	0.9408293180776449
COMBINED_4_V2_GEOMETRY_PLUS_4_CC	4	R_CG312-CG312	0.19315938778471173	True	0.9408293180776449
COMBINED_4_V2_GEOMETRY_PLUS_4_CC	4	TH_CG312-CG312-SG3O1	0.04854797292351713	True	0.9408293180776449
COMBINED_4_V2_GEOMETRY_PLUS_4_CC	4	CC_FOURIER_1	-0.4469514681964639	True	0.9408293180776449
COMBINED_4_V2_GEOMETRY_PLUS_4_CC	4	CC_FOURIER_2	0.31550491469826447	True	0.9408293180776449
COMBINED_4_V2_GEOMETRY_PLUS_4_CC	4	CC_FOURIER_3	0.14792404757260985	True	0.9408293180776449
COMBINED_4_V2_GEOMETRY_PLUS_4_CC	4	CC_FOURIER_4	0.0012606552501725882	True	0.9408293180776449
COMBINED_4_V2_GEOMETRY_PLUS_4_CC	5	R_OG2P1-SG3O1	0.010204239904917698	True	0.2560844842132969
COMBINED_4_V2_GEOMETRY_PLUS_4_CC	5	R_CG312-SG3O1	0.0772491138815519	True	0.2560844842132969
COMBINED_4_V2_GEOMETRY_PLUS_4_CC	5	R_CG312-CG312	-0.0036375866187109054	True	0.2560844842132969
COMBINED_4_V2_GEOMETRY_PLUS_4_CC	5	TH_CG312-CG312-SG3O1	0.9440663186280318	True	0.2560844842132969
COMBINED_4_V2_GEOMETRY_PLUS_4_CC	5	CC_FOURIER_1	0.10076279035611957	True	0.2560844842132969
COMBINED_4_V2_GEOMETRY_PLUS_4_CC	5	CC_FOURIER_2	-0.05714044542141152	True	0.2560844842132969
COMBINED_4_V2_GEOMETRY_PLUS_4_CC	5	CC_FOURIER_3	-0.29221994570482934	True	0.2560844842132969
COMBINED_4_V2_GEOMETRY_PLUS_4_CC	5	CC_FOURIER_4	-0.06199463522873187	True	0.2560844842132969
COMBINED_4_V2_GEOMETRY_PLUS_4_CC	6	R_OG2P1-SG3O1	0.003783199729838855	False	0.12282170022624406
COMBINED_4_V2_GEOMETRY_PLUS_4_CC	6	R_CG312-SG3O1	0.00803430433290533	False	0.12282170022624406
COMBINED_4_V2_GEOMETRY_PLUS_4_CC	6	R_CG312-CG312	0.002931641732110469	False	0.12282170022624406
COMBINED_4_V2_GEOMETRY_PLUS_4_CC	6	TH_CG312-CG312-SG3O1	-0.2517780996618641	False	0.12282170022624406
COMBINED_4_V2_GEOMETRY_PLUS_4_CC	6	CC_FOURIER_1	-0.17028277953584003	False	0.12282170022624406
COMBINED_4_V2_GEOMETRY_PLUS_4_CC	6	CC_FOURIER_2	0.20754125668418388	False	0.12282170022624406
COMBINED_4_V2_GEOMETRY_PLUS_4_CC	6	CC_FOURIER_3	-0.9266381155876287	False	0.12282170022624406
COMBINED_4_V2_GEOMETRY_PLUS_4_CC	6	CC_FOURIER_4	0.07610871086026283	False	0.12282170022624406
COMBINED_4_V2_GEOMETRY_PLUS_4_CC	7	R_OG2P1-SG3O1	0.00034618435527909177	False	0.034575452420108975
COMBINED_4_V2_GEOMETRY_PLUS_4_CC	7	R_CG312-SG3O1	-0.005857399385867545	False	0.034575452420108975
COMBINED_4_V2_GEOMETRY_PLUS_4_CC	7	R_CG312-CG312	-0.017201503535839574	False	0.034575452420108975
COMBINED_4_V2_GEOMETRY_PLUS_4_CC	7	TH_CG312-CG312-SG3O1	-0.0760728566701595	False	0.034575452420108975
COMBINED_4_V2_GEOMETRY_PLUS_4_CC	7	CC_FOURIER_1	-0.022660374176141845	False	0.034575452420108975
COMBINED_4_V2_GEOMETRY_PLUS_4_CC	7	CC_FOURIER_2	0.03137171081284415	False	0.034575452420108975
COMBINED_4_V2_GEOMETRY_PLUS_4_CC	7	CC_FOURIER_3	-0.049961318145938655	False	0.034575452420108975
COMBINED_4_V2_GEOMETRY_PLUS_4_CC	7	CC_FOURIER_4	-0.994931550246029	False	0.034575452420108975
COMBINED_4_V2_GEOMETRY_PLUS_4_CC	8	R_OG2P1-SG3O1	0.000493722128116309	False	0.015347518295074948
COMBINED_4_V2_GEOMETRY_PLUS_4_CC	8	R_CG312-SG3O1	-0.000964771580944296	False	0.015347518295074948
COMBINED_4_V2_GEOMETRY_PLUS_4_CC	8	R_CG312-CG312	-0.002638912710701585	False	0.015347518295074948
COMBINED_4_V2_GEOMETRY_PLUS_4_CC	8	TH_CG312-CG312-SG3O1	-0.007248700627105002	False	0.015347518295074948
COMBINED_4_V2_GEOMETRY_PLUS_4_CC	8	CC_FOURIER_1	-0.5926915465579352	False	0.015347518295074948
COMBINED_4_V2_GEOMETRY_PLUS_4_CC	8	CC_FOURIER_2	-0.8023533591063108	False	0.015347518295074948
COMBINED_4_V2_GEOMETRY_PLUS_4_CC	8	CC_FOURIER_3	-0.06946760786749069	False	0.015347518295074948
COMBINED_4_V2_GEOMETRY_PLUS_4_CC	8	CC_FOURIER_4	-0.007706306503839839	False	0.015347518295074948
CC_ONLY	1	CC_FOURIER_1	0.7949688421420491	True	1.3020926779286082
CC_ONLY	1	CC_FOURIER_2	-0.5671586620751842	True	1.3020926779286082
CC_ONLY	1	CC_FOURIER_3	-0.21491765647903294	True	1.3020926779286082
CC_ONLY	1	CC_FOURIER_4	-0.01288382668222609	True	1.3020926779286082
CC_ONLY	2	CC_FOURIER_1	0.13609666184238126	False	0.1391506583411711
CC_ONLY	2	CC_FOURIER_2	-0.17853246061385	False	0.1391506583411711
CC_ONLY	2	CC_FOURIER_3	0.974475315942116	False	0.1391506583411711
CC_ONLY	2	CC_FOURIER_4	0.0013106342121197623	False	0.1391506583411711
CC_ONLY	3	CC_FOURIER_1	0.044070074973388176	False	0.046116439811835046
CC_ONLY	3	CC_FOURIER_2	0.03921349142252846	False	0.046116439811835046
CC_ONLY	3	CC_FOURIER_3	-0.00031325649352043766	False	0.046116439811835046
CC_ONLY	3	CC_FOURIER_4	0.9982584998148849	False	0.046116439811835046
CC_ONLY	4	CC_FOURIER_1	0.5895422522182192	False	0.015649400062357037
CC_ONLY	4	CC_FOURIER_2	0.8030688106449578	False	0.015649400062357037
CC_ONLY	4	CC_FOURIER_3	0.0648703431734644	False	0.015649400062357037
CC_ONLY	4	CC_FOURIER_4	-0.0575522093000771	False	0.015649400062357037
COMBINED	1	R_OG2P1-SG3O1	0.4947517762690639	True	1.5283283565611803
COMBINED	1	R_CG312-SG3O1	0.31578348097650977	True	1.5283283565611803
COMBINED	1	R_CG312-CG312	0.30555723361643117	True	1.5283283565611803
COMBINED	1	TH_CG312-CG312-SG3O1	-0.16485781192693605	True	1.5283283565611803
COMBINED	1	CC_FOURIER_1	0.5820005914970735	True	1.5283283565611803
COMBINED	1	CC_FOURIER_2	-0.41633026603901624	True	1.5283283565611803
COMBINED	1	CC_FOURIER_3	-0.15076118855149417	True	1.5283283565611803
COMBINED	1	CC_FOURIER_4	-0.013177137617131112	True	1.5283283565611803
COMBINED	2	R_OG2P1-SG3O1	0.15145783025324763	True	1.4367939002736179
COMBINED	2	R_CG312-SG3O1	0.29813802742176276	True	1.4367939002736179
COMBINED	2	R_CG312-CG312	-0.9294780871228269	True	1.4367939002736179
COMBINED	2	TH_CG312-CG312-SG3O1	-0.05362037928610407	True	1.4367939002736179
COMBINED	2	CC_FOURIER_1	0.11785202691982294	True	1.4367939002736179
COMBINED	2	CC_FOURIER_2	-0.0818429756499097	True	1.4367939002736179
COMBINED	2	CC_FOURIER_3	-0.023972316293055768	True	1.4367939002736179
COMBINED	2	CC_FOURIER_4	0.01440617516717692	True	1.4367939002736179
COMBINED	3	R_OG2P1-SG3O1	0.8188763427180759	True	1.1431010419439736
COMBINED	3	R_CG312-SG3O1	-0.4772743093179514	True	1.1431010419439736
COMBINED	3	R_CG312-CG312	-0.07120415233648891	True	1.1431010419439736
COMBINED	3	TH_CG312-CG312-SG3O1	0.08424252178639498	True	1.1431010419439736
COMBINED	3	CC_FOURIER_1	-0.23806400290495144	True	1.1431010419439736
COMBINED	3	CC_FOURIER_2	0.17127166981254605	True	1.1431010419439736
COMBINED	3	CC_FOURIER_3	0.058671052884587196	True	1.1431010419439736
COMBINED	3	CC_FOURIER_4	0.0057609381839251895	True	1.1431010419439736
COMBINED	4	R_OG2P1-SG3O1	0.24820140642807065	True	0.9408293180776449
COMBINED	4	R_CG312-SG3O1	0.7599582408653276	True	0.9408293180776449
COMBINED	4	R_CG312-CG312	0.19315938778471173	True	0.9408293180776449
COMBINED	4	TH_CG312-CG312-SG3O1	0.04854797292351713	True	0.9408293180776449
COMBINED	4	CC_FOURIER_1	-0.4469514681964639	True	0.9408293180776449
COMBINED	4	CC_FOURIER_2	0.31550491469826447	True	0.9408293180776449
COMBINED	4	CC_FOURIER_3	0.14792404757260985	True	0.9408293180776449
COMBINED	4	CC_FOURIER_4	0.0012606552501725882	True	0.9408293180776449
COMBINED	5	R_OG2P1-SG3O1	0.010204239904917698	True	0.2560844842132969
COMBINED	5	R_CG312-SG3O1	0.0772491138815519	True	0.2560844842132969
COMBINED	5	R_CG312-CG312	-0.0036375866187109054	True	0.2560844842132969
COMBINED	5	TH_CG312-CG312-SG3O1	0.9440663186280318	True	0.2560844842132969
COMBINED	5	CC_FOURIER_1	0.10076279035611957	True	0.2560844842132969
COMBINED	5	CC_FOURIER_2	-0.05714044542141152	True	0.2560844842132969
COMBINED	5	CC_FOURIER_3	-0.29221994570482934	True	0.2560844842132969
COMBINED	5	CC_FOURIER_4	-0.06199463522873187	True	0.2560844842132969
COMBINED	6	R_OG2P1-SG3O1	0.003783199729838855	False	0.12282170022624406
COMBINED	6	R_CG312-SG3O1	0.00803430433290533	False	0.12282170022624406
COMBINED	6	R_CG312-CG312	0.002931641732110469	False	0.12282170022624406
COMBINED	6	TH_CG312-CG312-SG3O1	-0.2517780996618641	False	0.12282170022624406
COMBINED	6	CC_FOURIER_1	-0.17028277953584003	False	0.12282170022624406
COMBINED	6	CC_FOURIER_2	0.20754125668418388	False	0.12282170022624406
COMBINED	6	CC_FOURIER_3	-0.9266381155876287	False	0.12282170022624406
COMBINED	6	CC_FOURIER_4	0.07610871086026283	False	0.12282170022624406
COMBINED	7	R_OG2P1-SG3O1	0.00034618435527909177	False	0.034575452420108975
COMBINED	7	R_CG312-SG3O1	-0.005857399385867545	False	0.034575452420108975
COMBINED	7	R_CG312-CG312	-0.017201503535839574	False	0.034575452420108975
COMBINED	7	TH_CG312-CG312-SG3O1	-0.0760728566701595	False	0.034575452420108975
COMBINED	7	CC_FOURIER_1	-0.022660374176141845	False	0.034575452420108975
COMBINED	7	CC_FOURIER_2	0.03137171081284415	False	0.034575452420108975
COMBINED	7	CC_FOURIER_3	-0.049961318145938655	False	0.034575452420108975
COMBINED	7	CC_FOURIER_4	-0.994931550246029	False	0.034575452420108975
COMBINED	8	R_OG2P1-SG3O1	0.000493722128116309	False	0.015347518295074948
COMBINED	8	R_CG312-SG3O1	-0.000964771580944296	False	0.015347518295074948
COMBINED	8	R_CG312-CG312	-0.002638912710701585	False	0.015347518295074948
COMBINED	8	TH_CG312-CG312-SG3O1	-0.007248700627105002	False	0.015347518295074948
COMBINED	8	CC_FOURIER_1	-0.5926915465579352	False	0.015347518295074948
COMBINED	8	CC_FOURIER_2	-0.8023533591063108	False	0.015347518295074948
COMBINED	8	CC_FOURIER_3	-0.06946760786749069	False	0.015347518295074948
COMBINED	8	CC_FOURIER_4	-0.007706306503839839	False	0.015347518295074948
CC_ONLY	1	CC_FOURIER_1	0.7914166655966984	True	1.2309663636565613
CC_ONLY	1	CC_FOURIER_2	-0.5633805263760826	True	1.2309663636565613
CC_ONLY	1	CC_FOURIER_3	-0.2371060579929648	True	1.2309663636565613
CC_ONLY	1	CC_FOURIER_4	-0.0065392032426303094	True	1.2309663636565613
CC_ONLY	2	CC_FOURIER_1	0.06482734074467415	False	0.015348252028677165
CC_ONLY	2	CC_FOURIER_2	-0.30842195393619753	False	0.015348252028677165
CC_ONLY	2	CC_FOURIER_3	0.947975846357853	False	0.015348252028677165
CC_ONLY	2	CC_FOURIER_4	0.04488996485033183	False	0.015348252028677165
CC_ONLY	3	CC_FOURIER_1	0.6076997496418093	False	0.010150185921625796
CC_ONLY	3	CC_FOURIER_2	0.7661211759859098	False	0.010150185921625796
CC_ONLY	3	CC_FOURIER_3	0.20850046295529734	False	0.010150185921625796
CC_ONLY	3	CC_FOURIER_4	-0.016938563654449602	False	0.010150185921625796
CC_ONLY	4	CC_FOURIER_1	0.012573447938399856	False	0.002901959403224203
CC_ONLY	4	CC_FOURIER_2	0.023165157809804097	False	0.002901959403224203
CC_ONLY	4	CC_FOURIER_3	-0.0406210405156677	False	0.002901959403224203
CC_ONLY	4	CC_FOURIER_4	0.9988269194099705	False	0.002901959403224203
COMBINED	1	R_OG2P1-SG3O1	0.5597493785741215	True	1.4274655386212405
COMBINED	1	R_CG312-SG3O1	0.33588918770876786	True	1.4274655386212405
COMBINED	1	R_CG312-CG312	-0.05221672174644047	True	1.4274655386212405
COMBINED	1	TH_CG312-CG312-SG3O1	-0.15425900932817593	True	1.4274655386212405
COMBINED	1	CC_FOURIER_1	0.585656287704873	True	1.4274655386212405
COMBINED	1	CC_FOURIER_2	-0.4166432040164111	True	1.4274655386212405
COMBINED	1	CC_FOURIER_3	-0.17529542647244362	True	1.4274655386212405
COMBINED	1	CC_FOURIER_4	-0.00482964324806614	True	1.4274655386212405
COMBINED	2	R_OG2P1-SG3O1	0.3439616968584152	True	1.2012561497645395
COMBINED	2	R_CG312-SG3O1	-0.4176336505200656	True	1.2012561497645395
COMBINED	2	R_CG312-CG312	0.8407114493050916	True	1.2012561497645395
COMBINED	2	TH_CG312-CG312-SG3O1	-0.01612230745268274	True	1.2012561497645395
COMBINED	2	CC_FOURIER_1	-0.011763379507384264	True	1.2012561497645395
COMBINED	2	CC_FOURIER_2	0.007515043140290251	True	1.2012561497645395
COMBINED	2	CC_FOURIER_3	0.004675584664478011	True	1.2012561497645395
COMBINED	2	CC_FOURIER_4	0.0003181108404101806	True	1.2012561497645395
COMBINED	3	R_OG2P1-SG3O1	0.7151549908643288	True	1.11129911150059
COMBINED	3	R_CG312-SG3O1	-0.32139155326444546	True	1.11129911150059
COMBINED	3	R_CG312-CG312	-0.4569050183252896	True	1.11129911150059
COMBINED	3	TH_CG312-CG312-SG3O1	0.12229437095711385	True	1.11129911150059
COMBINED	3	CC_FOURIER_1	-0.3180649583084927	True	1.11129911150059
COMBINED	3	CC_FOURIER_2	0.22720616483199108	True	1.11129911150059
COMBINED	3	CC_FOURIER_3	0.09353413401908428	True	1.11129911150059
COMBINED	3	CC_FOURIER_4	0.0024710980015280565	True	1.11129911150059
COMBINED	4	R_OG2P1-SG3O1	0.2385652122581783	True	0.8718470468573873
COMBINED	4	R_CG312-SG3O1	0.776358375771344	True	0.8718470468573873
COMBINED	4	R_CG312-CG312	0.27922699782039984	True	0.8718470468573873
COMBINED	4	TH_CG312-CG312-SG3O1	0.0050975796328210365	True	0.8718470468573873
COMBINED	4	CC_FOURIER_1	-0.4047542573338855	True	0.8718470468573873
COMBINED	4	CC_FOURIER_2	0.2884098275476863	True	0.8718470468573873
COMBINED	4	CC_FOURIER_3	0.1238631685697867	True	0.8718470468573873
COMBINED	4	CC_FOURIER_4	0.0035054608608117025	True	0.8718470468573873
COMBINED	5	R_OG2P1-SG3O1	0.003269459348353166	False	0.1637617137044374
COMBINED	5	R_CG312-SG3O1	0.08205490131483631	False	0.1637617137044374
COMBINED	5	R_CG312-CG312	0.06120560022393377	False	0.1637617137044374
COMBINED	5	TH_CG312-CG312-SG3O1	0.979938498499076	False	0.1637617137044374
COMBINED	5	CC_FOURIER_1	0.13837182856879837	False	0.1637617137044374
COMBINED	5	CC_FOURIER_2	-0.07994997700594976	False	0.1637617137044374
COMBINED	5	CC_FOURIER_3	-0.06040087078979537	False	0.1637617137044374
COMBINED	5	CC_FOURIER_4	-0.006609879688526079	False	0.1637617137044374
COMBINED	6	R_OG2P1-SG3O1	0.00034408181093651926	False	0.014464475901437077
COMBINED	6	R_CG312-SG3O1	-6.108793671607822e-05	False	0.014464475901437077
COMBINED	6	R_CG312-CG312	-0.0012428819005184475	False	0.014464475901437077
COMBINED	6	TH_CG312-CG312-SG3O1	0.022991573792527087	False	0.014464475901437077
COMBINED	6	CC_FOURIER_1	0.10432174916936589	False	0.014464475901437077
COMBINED	6	CC_FOURIER_2	-0.2646856961510541	False	0.014464475901437077
COMBINED	6	CC_FOURIER_3	0.9579975048136027	False	0.014464475901437077
COMBINED	6	CC_FOURIER_4	0.027730061833376667	False	0.014464475901437077
COMBINED	7	R_OG2P1-SG3O1	0.00039378198269546624	False	0.009945456459065286
COMBINED	7	R_CG312-SG3O1	0.0016077161982696799	False	0.009945456459065286
COMBINED	7	R_CG312-CG312	0.00029314518816479416	False	0.009945456459065286
COMBINED	7	TH_CG312-CG312-SG3O1	0.01147990007252359	False	0.009945456459065286
COMBINED	7	CC_FOURIER_1	-0.6015145339156828	False	0.009945456459065286
COMBINED	7	CC_FOURIER_2	-0.7842587080946912	False	0.009945456459065286
COMBINED	7	CC_FOURIER_3	-0.15156113804371488	False	0.009945456459065286
COMBINED	7	CC_FOURIER_4	0.0036265473027511925	False	0.009945456459065286
COMBINED	8	R_OG2P1-SG3O1	1.11451700564692e-06	False	0.002795856271230897
COMBINED	8	R_CG312-SG3O1	0.0003661702855672255	False	0.002795856271230897
COMBINED	8	R_CG312-CG312	6.860371046716753e-05	False	0.002795856271230897
COMBINED	8	TH_CG312-CG312-SG3O1	0.0047401841553441435	False	0.002795856271230897
COMBINED	8	CC_FOURIER_1	0.00524254113899085	False	0.002795856271230897
COMBINED	8	CC_FOURIER_2	0.006070989805383169	False	0.002795856271230897
COMBINED	8	CC_FOURIER_3	-0.027940483615751303	False	0.002795856271230897
COMBINED	8	CC_FOURIER_4	0.9995660959067646	False	0.002795856271230897
CC_ONLY	1	CC_FOURIER_1	0.7043503707181635	False	0.015062352293814753
CC_ONLY	1	CC_FOURIER_2	-0.6503704798597564	False	0.015062352293814753
CC_ONLY	1	CC_FOURIER_3	-0.28443446219267254	False	0.015062352293814753
CC_ONLY	1	CC_FOURIER_4	-0.0024147284197602826	False	0.015062352293814753
CC_ONLY	2	CC_FOURIER_1	0.35666041669064236	False	0.010245343031151481
CC_ONLY	2	CC_FOURIER_2	-0.020417312809286492	False	0.010245343031151481
CC_ONLY	2	CC_FOURIER_3	0.9290757755717296	False	0.010245343031151481
CC_ONLY	2	CC_FOURIER_4	0.09588891359012312	False	0.010245343031151481
CC_ONLY	3	CC_FOURIER_1	0.6137187792673531	False	0.009953905901286518
CC_ONLY	3	CC_FOURIER_2	0.7585960047660542	False	0.009953905901286518
CC_ONLY	3	CC_FOURIER_3	-0.21442570434615887	False	0.009953905901286518
CC_ONLY	3	CC_FOURIER_4	-0.04362314572820144	False	0.009953905901286518
CC_ONLY	4	CC_FOURIER_1	0.00575868125815883	False	0.0021387196986881645
CC_ONLY	4	CC_FOURIER_2	-0.03366710289909672	False	0.0021387196986881645
CC_ONLY	4	CC_FOURIER_3	0.09968378643795474	False	0.0021387196986881645
CC_ONLY	4	CC_FOURIER_4	-0.9944327561448991	False	0.0021387196986881645
COMBINED	1	R_OG2P1-SG3O1	0.43685481644627916	True	1.2012190532438993
COMBINED	1	R_CG312-SG3O1	-0.40252208892967145	True	1.2012190532438993
COMBINED	1	R_CG312-CG312	0.8042345343895847	True	1.2012190532438993
COMBINED	1	TH_CG312-CG312-SG3O1	-0.018414387384866622	True	1.2012190532438993
COMBINED	1	CC_FOURIER_1	0.00019257628411872377	True	1.2012190532438993
COMBINED	1	CC_FOURIER_2	-0.0008682119794224384	True	1.2012190532438993
COMBINED	1	CC_FOURIER_3	0.0008506941300618257	True	1.2012190532438993
COMBINED	1	CC_FOURIER_4	0.00021620735140339835	True	1.2012190532438993
COMBINED	2	R_OG2P1-SG3O1	0.891764021128781	True	1.1732743543308595
COMBINED	2	R_CG312-SG3O1	0.07676488565029502	True	1.1732743543308595
COMBINED	2	R_CG312-CG312	-0.44555068733880293	True	1.1732743543308595
COMBINED	2	TH_CG312-CG312-SG3O1	0.01863927289104444	True	1.1732743543308595
COMBINED	2	CC_FOURIER_1	4.589831858740246e-05	True	1.1732743543308595
COMBINED	2	CC_FOURIER_2	0.0007837558583187463	True	1.1732743543308595
COMBINED	2	CC_FOURIER_3	-0.0007825881405558732	True	1.1732743543308595
COMBINED	2	CC_FOURIER_4	-0.00012901642700425533	True	1.1732743543308595
COMBINED	3	R_OG2P1-SG3O1	0.11791214556242305	True	0.9416341352631233
COMBINED	3	R_CG312-SG3O1	0.9083541627689629	True	0.9416341352631233
COMBINED	3	R_CG312-CG312	0.3882683565678578	True	0.9416341352631233
COMBINED	3	TH_CG312-CG312-SG3O1	-0.10110608681597419	True	0.9416341352631233
COMBINED	3	CC_FOURIER_1	-0.0015806066032139016	True	0.9416341352631233
COMBINED	3	CC_FOURIER_2	0.0011836476023987562	True	0.9416341352631233
COMBINED	3	CC_FOURIER_3	0.0032781237817370032	True	0.9416341352631233
COMBINED	3	CC_FOURIER_4	0.00019486305021578304	True	0.9416341352631233
COMBINED	4	R_OG2P1-SG3O1	0.003360130148755089	False	0.16381405136257685
COMBINED	4	R_CG312-SG3O1	0.08349421006078678	False	0.16381405136257685
COMBINED	4	R_CG312-CG312	0.06275664158220498	False	0.16381405136257685
COMBINED	4	TH_CG312-CG312-SG3O1	0.9939283260572014	False	0.16381405136257685
COMBINED	4	CC_FOURIER_1	0.017533219714404125	False	0.16381405136257685
COMBINED	4	CC_FOURIER_2	0.007290689918164112	False	0.16381405136257685
COMBINED	4	CC_FOURIER_3	-0.02826224539243487	False	0.16381405136257685
COMBINED	4	CC_FOURIER_4	-0.005117669635823056	False	0.16381405136257685
COMBINED	5	R_OG2P1-SG3O1	0.0003339543916324136	False	0.014664353218876068
COMBINED	5	R_CG312-SG3O1	0.001537663111695912	False	0.014664353218876068
COMBINED	5	R_CG312-CG312	-0.0004276729830433724	False	0.014664353218876068
COMBINED	5	TH_CG312-CG312-SG3O1	-0.01212582829273538	False	0.014664353218876068
COMBINED	5	CC_FOURIER_1	0.6926938469991741	False	0.014664353218876068
COMBINED	5	CC_FOURIER_2	-0.699307126623778	False	0.014664353218876068
COMBINED	5	CC_FOURIER_3	-0.1756458288292819	False	0.014664353218876068
COMBINED	5	CC_FOURIER_4	0.01198437516971901	False	0.014664353218876068
COMBINED	6	R_OG2P1-SG3O1	0.0002310132562773691	False	0.010033349236147005
COMBINED	6	R_CG312-SG3O1	0.0011615811315424402	False	0.010033349236147005
COMBINED	6	R_CG312-CG312	0.0006286603096811804	False	0.010033349236147005
COMBINED	6	TH_CG312-CG312-SG3O1	-0.00016433536711578628	False	0.010033349236147005
COMBINED	6	CC_FOURIER_1	-0.661456650530738	False	0.010033349236147005
COMBINED	6	CC_FOURIER_2	-0.5207216410893442	False	0.010033349236147005
COMBINED	6	CC_FOURIER_3	-0.5381854477640982	False	0.010033349236147005
COMBINED	6	CC_FOURIER_4	-0.04097158682656893	False	0.010033349236147005
COMBINED	7	R_OG2P1-SG3O1	0.00026556326914271806	False	0.00816763872184597
COMBINED	7	R_CG312-SG3O1	0.0008581045295661636	False	0.00816763872184597
COMBINED	7	R_CG312-CG312	-0.00032145874076324935	False	0.00816763872184597
COMBINED	7	TH_CG312-CG312-SG3O1	0.03226376305305263	False	0.00816763872184597
COMBINED	7	CC_FOURIER_1	-0.2865015590734048	False	0.00816763872184597
COMBINED	7	CC_FOURIER_2	-0.48924088136616706	False	0.00816763872184597
COMBINED	7	CC_FOURIER_3	0.8203466116590648	False	0.00816763872184597
COMBINED	7	CC_FOURIER_4	0.06745215177262147	False	0.00816763872184597
COMBINED	8	R_OG2P1-SG3O1	2.3778510574108554e-06	False	0.002091911415522046
COMBINED	8	R_CG312-SG3O1	0.0003195300582862707	False	0.002091911415522046
COMBINED	8	R_CG312-CG312	6.692396027359085e-05	False	0.002091911415522046
COMBINED	8	TH_CG312-CG312-SG3O1	0.003084896915843221	False	0.002091911415522046
COMBINED	8	CC_FOURIER_1	-0.01603867649095397	False	0.002091911415522046
COMBINED	8	CC_FOURIER_2	0.02014824826270105	False	0.002091911415522046
COMBINED	8	CC_FOURIER_3	-0.07566747408545062	False	0.002091911415522046
COMBINED	8	CC_FOURIER_4	0.9967956757234556	False	0.002091911415522046
CC_ONLY	1	CC_FOURIER_1	0.806344117303156	True	0.500355447756023
CC_ONLY	1	CC_FOURIER_2	-0.5850632608094614	True	0.500355447756023
CC_ONLY	1	CC_FOURIER_3	-0.072454081904553	True	0.500355447756023
CC_ONLY	1	CC_FOURIER_4	-0.04754525588281742	True	0.500355447756023
CC_ONLY	2	CC_FOURIER_1	0.02268772190683459	True	0.1173196159751349
CC_ONLY	2	CC_FOURIER_2	-0.10099357024354691	True	0.1173196159751349
CC_ONLY	2	CC_FOURIER_3	0.9869224750139558	True	0.1173196159751349
CC_ONLY	2	CC_FOURIER_4	0.12357020011502252	True	0.1173196159751349
CC_ONLY	3	CC_FOURIER_1	0.08956508248670274	True	0.0398976617436585
CC_ONLY	3	CC_FOURIER_2	0.058051169017869664	True	0.0398976617436585
CC_ONLY	3	CC_FOURIER_3	-0.11970534244910866	True	0.0398976617436585
CC_ONLY	3	CC_FOURIER_4	0.9870556158413518	True	0.0398976617436585
CC_ONLY	4	CC_FOURIER_1	0.5841853539454941	True	0.01168403249488143
CC_ONLY	4	CC_FOURIER_2	0.8025779347802434	True	0.01168403249488143
CC_ONLY	4	CC_FOURIER_3	0.08003165196868559	True	0.01168403249488143
CC_ONLY	4	CC_FOURIER_4	-0.09050450553768138	True	0.01168403249488143
COMBINED	1	R_OG2P1-SG3O1	0.07498236127258219	True	0.8714485354246203
COMBINED	1	R_CG312-SG3O1	0.09023965130331413	True	0.8714485354246203
COMBINED	1	R_CG312-CG312	0.9423700295426949	True	0.8714485354246203
COMBINED	1	TH_CG312-CG312-SG3O1	0.03563143302230601	True	0.8714485354246203
COMBINED	1	CC_FOURIER_1	0.24238255849714424	True	0.8714485354246203
COMBINED	1	CC_FOURIER_2	-0.17997951445354665	True	0.8714485354246203
COMBINED	1	CC_FOURIER_3	-0.055264191016582795	True	0.8714485354246203
COMBINED	1	CC_FOURIER_4	-0.0520338172330974	True	0.8714485354246203
COMBINED	2	R_OG2P1-SG3O1	0.3752724383595542	True	0.5818957397566779
COMBINED	2	R_CG312-SG3O1	0.5359260926960489	True	0.5818957397566779
COMBINED	2	R_CG312-CG312	-0.2686540420600381	True	0.5818957397566779
COMBINED	2	TH_CG312-CG312-SG3O1	-0.3174691662187291	True	0.5818957397566779
COMBINED	2	CC_FOURIER_1	0.5091601685493581	True	0.5818957397566779
COMBINED	2	CC_FOURIER_2	-0.3719027183424971	True	0.5818957397566779
COMBINED	2	CC_FOURIER_3	0.037482157832648244	True	0.5818957397566779
COMBINED	2	CC_FOURIER_4	0.005615430247730126	True	0.5818957397566779
COMBINED	3	R_OG2P1-SG3O1	0.2421205696221833	True	0.3430395405327942
COMBINED	3	R_CG312-SG3O1	0.7031195106057928	True	0.3430395405327942
COMBINED	3	R_CG312-CG312	0.10899254519746243	True	0.3430395405327942
COMBINED	3	TH_CG312-CG312-SG3O1	0.20763158004995333	True	0.3430395405327942
COMBINED	3	CC_FOURIER_1	-0.49683381036543756	True	0.3430395405327942
COMBINED	3	CC_FOURIER_2	0.33903259506378364	True	0.3430395405327942
COMBINED	3	CC_FOURIER_3	0.1733404582199816	True	0.3430395405327942
COMBINED	3	CC_FOURIER_4	0.013284785839493982	True	0.3430395405327942
COMBINED	4	R_OG2P1-SG3O1	0.7492803732439977	True	0.1418034308730684
COMBINED	4	R_CG312-SG3O1	-0.3675910020537109	True	0.1418034308730684
COMBINED	4	R_CG312-CG312	0.08071081712575567	True	0.1418034308730684
COMBINED	4	TH_CG312-CG312-SG3O1	-0.4252472497012527	True	0.1418034308730684
COMBINED	4	CC_FOURIER_1	-0.22519448958265598	True	0.1418034308730684
COMBINED	4	CC_FOURIER_2	0.20778351866640163	True	0.1418034308730684
COMBINED	4	CC_FOURIER_3	-0.1490252082385133	True	0.1418034308730684
COMBINED	4	CC_FOURIER_4	0.0033550920376190342	True	0.1418034308730684
COMBINED	5	R_OG2P1-SG3O1	0.298205068824012	True	0.12275583455604229
COMBINED	5	R_CG312-SG3O1	0.004732546278309158	True	0.12275583455604229
COMBINED	5	R_CG312-CG312	-0.1286990424229377	True	0.12275583455604229
COMBINED	5	TH_CG312-CG312-SG3O1	0.6462567610536696	True	0.12275583455604229
COMBINED	5	CC_FOURIER_1	0.13919205460991496	True	0.12275583455604229
COMBINED	5	CC_FOURIER_2	-0.028298177813459915	True	0.12275583455604229
COMBINED	5	CC_FOURIER_3	-0.675635396154991	True	0.12275583455604229
COMBINED	5	CC_FOURIER_4	0.013479307609294933	True	0.12275583455604229
COMBINED	6	R_OG2P1-SG3O1	0.3780251359546384	True	0.04738569392912682
COMBINED	6	R_CG312-SG3O1	-0.2724454715836382	True	0.04738569392912682
COMBINED	6	R_CG312-CG312	-0.047267966285775974	True	0.04738569392912682
COMBINED	6	TH_CG312-CG312-SG3O1	0.5058367508760122	True	0.04738569392912682
COMBINED	6	CC_FOURIER_1	0.16420288141096856	True	0.04738569392912682
COMBINED	6	CC_FOURIER_2	-0.11411038434503024	True	0.04738569392912682
COMBINED	6	CC_FOURIER_3	0.6960526106870852	True	0.04738569392912682
COMBINED	6	CC_FOURIER_4	-0.017099108254804492	True	0.04738569392912682
COMBINED	7	R_OG2P1-SG3O1	0.01594689325266784	True	0.016684763830694116
COMBINED	7	R_CG312-SG3O1	-0.021823261229073472	True	0.016684763830694116
COMBINED	7	R_CG312-CG312	0.04117477953802228	True	0.016684763830694116
COMBINED	7	TH_CG312-CG312-SG3O1	0.011244203612757783	True	0.016684763830694116
COMBINED	7	CC_FOURIER_1	-0.2294389144334751	True	0.016684763830694116
COMBINED	7	CC_FOURIER_2	-0.3556139441108545	True	0.016684763830694116
COMBINED	7	CC_FOURIER_3	-0.0045285451110472245	True	0.016684763830694116
COMBINED	7	CC_FOURIER_4	0.9046124290859114	True	0.016684763830694116
COMBINED	8	R_OG2P1-SG3O1	0.037699133313096315	True	0.007139146638549856
COMBINED	8	R_CG312-SG3O1	-0.02036297629131836	True	0.007139146638549856
COMBINED	8	R_CG312-CG312	-0.029615123963872447	True	0.007139146638549856
COMBINED	8	TH_CG312-CG312-SG3O1	0.018777145932654653	True	0.007139146638549856
COMBINED	8	CC_FOURIER_1	-0.5342948577816646	True	0.007139146638549856
COMBINED	8	CC_FOURIER_2	-0.7286256977299401	True	0.007139146638549856
COMBINED	8	CC_FOURIER_3	-0.04788106918610033	True	0.007139146638549856
COMBINED	8	CC_FOURIER_4	-0.4222268211950236	True	0.007139146638549856
CC_ONLY	1	CC_FOURIER_1	0.6943023406546316	False	0.011790530617734026
CC_ONLY	1	CC_FOURIER_2	-0.6418658821645579	False	0.011790530617734026
CC_ONLY	1	CC_FOURIER_3	0.3204189873103355	False	0.011790530617734026
CC_ONLY	1	CC_FOURIER_4	0.057307256483213415	False	0.011790530617734026
CC_ONLY	2	CC_FOURIER_1	0.6238539182681777	False	0.008747249713909184
CC_ONLY	2	CC_FOURIER_2	0.31191683969281814	False	0.008747249713909184
CC_ONLY	2	CC_FOURIER_3	-0.7110511165236073	False	0.008747249713909184
CC_ONLY	2	CC_FOURIER_4	-0.08899709808762718	False	0.008747249713909184
CC_ONLY	3	CC_FOURIER_1	0.3404868978472405	False	0.0030518223310000217
CC_ONLY	3	CC_FOURIER_2	0.6746926191808718	False	0.0030518223310000217
CC_ONLY	3	CC_FOURIER_3	0.550258547303385	False	0.0030518223310000217
CC_ONLY	3	CC_FOURIER_4	0.355069110366963	False	0.0030518223310000217
CC_ONLY	4	CC_FOURIER_1	0.11322199793902779	False	0.0014420360998627234
CC_ONLY	4	CC_FOURIER_2	0.1884302100301695	False	0.0014420360998627234
CC_ONLY	4	CC_FOURIER_3	0.29825075587686123	False	0.0014420360998627234
CC_ONLY	4	CC_FOURIER_4	-0.928827929031832	False	0.0014420360998627234
COMBINED	1	R_OG2P1-SG3O1	0.4570887144517008	True	0.8474580996436386
COMBINED	1	R_CG312-SG3O1	-0.38778170541406143	True	0.8474580996436386
COMBINED	1	R_CG312-CG312	0.8002412900002279	True	0.8474580996436386
COMBINED	1	TH_CG312-CG312-SG3O1	-0.017394499937991262	True	0.8474580996436386
COMBINED	1	CC_FOURIER_1	0.0008717708506412207	True	0.8474580996436386
COMBINED	1	CC_FOURIER_2	-0.0009659772407991539	True	0.8474580996436386
COMBINED	1	CC_FOURIER_3	0.002116712003904701	True	0.8474580996436386
COMBINED	1	CC_FOURIER_4	0.0006258207244925573	True	0.8474580996436386
COMBINED	2	R_OG2P1-SG3O1	0.8818756792470803	True	0.8301772756349931
COMBINED	2	R_CG312-SG3O1	0.08087822614248626	True	0.8301772756349931
COMBINED	2	R_CG312-CG312	-0.4641136906858008	True	0.8301772756349931
COMBINED	2	TH_CG312-CG312-SG3O1	0.018647425344793578	True	0.8301772756349931
COMBINED	2	CC_FOURIER_1	-0.0003322201710798274	True	0.8301772756349931
COMBINED	2	CC_FOURIER_2	0.0015978624886213099	True	0.8301772756349931
COMBINED	2	CC_FOURIER_3	-0.00140043749100116	True	0.8301772756349931
COMBINED	2	CC_FOURIER_4	-0.00036024244605361883	True	0.8301772756349931
COMBINED	3	R_OG2P1-SG3O1	0.11557795228399267	True	0.6667241034908723
COMBINED	3	R_CG312-SG3O1	0.9147421636620158	True	0.6667241034908723
COMBINED	3	R_CG312-CG312	0.3751675144202789	True	0.6667241034908723
COMBINED	3	TH_CG312-CG312-SG3O1	-0.09549757478732131	True	0.6667241034908723
COMBINED	3	CC_FOURIER_1	0.0014402512890173864	True	0.6667241034908723
COMBINED	3	CC_FOURIER_2	-0.003995873413639672	True	0.6667241034908723
COMBINED	3	CC_FOURIER_3	8.60552374484097e-05	True	0.6667241034908723
COMBINED	3	CC_FOURIER_4	-0.0001075388553503136	True	0.6667241034908723
COMBINED	4	R_OG2P1-SG3O1	0.0025210806643986903	True	0.11877865124718379
COMBINED	4	R_CG312-SG3O1	0.0793894302858773	True	0.11877865124718379
COMBINED	4	R_CG312-CG312	0.05874989246221527	True	0.11877865124718379
COMBINED	4	TH_CG312-CG312-SG3O1	0.9935471302458967	True	0.11877865124718379
COMBINED	4	CC_FOURIER_1	0.023777741187701477	True	0.11877865124718379
COMBINED	4	CC_FOURIER_2	0.025794616125799082	True	0.11877865124718379
COMBINED	4	CC_FOURIER_3	-0.04294777855518119	True	0.11877865124718379
COMBINED	4	CC_FOURIER_4	-0.0053158016420467155	True	0.11877865124718379
COMBINED	5	R_OG2P1-SG3O1	0.00014808728640817892	False	0.011317474349069313
COMBINED	5	R_CG312-SG3O1	-0.0019009360839706464	False	0.011317474349069313
COMBINED	5	R_CG312-CG312	-0.0030387480689230664	False	0.011317474349069313
COMBINED	5	TH_CG312-CG312-SG3O1	0.006040290345317965	False	0.011317474349069313
COMBINED	5	CC_FOURIER_1	0.7886561628139163	False	0.011317474349069313
COMBINED	5	CC_FOURIER_2	-0.5727054894964704	False	0.011317474349069313
COMBINED	5	CC_FOURIER_3	0.21946165017861458	False	0.011317474349069313
COMBINED	5	CC_FOURIER_4	0.0426275576592857	False	0.011317474349069313
COMBINED	6	R_OG2P1-SG3O1	0.0006848250017009008	False	0.005551899953630609
COMBINED	6	R_CG312-SG3O1	0.004270422812082777	False	0.005551899953630609
COMBINED	6	R_CG312-CG312	0.0008952116884700073	False	0.005551899953630609
COMBINED	6	TH_CG312-CG312-SG3O1	0.055294479985390256	False	0.005551899953630609
COMBINED	6	CC_FOURIER_1	-0.5114017675128242	False	0.005551899953630609
COMBINED	6	CC_FOURIER_2	-0.41061673967907963	False	0.005551899953630609
COMBINED	6	CC_FOURIER_3	0.7477336574070839	False	0.005551899953630609
COMBINED	6	CC_FOURIER_4	0.08763285025382712	False	0.005551899953630609
COMBINED	7	R_OG2P1-SG3O1	0.0002622812708062576	False	0.0025309309623279524
COMBINED	7	R_CG312-SG3O1	-0.002423177175232478	False	0.0025309309623279524
COMBINED	7	R_CG312-CG312	-5.9952759810153716e-05	False	0.0025309309623279524
COMBINED	7	TH_CG312-CG312-SG3O1	-0.00020580274144025944	False	0.0025309309623279524
COMBINED	7	CC_FOURIER_1	-0.3091214055771596	False	0.0025309309623279524
COMBINED	7	CC_FOURIER_2	-0.6584383388050137	False	0.0025309309623279524
COMBINED	7	CC_FOURIER_3	-0.5205708515069861	False	0.0025309309623279524
COMBINED	7	CC_FOURIER_4	-0.4471050353538826	False	0.0025309309623279524
COMBINED	8	R_OG2P1-SG3O1	0.00012192178818808401	False	0.001380337214814258
COMBINED	8	R_CG312-SG3O1	-0.0006572696648628482	False	0.001380337214814258
COMBINED	8	R_CG312-CG312	-0.00032736529731822606	False	0.001380337214814258
COMBINED	8	TH_CG312-CG312-SG3O1	0.00010540741071114622	False	0.001380337214814258
COMBINED	8	CC_FOURIER_1	-0.14270711264673444	False	0.001380337214814258
COMBINED	8	CC_FOURIER_2	-0.26301417050350656	False	0.001380337214814258
COMBINED	8	CC_FOURIER_3	-0.34624556236808834	False	0.001380337214814258
COMBINED	8	CC_FOURIER_4	0.8891409739224123	False	0.001380337214814258
CC_ONLY	1	CC_FOURIER_1	0.2973380284177532	False	0.012072451196338102
CC_ONLY	1	CC_FOURIER_2	-0.7266567425468146	False	0.012072451196338102
CC_ONLY	1	CC_FOURIER_3	-0.6189565195574447	False	0.012072451196338102
CC_ONLY	1	CC_FOURIER_4	-0.021281500539924843	False	0.012072451196338102
CC_ONLY	2	CC_FOURIER_1	0.9431179384497915	False	0.007674880903329351
CC_ONLY	2	CC_FOURIER_2	0.32412767438166673	False	0.007674880903329351
CC_ONLY	2	CC_FOURIER_3	0.07295184895398546	False	0.007674880903329351
CC_ONLY	2	CC_FOURIER_4	-0.012158643359450421	False	0.007674880903329351
CC_ONLY	3	CC_FOURIER_1	0.1197099679306459	False	0.0016482371898891028
CC_ONLY	3	CC_FOURIER_2	-0.5213027915393378	False	0.0016482371898891028
CC_ONLY	3	CC_FOURIER_3	0.6864562303359224	False	0.0016482371898891028
CC_ONLY	3	CC_FOURIER_4	-0.49263654649683963	False	0.0016482371898891028
CC_ONLY	4	CC_FOURIER_1	0.08825063517563124	False	0.0010987433864558902
CC_ONLY	4	CC_FOURIER_2	-0.30847143910657115	False	0.0010987433864558902
CC_ONLY	4	CC_FOURIER_3	0.37463141681461376	False	0.0010987433864558902
CC_ONLY	4	CC_FOURIER_4	0.8698899345216575	False	0.0010987433864558902
COMBINED	1	R_OG2P1-SG3O1	0.4198794116269456	True	0.8514007509599706
COMBINED	1	R_CG312-SG3O1	-0.41641867689563833	True	0.8514007509599706
COMBINED	1	R_CG312-CG312	0.8061780410318392	True	0.8514007509599706
COMBINED	1	TH_CG312-CG312-SG3O1	-0.019302311215857345	True	0.8514007509599706
COMBINED	1	CC_FOURIER_1	-0.0004409243996931346	True	0.8514007509599706
COMBINED	1	CC_FOURIER_2	-0.000827227361536701	True	0.8514007509599706
COMBINED	1	CC_FOURIER_3	-0.00048189840819668405	True	0.8514007509599706
COMBINED	1	CC_FOURIER_4	-0.00020302359285799093	True	0.8514007509599706
COMBINED	2	R_OG2P1-SG3O1	0.8995893529034616	True	0.8290754340010229
COMBINED	2	R_CG312-SG3O1	0.07354475854019163	True	0.8290754340010229
COMBINED	2	R_CG312-CG312	-0.43009551536422713	True	0.8290754340010229
COMBINED	2	TH_CG312-CG312-SG3O1	0.018649912346808063	True	0.8290754340010229
COMBINED	2	CC_FOURIER_1	0.00038095180952187584	True	0.8290754340010229
COMBINED	2	CC_FOURIER_2	2.3110773935524622e-06	True	0.8290754340010229
COMBINED	2	CC_FOURIER_3	-0.0002009288062926853	True	0.8290754340010229
COMBINED	2	CC_FOURIER_4	8.697715164438695e-05	True	0.8290754340010229
COMBINED	3	R_OG2P1-SG3O1	0.12009297680588789	True	0.664907565046993
COMBINED	3	R_CG312-SG3O1	0.9019146234211242	True	0.664907565046993
COMBINED	3	R_CG312-CG312	0.40077333241645113	True	0.664907565046993
COMBINED	3	TH_CG312-CG312-SG3O1	-0.106790808923359	True	0.664907565046993
COMBINED	3	CC_FOURIER_1	-0.004650042066109143	True	0.664907565046993
COMBINED	3	CC_FOURIER_2	0.006413433574840562	True	0.664907565046993
COMBINED	3	CC_FOURIER_3	0.006416056668470367	True	0.664907565046993
COMBINED	3	CC_FOURIER_4	0.00047679107677130503	True	0.664907565046993
COMBINED	4	R_OG2P1-SG3O1	0.004190635108369329	False	0.11274762333358614
COMBINED	4	R_CG312-SG3O1	0.08760752353581557	False	0.11274762333358614
COMBINED	4	R_CG312-CG312	0.06684801436878551	False	0.11274762333358614
COMBINED	4	TH_CG312-CG312-SG3O1	0.9937203720083235	False	0.11274762333358614
COMBINED	4	CC_FOURIER_1	0.009205027891535586	False	0.11274762333358614
COMBINED	4	CC_FOURIER_2	-0.0111184707908161	False	0.11274762333358614
COMBINED	4	CC_FOURIER_3	-0.0112242176960708	False	0.11274762333358614
COMBINED	4	CC_FOURIER_4	-0.0049182958228973245	False	0.11274762333358614
COMBINED	5	R_OG2P1-SG3O1	0.0005415354541724514	False	0.00993776586033587
COMBINED	5	R_CG312-SG3O1	0.007412959701898149	False	0.00993776586033587
COMBINED	5	R_CG312-CG312	0.0020151041406815343	False	0.00993776586033587
COMBINED	5	TH_CG312-CG312-SG3O1	-0.01738329286101692	False	0.00993776586033587
COMBINED	5	CC_FOURIER_1	0.10135687755091796	False	0.00993776586033587
COMBINED	5	CC_FOURIER_2	-0.7896935182621597	False	0.00993776586033587
COMBINED	5	CC_FOURIER_3	-0.604766019043164	False	0.00993776586033587
COMBINED	5	CC_FOURIER_4	0.002740082291491194	False	0.00993776586033587
COMBINED	6	R_OG2P1-SG3O1	0.00031168731041755673	False	0.0074085957061600025
COMBINED	6	R_CG312-SG3O1	0.002524289008636124	False	0.0074085957061600025
COMBINED	6	R_CG312-CG312	0.0016226424695045412	False	0.0074085957061600025
COMBINED	6	TH_CG312-CG312-SG3O1	-0.00817723938241952	False	0.0074085957061600025
COMBINED	6	CC_FOURIER_1	0.9863455776547401	False	0.0074085957061600025
COMBINED	6	CC_FOURIER_2	0.15898059563964434	False	0.0074085957061600025
COMBINED	6	CC_FOURIER_3	-0.04202480828172394	False	0.0074085957061600025
COMBINED	6	CC_FOURIER_4	-0.0023489877405840584	False	0.0074085957061600025
COMBINED	7	R_OG2P1-SG3O1	1.4874465352336145e-05	False	0.0016171270846031737
COMBINED	7	R_CG312-SG3O1	-0.0003910405489287273	False	0.0016171270846031737
COMBINED	7	R_CG312-CG312	-0.00041847266951484393	False	0.0016171270846031737
COMBINED	7	TH_CG312-CG312-SG3O1	-0.001312762525348837	False	0.0016171270846031737
COMBINED	7	CC_FOURIER_1	0.11248491234334403	False	0.0016171270846031737
COMBINED	7	CC_FOURIER_2	-0.5208355497514524	False	0.0016171270846031737
COMBINED	7	CC_FOURIER_3	0.6968067369178758	False	0.0016171270846031737
COMBINED	7	CC_FOURIER_4	-0.48014143166080897	False	0.0016171270846031737
COMBINED	8	R_OG2P1-SG3O1	2.6513254957273767e-05	False	0.0008834737855486355
COMBINED	8	R_CG312-SG3O1	0.0003331419400669774	False	0.0008834737855486355
COMBINED	8	R_CG312-CG312	-0.00015520229783518467	False	0.0008834737855486355
COMBINED	8	TH_CG312-CG312-SG3O1	-0.0049373551887385864	False	0.0008834737855486355
COMBINED	8	CC_FOURIER_1	-0.0639502489507864	False	0.0008834737855486355
COMBINED	8	CC_FOURIER_2	0.2822662053921873	False	0.0008834737855486355
COMBINED	8	CC_FOURIER_3	-0.38312521143995143	False	0.0008834737855486355
COMBINED	8	CC_FOURIER_4	-0.8771697179344503	False	0.0008834737855486355
CC_ONLY	1	CC_FOURIER_1	0.7949723669680997	True	1.3020748189016889
CC_ONLY	1	CC_FOURIER_2	-0.5671571835447943	True	1.3020748189016889
CC_ONLY	1	CC_FOURIER_3	-0.2149085272410673	True	1.3020748189016889
CC_ONLY	1	CC_FOURIER_4	-0.012883704038397212	True	1.3020748189016889
CC_ONLY	2	CC_FOURIER_1	0.13592891729628978	True	0.13909689261950414
CC_ONLY	2	CC_FOURIER_2	-0.1787434641438288	True	0.13909689261950414
CC_ONLY	2	CC_FOURIER_3	0.9744601802378936	True	0.13909689261950414
CC_ONLY	2	CC_FOURIER_4	0.0012085525450904037	True	0.13909689261950414
CC_ONLY	3	CC_FOURIER_1	0.04354618311593106	False	0.04609908166662834
CC_ONLY	3	CC_FOURIER_2	0.03845770801132235	False	0.04609908166662834
CC_ONLY	3	CC_FOURIER_3	-0.0002582278511338264	False	0.04609908166662834
CC_ONLY	3	CC_FOURIER_4	0.9983109074576547	False	0.04609908166662834
CC_ONLY	4	CC_FOURIER_1	0.5896151245819844	False	0.01529006579170748
CC_ONLY	4	CC_FOURIER_2	0.803059467208946	False	0.01529006579170748
CC_ONLY	4	CC_FOURIER_3	0.06512768511304845	False	0.01529006579170748
CC_ONLY	4	CC_FOURIER_4	-0.05663816400687943	False	0.01529006579170748
COMBINED	1	R_OG2P1-SG3O1	0.25394184386622765	True	1.4314626348506887
COMBINED	1	R_CG312-SG3O1	0.2629931056948892	True	1.4314626348506887
COMBINED	1	R_CG312-CG312	0.1379941465458062	True	1.4314626348506887
COMBINED	1	TH_CG312-CG312-SG3O1	-0.1913774458225344	True	1.4314626348506887
COMBINED	1	CC_FOURIER_1	0.7163743133817841	True	1.4314626348506887
COMBINED	1	CC_FOURIER_2	-0.5119364473166288	True	1.4314626348506887
COMBINED	1	CC_FOURIER_3	-0.1877121449769388	True	1.4314626348506887
COMBINED	1	CC_FOURIER_4	-0.013172801679130212	True	1.4314626348506887
COMBINED	2	R_OG2P1-SG3O1	0.060853619205805266	True	0.8826629312386445
COMBINED	2	R_CG312-SG3O1	0.04687858481275975	True	0.8826629312386445
COMBINED	2	R_CG312-CG312	-0.9862253029376039	True	0.8826629312386445
COMBINED	2	TH_CG312-CG312-SG3O1	-0.09600973112755845	True	0.8826629312386445
COMBINED	2	CC_FOURIER_1	0.08463483522520315	True	0.8826629312386445
COMBINED	2	CC_FOURIER_2	-0.05493736390907919	True	0.8826629312386445
COMBINED	2	CC_FOURIER_3	-0.00941539887493898	True	0.8826629312386445
COMBINED	2	CC_FOURIER_4	0.04439819441264737	True	0.8826629312386445
COMBINED	3	R_OG2P1-SG3O1	0.3526378120494039	True	0.41769580597914036
COMBINED	3	R_CG312-SG3O1	0.8176521269353318	True	0.41769580597914036
COMBINED	3	R_CG312-CG312	0.04044553946909133	True	0.41769580597914036
COMBINED	3	TH_CG312-CG312-SG3O1	-0.16103651161215418	True	0.41769580597914036
COMBINED	3	CC_FOURIER_1	-0.2786636227047705	True	0.41769580597914036
COMBINED	3	CC_FOURIER_2	0.17902921165096491	True	0.41769580597914036
COMBINED	3	CC_FOURIER_3	0.2639480569367201	True	0.41769580597914036
COMBINED	3	CC_FOURIER_4	0.01222796352621227	True	0.41769580597914036
COMBINED	4	R_OG2P1-SG3O1	0.11232264339230007	True	0.2323207595633871
COMBINED	4	R_CG312-SG3O1	0.23256817196982799	True	0.2323207595633871
COMBINED	4	R_CG312-CG312	-0.06551277196076138	True	0.2323207595633871
COMBINED	4	TH_CG312-CG312-SG3O1	0.9406353529040071	True	0.2323207595633871
COMBINED	4	CC_FOURIER_1	0.06227059720300672	True	0.2323207595633871
COMBINED	4	CC_FOURIER_2	-0.03432244722760967	True	0.2323207595633871
COMBINED	4	CC_FOURIER_3	-0.19647062364524367	True	0.2323207595633871
COMBINED	4	CC_FOURIER_4	-0.02350564038456103	True	0.2323207595633871
COMBINED	5	R_OG2P1-SG3O1	0.8820698733031879	True	0.18564687685697526
COMBINED	5	R_CG312-SG3O1	-0.40557125682759987	True	0.18564687685697526
COMBINED	5	R_CG312-CG312	0.021060656519614272	True	0.18564687685697526
COMBINED	5	TH_CG312-CG312-SG3O1	-0.02363835387963288	True	0.18564687685697526
COMBINED	5	CC_FOURIER_1	-0.12462021249973054	True	0.18564687685697526
COMBINED	5	CC_FOURIER_2	0.1270973461501833	True	0.18564687685697526
COMBINED	5	CC_FOURIER_3	-0.15739008111033947	True	0.18564687685697526
COMBINED	5	CC_FOURIER_4	-0.0026078391795939836	True	0.18564687685697526
COMBINED	6	R_OG2P1-SG3O1	0.12792358839988224	False	0.1062935084040199
COMBINED	6	R_CG312-SG3O1	-0.20208794564340216	False	0.1062935084040199
COMBINED	6	R_CG312-CG312	-0.007473095034435726	False	0.1062935084040199
COMBINED	6	TH_CG312-CG312-SG3O1	0.20248900271742246	False	0.1062935084040199
COMBINED	6	CC_FOURIER_1	0.18498490235820508	False	0.1062935084040199
COMBINED	6	CC_FOURIER_2	-0.18990735675608417	False	0.1062935084040199
COMBINED	6	CC_FOURIER_3	0.9078542545375354	False	0.1062935084040199
COMBINED	6	CC_FOURIER_4	-0.08517516453271372	False	0.1062935084040199
COMBINED	7	R_OG2P1-SG3O1	0.016821776068023767	False	0.019882526449898793
COMBINED	7	R_CG312-SG3O1	-0.024892492944250104	False	0.019882526449898793
COMBINED	7	R_CG312-CG312	0.039563854648869135	False	0.019882526449898793
COMBINED	7	TH_CG312-CG312-SG3O1	0.04095274704792759	False	0.019882526449898793
COMBINED	7	CC_FOURIER_1	-0.1586089804378394	False	0.019882526449898793
COMBINED	7	CC_FOURIER_2	-0.27269909707858675	False	0.019882526449898793
COMBINED	7	CC_FOURIER_3	0.04726797514039357	False	0.019882526449898793
COMBINED	7	CC_FOURIER_4	0.9455681349657513	False	0.019882526449898793
COMBINED	8	R_OG2P1-SG3O1	0.012078751982892613	False	0.013429725364274853
COMBINED	8	R_CG312-SG3O1	-0.00684477929384781	False	0.013429725364274853
COMBINED	8	R_CG312-CG312	-0.01802235874379224	False	0.013429725364274853
COMBINED	8	TH_CG312-CG312-SG3O1	-0.013837776837087897	False	0.013429725364274853
COMBINED	8	CC_FOURIER_1	-0.5685132590878871	False	0.013429725364274853
COMBINED	8	CC_FOURIER_2	-0.7583469745779391	False	0.013429725364274853
COMBINED	8	CC_FOURIER_3	-0.07211776194714477	False	0.013429725364274853
COMBINED	8	CC_FOURIER_4	-0.30950368667588096	False	0.013429725364274853
CC_ONLY	1	CC_FOURIER_1	0.794971394369048	True	1.3020243844830959
CC_ONLY	1	CC_FOURIER_2	-0.567153546743147	True	1.3020243844830959
CC_ONLY	1	CC_FOURIER_3	-0.21492160931728596	True	1.3020243844830959
CC_ONLY	1	CC_FOURIER_4	-0.012885588852232795	True	1.3020243844830959
CC_ONLY	2	CC_FOURIER_1	0.13617092425049426	True	0.1388302723236899
CC_ONLY	2	CC_FOURIER_2	-0.17842858128589476	True	0.1388302723236899
CC_ONLY	2	CC_FOURIER_3	0.9744845007129278	True	0.1388302723236899
CC_ONLY	2	CC_FOURIER_4	0.0008237956936131854	True	0.1388302723236899
CC_ONLY	3	CC_FOURIER_1	0.04349517553917905	False	0.046070715425339914
CC_ONLY	3	CC_FOURIER_2	0.03825373445265514	False	0.046070715425339914
CC_ONLY	3	CC_FOURIER_3	8.247311758609668e-05	False	0.046070715425339914
CC_ONLY	3	CC_FOURIER_4	0.9983209978275661	False	0.046070715425339914
CC_ONLY	4	CC_FOURIER_1	0.589564357155785	False	0.0124384386871688
CC_ONLY	4	CC_FOURIER_2	0.8031417979394413	False	0.0124384386871688
CC_ONLY	4	CC_FOURIER_3	0.0647198031280117	False	0.0124384386871688
CC_ONLY	4	CC_FOURIER_4	-0.05646652333161446	False	0.0124384386871688
COMBINED	1	R_OG2P1-SG3O1	0.505638069674006	True	1.5217047402527561
COMBINED	1	R_CG312-SG3O1	0.3335428983587495	True	1.5217047402527561
COMBINED	1	R_CG312-CG312	0.21556205355090619	True	1.5217047402527561
COMBINED	1	TH_CG312-CG312-SG3O1	-0.16191855388570137	True	1.5217047402527561
COMBINED	1	CC_FOURIER_1	0.5958568142988399	True	1.5217047402527561
COMBINED	1	CC_FOURIER_2	-0.42594367691326174	True	1.5217047402527561
COMBINED	1	CC_FOURIER_3	-0.15419264608896563	True	1.5217047402527561
COMBINED	1	CC_FOURIER_4	-0.012080118815672843	True	1.5217047402527561
COMBINED	2	R_OG2P1-SG3O1	0.09317632210245594	True	1.4099781535394011
COMBINED	2	R_CG312-SG3O1	0.2901208666217481	True	1.4099781535394011
COMBINED	2	R_CG312-CG312	-0.9482514181996388	True	1.4099781535394011
COMBINED	2	TH_CG312-CG312-SG3O1	-0.052826200430122844	True	1.4099781535394011
COMBINED	2	CC_FOURIER_1	0.05782966863134942	True	1.4099781535394011
COMBINED	2	CC_FOURIER_2	-0.038862484629247906	True	1.4099781535394011
COMBINED	2	CC_FOURIER_3	-0.007508334575478254	True	1.4099781535394011
COMBINED	2	CC_FOURIER_4	0.01630207983442416	True	1.4099781535394011
COMBINED	3	R_OG2P1-SG3O1	0.8243611253166133	True	1.1347190859078116
COMBINED	3	R_CG312-SG3O1	-0.45863885854646036	True	1.1347190859078116
COMBINED	3	R_CG312-CG312	-0.0863629435711973	True	1.1347190859078116
COMBINED	3	TH_CG312-CG312-SG3O1	0.07702942190365601	True	1.1347190859078116
COMBINED	3	CC_FOURIER_1	-0.2473737010828822	True	1.1347190859078116
COMBINED	3	CC_FOURIER_2	0.17779337469203582	True	1.1347190859078116
COMBINED	3	CC_FOURIER_3	0.06197513696616978	True	1.1347190859078116
COMBINED	3	CC_FOURIER_4	0.006472477348908482	True	1.1347190859078116
COMBINED	4	R_OG2P1-SG3O1	0.23658830395244917	True	0.931742823191329
COMBINED	4	R_CG312-SG3O1	0.7684004525085448	True	0.931742823191329
COMBINED	4	R_CG312-CG312	0.21448784788524844	True	0.931742823191329
COMBINED	4	TH_CG312-CG312-SG3O1	0.06589554720117949	True	0.931742823191329
COMBINED	4	CC_FOURIER_1	-0.4342557823816241	True	0.931742823191329
COMBINED	4	CC_FOURIER_2	0.3063858281788209	True	0.931742823191329
COMBINED	4	CC_FOURIER_3	0.14418421724013258	True	0.931742823191329
COMBINED	4	CC_FOURIER_4	-0.00010121427884164994	True	0.931742823191329
COMBINED	5	R_OG2P1-SG3O1	0.010020571436158468	True	0.19968486922963916
COMBINED	5	R_CG312-SG3O1	0.061046889785302205	True	0.19968486922963916
COMBINED	5	R_CG312-CG312	-0.021074593606256086	True	0.19968486922963916
COMBINED	5	TH_CG312-CG312-SG3O1	0.8466257371094589	True	0.19968486922963916
COMBINED	5	CC_FOURIER_1	0.04959146880554215	True	0.19968486922963916
COMBINED	5	CC_FOURIER_2	-0.012899440496996803	True	0.19968486922963916
COMBINED	5	CC_FOURIER_3	-0.5206366391479127	True	0.19968486922963916
COMBINED	5	CC_FOURIER_4	-0.07256286100458494	True	0.19968486922963916
COMBINED	6	R_OG2P1-SG3O1	0.0015535969870446242	False	0.1070646385565767
COMBINED	6	R_CG312-SG3O1	-0.0027641418285136938	False	0.1070646385565767
COMBINED	6	R_CG312-CG312	0.014606102623736667	False	0.1070646385565767
COMBINED	6	TH_CG312-CG312-SG3O1	-0.4741559323979664	False	0.1070646385565767
COMBINED	6	CC_FOURIER_1	-0.17620234884765854	False	0.1070646385565767
COMBINED	6	CC_FOURIER_2	0.23185266817810193	False	0.1070646385565767
COMBINED	6	CC_FOURIER_3	-0.816103203559971	False	0.1070646385565767
COMBINED	6	CC_FOURIER_4	0.1553235109464377	False	0.1070646385565767
COMBINED	7	R_OG2P1-SG3O1	0.00020965081930619792	False	0.03204471118522058
COMBINED	7	R_CG312-SG3O1	-0.007171784649612242	False	0.03204471118522058
COMBINED	7	R_CG312-CG312	-0.014865078692987223	False	0.03204471118522058
COMBINED	7	TH_CG312-CG312-SG3O1	-0.13293136080096643	False	0.03204471118522058
COMBINED	7	CC_FOURIER_1	0.008199801764348239	False	0.03204471118522058
COMBINED	7	CC_FOURIER_2	0.10643065608716583	False	0.03204471118522058
COMBINED	7	CC_FOURIER_3	-0.08141144680065242	False	0.03204471118522058
COMBINED	7	CC_FOURIER_4	-0.9818524631166505	False	0.03204471118522058
COMBINED	8	R_OG2P1-SG3O1	0.0003943684358430705	False	0.011058070180819288
COMBINED	8	R_CG312-SG3O1	-0.0020885385768079205	False	0.011058070180819288
COMBINED	8	R_CG312-CG312	-0.0031947996009013438	False	0.011058070180819288
COMBINED	8	TH_CG312-CG312-SG3O1	-0.03803006478050179	False	0.011058070180819288
COMBINED	8	CC_FOURIER_1	-0.5985521994727014	False	0.011058070180819288
COMBINED	8	CC_FOURIER_2	-0.7914097495806217	False	0.011058070180819288
COMBINED	8	CC_FOURIER_3	-0.08845040501096249	False	0.011058070180819288
COMBINED	8	CC_FOURIER_4	-0.07823930301949589	False	0.011058070180819288
CC_ONLY	1	CC_FOURIER_1	0.7917919563501461	True	1.2069659013362863
CC_ONLY	1	CC_FOURIER_2	-0.5638073446743486	True	1.2069659013362863
CC_ONLY	1	CC_FOURIER_3	-0.23480816588818462	True	1.2069659013362863
CC_ONLY	1	CC_FOURIER_4	-0.0072042475454513685	True	1.2069659013362863
CC_ONLY	2	CC_FOURIER_1	0.10825882377685203	False	0.055754232547756376
CC_ONLY	2	CC_FOURIER_2	-0.24461884996927535	False	0.055754232547756376
CC_ONLY	2	CC_FOURIER_3	0.9560939122730271	False	0.055754232547756376
CC_ONLY	2	CC_FOURIER_4	-0.1196915879609741	False	0.055754232547756376
CC_ONLY	3	CC_FOURIER_1	0.5997473142399357	False	0.010201285328563077
CC_ONLY	3	CC_FOURIER_2	0.7888336285120668	False	0.010201285328563077
CC_ONLY	3	CC_FOURIER_3	0.12940196605427415	False	0.010201285328563077
CC_ONLY	3	CC_FOURIER_4	-0.036052694375859784	False	0.010201285328563077
CC_ONLY	4	CC_FOURIER_1	0.0406039898980976	False	0.0038454823167797378
CC_ONLY	4	CC_FOURIER_2	-0.004939925045676259	False	0.0038454823167797378
CC_ONLY	4	CC_FOURIER_3	0.11834140158022961	False	0.0038454823167797378
CC_ONLY	4	CC_FOURIER_4	0.9921301456043583	False	0.0038454823167797378
COMBINED	1	R_OG2P1-SG3O1	0.5895916855997546	True	1.433495531938186
COMBINED	1	R_CG312-SG3O1	0.38821717385572974	True	1.433495531938186
COMBINED	1	R_CG312-CG312	0.013101233281081925	True	1.433495531938186
COMBINED	1	TH_CG312-CG312-SG3O1	-0.1469915772497228	True	1.433495531938186
COMBINED	1	CC_FOURIER_1	0.5492625379515459	True	1.433495531938186
COMBINED	1	CC_FOURIER_2	-0.3917166184174113	True	1.433495531938186
COMBINED	1	CC_FOURIER_3	-0.1572505268283667	True	1.433495531938186
COMBINED	1	CC_FOURIER_4	-0.005650767215058547	True	1.433495531938186
COMBINED	2	R_OG2P1-SG3O1	0.2473317329422853	True	1.2100671551387159
COMBINED	2	R_CG312-SG3O1	-0.35161716584279984	True	1.2100671551387159
COMBINED	2	R_CG312-CG312	0.9021047244748222	True	1.2100671551387159
COMBINED	2	TH_CG312-CG312-SG3O1	-0.014760939173405173	True	1.2100671551387159
COMBINED	2	CC_FOURIER_1	-0.026280879315627337	True	1.2100671551387159
COMBINED	2	CC_FOURIER_2	0.016914453245598093	True	1.2100671551387159
COMBINED	2	CC_FOURIER_3	0.014308021729130302	True	1.2100671551387159
COMBINED	2	CC_FOURIER_4	-0.00024594179433047375	True	1.2100671551387159
COMBINED	3	R_OG2P1-SG3O1	0.7295796384334438	True	1.1194794683921048
COMBINED	3	R_CG312-SG3O1	-0.43682845494682154	True	1.1194794683921048
COMBINED	3	R_CG312-CG312	-0.38138996648717727	True	1.1194794683921048
COMBINED	3	TH_CG312-CG312-SG3O1	0.10839859228451543	True	1.1194794683921048
COMBINED	3	CC_FOURIER_1	-0.27447847200912956	True	1.1194794683921048
COMBINED	3	CC_FOURIER_2	0.19698213629203085	True	1.1194794683921048
COMBINED	3	CC_FOURIER_3	0.074403060691407	True	1.1194794683921048
COMBINED	3	CC_FOURIER_4	0.003111547983775449	True	1.1194794683921048
COMBINED	4	R_OG2P1-SG3O1	0.2426873436242747	True	0.9276506801706006
COMBINED	4	R_CG312-SG3O1	0.7282433539848755	True	0.9276506801706006
COMBINED	4	R_CG312-CG312	0.19524375267571223	True	0.9276506801706006
COMBINED	4	TH_CG312-CG312-SG3O1	0.04936425525226594	True	0.9276506801706006
COMBINED	4	CC_FOURIER_1	-0.4787585091558088	True	0.9276506801706006
COMBINED	4	CC_FOURIER_2	0.33815807426576294	True	0.9276506801706006
COMBINED	4	CC_FOURIER_3	0.16322725452644185	True	0.9276506801706006
COMBINED	4	CC_FOURIER_4	0.0019462953228811968	True	0.9276506801706006
COMBINED	5	R_OG2P1-SG3O1	0.0011276961215677327	False	0.1762357723187334
COMBINED	5	R_CG312-SG3O1	-0.0629068651766634	False	0.1762357723187334
COMBINED	5	R_CG312-CG312	-0.04673155397620518	False	0.1762357723187334
COMBINED	5	TH_CG312-CG312-SG3O1	-0.9790994366851262	False	0.1762357723187334
COMBINED	5	CC_FOURIER_1	-0.1499412420038823	False	0.1762357723187334
COMBINED	5	CC_FOURIER_2	0.10704015918341857	False	0.1762357723187334
COMBINED	5	CC_FOURIER_3	-0.030775287294337914	False	0.1762357723187334
COMBINED	5	CC_FOURIER_4	0.018298074248709124	False	0.1762357723187334
COMBINED	6	R_OG2P1-SG3O1	0.0048566849621259215	False	0.04866852039545849
COMBINED	6	R_CG312-SG3O1	0.023133996429602007	False	0.04866852039545849
COMBINED	6	R_CG312-CG312	0.016525886671816245	False	0.04866852039545849
COMBINED	6	TH_CG312-CG312-SG3O1	0.07189048090638088	False	0.04866852039545849
COMBINED	6	CC_FOURIER_1	-0.09531091003983051	False	0.04866852039545849
COMBINED	6	CC_FOURIER_2	0.2511993049995955	False	0.04866852039545849
COMBINED	6	CC_FOURIER_3	-0.9532714231503131	False	0.04866852039545849
COMBINED	6	CC_FOURIER_4	0.114403750136124	False	0.04866852039545849
COMBINED	7	R_OG2P1-SG3O1	0.0004453083169489224	False	0.009973431357309505
COMBINED	7	R_CG312-SG3O1	0.0015986206669038787	False	0.009973431357309505
COMBINED	7	R_CG312-CG312	0.00021629806095292903	False	0.009973431357309505
COMBINED	7	TH_CG312-CG312-SG3O1	0.010654659792915981	False	0.009973431357309505
COMBINED	7	CC_FOURIER_1	-0.6008641885317132	False	0.009973431357309505
COMBINED	7	CC_FOURIER_2	-0.7858932931267061	False	0.009973431357309505
COMBINED	7	CC_FOURIER_3	-0.14558025909316202	False	0.009973431357309505
COMBINED	7	CC_FOURIER_4	0.004901476641427703	False	0.009973431357309505
COMBINED	8	R_OG2P1-SG3O1	7.20587522209904e-05	False	0.0035356361508089257
COMBINED	8	R_CG312-SG3O1	0.0005494256841282119	False	0.0035356361508089257
COMBINED	8	R_CG312-CG312	6.64722699220857e-05	False	0.0035356361508089257
COMBINED	8	TH_CG312-CG312-SG3O1	0.008428312351593532	False	0.0035356361508089257
COMBINED	8	CC_FOURIER_1	0.021622197245009883	False	0.0035356361508089257
COMBINED	8	CC_FOURIER_2	-0.030531823166955487	False	0.0035356361508089257
COMBINED	8	CC_FOURIER_3	0.10964243669859507	False	0.0035356361508089257
COMBINED	8	CC_FOURIER_4	0.9932308274044302	False	0.0035356361508089257
CC_ONLY	1	CC_FOURIER_1	0.7947462500238988	True	1.2998568639289303
CC_ONLY	1	CC_FOURIER_2	-0.5665933654391831	True	1.2998568639289303
CC_ONLY	1	CC_FOURIER_3	-0.21723726420128187	True	1.2998568639289303
CC_ONLY	1	CC_FOURIER_4	-0.012582819858546274	True	1.2998568639289303
CC_ONLY	2	CC_FOURIER_1	0.14580133325301164	False	0.12882383138009704
CC_ONLY	2	CC_FOURIER_2	-0.16961851854369478	False	0.12882383138009704
CC_ONLY	2	CC_FOURIER_3	0.9743391348866762	False	0.12882383138009704
CC_ONLY	2	CC_FOURIER_4	0.02519483314034012	False	0.12882383138009704
CC_ONLY	3	CC_FOURIER_1	0.03206906760884613	False	0.045468284311637956
CC_ONLY	3	CC_FOURIER_2	0.03238400938839373	False	0.045468284311637956
CC_ONLY	3	CC_FOURIER_3	-0.02498469363625354	False	0.045468284311637956
CC_ONLY	3	CC_FOURIER_4	0.9986483945426109	False	0.045468284311637956
CC_ONLY	4	CC_FOURIER_1	0.5882957965150641	False	0.015068570802210524
CC_ONLY	4	CC_FOURIER_2	0.8057001876276771	False	0.015068570802210524
CC_ONLY	4	CC_FOURIER_3	0.05335715841879188	False	0.015068570802210524
CC_ONLY	4	CC_FOURIER_4	-0.04368383116100922	False	0.015068570802210524
COMBINED	1	R_OG2P1-SG3O1	0.5003535215679565	True	1.4963303392671399
COMBINED	1	R_CG312-SG3O1	0.27999120429315394	True	1.4963303392671399
COMBINED	1	R_CG312-CG312	0.20643561304685476	True	1.4963303392671399
COMBINED	1	TH_CG312-CG312-SG3O1	-0.17532995495334	True	1.4963303392671399
COMBINED	1	CC_FOURIER_1	0.6148091039786516	True	1.4963303392671399
COMBINED	1	CC_FOURIER_2	-0.4384074722361604	True	1.4963303392671399
COMBINED	1	CC_FOURIER_3	-0.16604549906285643	True	1.4963303392671399
COMBINED	1	CC_FOURIER_4	-0.011513892846406384	True	1.4963303392671399
COMBINED	2	R_OG2P1-SG3O1	0.09551183274424445	True	1.4277399025657012
COMBINED	2	R_CG312-SG3O1	0.29349171416159187	True	1.4277399025657012
COMBINED	2	R_CG312-CG312	-0.9472066435835788	True	1.4277399025657012
COMBINED	2	TH_CG312-CG312-SG3O1	-0.03586811018206178	True	1.4277399025657012
COMBINED	2	CC_FOURIER_1	0.06374349414421138	True	1.4277399025657012
COMBINED	2	CC_FOURIER_2	-0.043716645170400026	True	1.4277399025657012
COMBINED	2	CC_FOURIER_3	-0.006650002599552424	True	1.4277399025657012
COMBINED	2	CC_FOURIER_4	0.015315217993307503	True	1.4277399025657012
COMBINED	3	R_OG2P1-SG3O1	0.8215661157854688	True	1.1394382556175513
COMBINED	3	R_CG312-SG3O1	-0.45175529751181326	True	1.1394382556175513
COMBINED	3	R_CG312-CG312	-0.08682017462789751	True	1.1394382556175513
COMBINED	3	TH_CG312-CG312-SG3O1	0.09079627678723712	True	1.1394382556175513
COMBINED	3	CC_FOURIER_1	-0.2577426628785844	True	1.1394382556175513
COMBINED	3	CC_FOURIER_2	0.18483276540730081	True	1.1394382556175513
COMBINED	3	CC_FOURIER_3	0.06732018887371008	True	1.1394382556175513
COMBINED	3	CC_FOURIER_4	0.006174357982973292	True	1.1394382556175513
COMBINED	4	R_OG2P1-SG3O1	0.25573708996545563	True	0.8809817954939789
COMBINED	4	R_CG312-SG3O1	0.789613067735975	True	0.8809817954939789
COMBINED	4	R_CG312-CG312	0.22861107146520468	True	0.8809817954939789
COMBINED	4	TH_CG312-CG312-SG3O1	0.01831537834650955	True	0.8809817954939789
COMBINED	4	CC_FOURIER_1	-0.40260331453310044	True	0.8809817954939789
COMBINED	4	CC_FOURIER_2	0.28659120969308993	True	0.8809817954939789
COMBINED	4	CC_FOURIER_3	0.119525534853192	True	0.8809817954939789
COMBINED	4	CC_FOURIER_4	0.0009824295441549246	True	0.8809817954939789
COMBINED	5	R_OG2P1-SG3O1	0.012099589117134475	True	0.25184260968188643
COMBINED	5	R_CG312-SG3O1	0.08735866118481615	True	0.25184260968188643
COMBINED	5	R_CG312-CG312	0.0026106913843288444	True	0.25184260968188643
COMBINED	5	TH_CG312-CG312-SG3O1	0.9310190593567419	True	0.25184260968188643
COMBINED	5	CC_FOURIER_1	0.09172051916331037	True	0.25184260968188643
COMBINED	5	CC_FOURIER_2	-0.045016074456809954	True	0.25184260968188643
COMBINED	5	CC_FOURIER_3	-0.3332590180445166	True	0.25184260968188643
COMBINED	5	CC_FOURIER_4	-0.06259461607113236	True	0.25184260968188643
COMBINED	6	R_OG2P1-SG3O1	0.0021051762798344007	False	0.10757814285766598
COMBINED	6	R_CG312-SG3O1	0.01425518799213075	False	0.10757814285766598
COMBINED	6	R_CG312-CG312	0.0064414818046902265	False	0.10757814285766598
COMBINED	6	TH_CG312-CG312-SG3O1	0.29118542218766086	False	0.10757814285766598
COMBINED	6	CC_FOURIER_1	0.17894779541280403	False	0.10757814285766598
COMBINED	6	CC_FOURIER_2	-0.19394605069902168	False	0.10757814285766598
COMBINED	6	CC_FOURIER_3	0.9130601934042978	False	0.10757814285766598
COMBINED	6	CC_FOURIER_4	-0.10791484708486197	False	0.10757814285766598
COMBINED	7	R_OG2P1-SG3O1	5.193966943973403e-05	False	0.033916184745972716
COMBINED	7	R_CG312-SG3O1	-0.0078064002643068444	False	0.033916184745972716
COMBINED	7	R_CG312-CG312	-0.018222418299383977	False	0.033916184745972716
COMBINED	7	TH_CG312-CG312-SG3O1	-0.08836190621119433	False	0.033916184745972716
COMBINED	7	CC_FOURIER_1	-0.04098830500579574	False	0.033916184745972716
COMBINED	7	CC_FOURIER_2	0.01942912088357459	False	0.033916184745972716
COMBINED	7	CC_FOURIER_3	-0.07664294364174083	False	0.033916184745972716
COMBINED	7	CC_FOURIER_4	-0.9919009535853885	False	0.033916184745972716
COMBINED	8	R_OG2P1-SG3O1	0.0008166687554638798	False	0.014894185019120366
COMBINED	8	R_CG312-SG3O1	0.0004557562664611412	False	0.014894185019120366
COMBINED	8	R_CG312-CG312	-0.0016680444210727355	False	0.014894185019120366
COMBINED	8	TH_CG312-CG312-SG3O1	0.0004507285569177673	False	0.014894185019120366
COMBINED	8	CC_FOURIER_1	-0.5893308198393621	False	0.014894185019120366
COMBINED	8	CC_FOURIER_2	-0.8059597150611995	False	0.014894185019120366
COMBINED	8	CC_FOURIER_3	-0.054329344712584764	False	0.014894185019120366
COMBINED	8	CC_FOURIER_4	0.012750866597349819	False	0.014894185019120366
CC_ONLY	1	CC_FOURIER_1	0.8063078966036585	True	0.5005742801475441
CC_ONLY	1	CC_FOURIER_2	-0.5851034241093569	True	0.5005742801475441
CC_ONLY	1	CC_FOURIER_3	-0.0725628683257448	True	0.5005742801475441
CC_ONLY	1	CC_FOURIER_4	-0.047499359052839175	True	0.5005742801475441
CC_ONLY	2	CC_FOURIER_1	0.02295515561299017	False	0.11778454785380167
CC_ONLY	2	CC_FOURIER_2	-0.10077518891967785	False	0.11778454785380167
CC_ONLY	2	CC_FOURIER_3	0.9869769191549933	False	0.11778454785380167
CC_ONLY	2	CC_FOURIER_4	0.12326387623429752	False	0.11778454785380167
CC_ONLY	3	CC_FOURIER_1	0.09212365146156373	False	0.03997242341107778
CC_ONLY	3	CC_FOURIER_2	0.0616198656063348	False	0.03997242341107778
CC_ONLY	3	CC_FOURIER_3	-0.11907767564218467	False	0.03997242341107778
CC_ONLY	3	CC_FOURIER_4	0.9866796502247827	False	0.03997242341107778
CC_ONLY	4	CC_FOURIER_1	0.5838269174564967	False	0.015417457735152622
CC_ONLY	4	CC_FOURIER_2	0.8023100002844071	False	0.015417457735152622
CC_ONLY	4	CC_FOURIER_3	0.08019787004224524	False	0.015417457735152622
CC_ONLY	4	CC_FOURIER_4	-0.09493732425956106	False	0.015417457735152622
COMBINED	1	R_OG2P1-SG3O1	0.039428825042795976	True	1.444466333124896
COMBINED	1	R_CG312-SG3O1	-0.1758679534766814	True	1.444466333124896
COMBINED	1	R_CG312-CG312	0.9804656036952752	True	1.444466333124896
COMBINED	1	TH_CG312-CG312-SG3O1	0.0004153808200424748	True	1.444466333124896
COMBINED	1	CC_FOURIER_1	0.0590716395920865	True	1.444466333124896
COMBINED	1	CC_FOURIER_2	-0.044710062989654915	True	1.444466333124896
COMBINED	1	CC_FOURIER_3	-0.019896835390049245	True	1.444466333124896
COMBINED	1	CC_FOURIER_4	-0.01784728914222794	True	1.444466333124896
COMBINED	2	R_OG2P1-SG3O1	0.9901566405207602	True	1.209482105321799
COMBINED	2	R_CG312-SG3O1	0.11342396551399951	True	1.209482105321799
COMBINED	2	R_CG312-CG312	-0.024637743378785153	True	1.209482105321799
COMBINED	2	TH_CG312-CG312-SG3O1	-0.03666034250674362	True	1.209482105321799
COMBINED	2	CC_FOURIER_1	0.055936275699799205	True	1.209482105321799
COMBINED	2	CC_FOURIER_2	-0.04044563180021907	True	1.209482105321799
COMBINED	2	CC_FOURIER_3	0.0027746492708713853	True	1.209482105321799
COMBINED	2	CC_FOURIER_4	-0.0011905539679607758	True	1.209482105321799
COMBINED	3	R_OG2P1-SG3O1	0.11859230758332669	True	1.0610738997234481
COMBINED	3	R_CG312-SG3O1	-0.9656783966794804	True	1.0610738997234481
COMBINED	3	R_CG312-CG312	-0.16896915752629982	True	1.0610738997234481
COMBINED	3	TH_CG312-CG312-SG3O1	0.1004894458620969	True	1.0610738997234481
COMBINED	3	CC_FOURIER_1	-0.09646062536970612	True	1.0610738997234481
COMBINED	3	CC_FOURIER_2	0.07267908949873081	True	1.0610738997234481
COMBINED	3	CC_FOURIER_3	-0.010278407401916288	True	1.0610738997234481
COMBINED	3	CC_FOURIER_4	0.0077360124090311375	True	1.0610738997234481
COMBINED	4	R_OG2P1-SG3O1	0.06263685846121408	True	0.4900603851233213
COMBINED	4	R_CG312-SG3O1	0.13940276967409726	True	0.4900603851233213
COMBINED	4	R_CG312-CG312	0.09444178895717031	True	0.4900603851233213
COMBINED	4	TH_CG312-CG312-SG3O1	0.3086919875390954	True	0.4900603851233213
COMBINED	4	CC_FOURIER_1	-0.755184986858326	True	0.4900603851233213
COMBINED	4	CC_FOURIER_2	0.5458106995519508	True	0.4900603851233213
COMBINED	4	CC_FOURIER_3	0.05866543830148925	True	0.4900603851233213
COMBINED	4	CC_FOURIER_4	0.027895865721061133	True	0.4900603851233213
COMBINED	5	R_OG2P1-SG3O1	0.00612327678265026	True	0.24372043431392884
COMBINED	5	R_CG312-SG3O1	0.06427771667820915	True	0.24372043431392884
COMBINED	5	R_CG312-CG312	-0.017609944898077032	True	0.24372043431392884
COMBINED	5	TH_CG312-CG312-SG3O1	0.9228034651496106	True	0.24372043431392884
COMBINED	5	CC_FOURIER_1	0.24603185531117203	True	0.24372043431392884
COMBINED	5	CC_FOURIER_2	-0.16761975680375243	True	0.24372043431392884
COMBINED	5	CC_FOURIER_3	-0.2178418317887999	True	0.24372043431392884
COMBINED	5	CC_FOURIER_4	-0.08872099409233167	True	0.24372043431392884
COMBINED	6	R_OG2P1-SG3O1	0.0031458411512568915	False	0.10441251982426349
COMBINED	6	R_CG312-SG3O1	0.007960014766087	False	0.10441251982426349
COMBINED	6	R_CG312-CG312	-0.009098285676737062	False	0.10441251982426349
COMBINED	6	TH_CG312-CG312-SG3O1	-0.19207328414788527	False	0.10441251982426349
COMBINED	6	CC_FOURIER_1	-0.05400571341430006	False	0.10441251982426349
COMBINED	6	CC_FOURIER_2	0.13834367260827268	False	0.10441251982426349
COMBINED	6	CC_FOURIER_3	-0.9697929811783799	False	0.10441251982426349
COMBINED	6	CC_FOURIER_4	-0.019944958956693553	False	0.10441251982426349
COMBINED	7	R_OG2P1-SG3O1	0.0001944476564762403	False	0.030834283486352455
COMBINED	7	R_CG312-SG3O1	-0.006495391306612212	False	0.030834283486352455
COMBINED	7	R_CG312-CG312	-0.014555975618899894	False	0.030834283486352455
COMBINED	7	TH_CG312-CG312-SG3O1	-0.06915698430837744	False	0.030834283486352455
COMBINED	7	CC_FOURIER_1	-0.06408704977444087	False	0.030834283486352455
COMBINED	7	CC_FOURIER_2	0.0013505328134410894	False	0.030834283486352455
COMBINED	7	CC_FOURIER_3	0.03799937632616743	False	0.030834283486352455
COMBINED	7	CC_FOURIER_4	-0.9946910478576682	False	0.030834283486352455
COMBINED	8	R_OG2P1-SG3O1	0.0005048639028910967	False	0.015184510884698868
COMBINED	8	R_CG312-SG3O1	-0.0006262396313412265	False	0.015184510884698868
COMBINED	8	R_CG312-CG312	-0.002363998158752335	False	0.015184510884698868
COMBINED	8	TH_CG312-CG312-SG3O1	-0.005089655336380873	False	0.015184510884698868
COMBINED	8	CC_FOURIER_1	-0.588402257792896	False	0.015184510884698868
COMBINED	8	CC_FOURIER_2	-0.803701693901048	False	0.015184510884698868
COMBINED	8	CC_FOURIER_3	-0.08155792623610232	False	0.015184510884698868
COMBINED	8	CC_FOURIER_4	0.034095964138018235	False	0.015184510884698868
CC_ONLY	1	CC_FOURIER_1	0.79516689068642	True	1.2772837906563286
CC_ONLY	1	CC_FOURIER_2	-0.5670963157998681	True	1.2772837906563286
CC_ONLY	1	CC_FOURIER_3	-0.21431713060666013	True	1.2772837906563286
CC_ONLY	1	CC_FOURIER_4	-0.01339970487867582	True	1.2772837906563286
CC_ONLY	2	CC_FOURIER_1	0.13546645662643836	False	0.1390960057175649
CC_ONLY	2	CC_FOURIER_2	-0.17841647564669189	False	0.1390960057175649
CC_ONLY	2	CC_FOURIER_3	0.974583016083916	False	0.1390960057175649
CC_ONLY	2	CC_FOURIER_4	0.002084492184796488	False	0.1390960057175649
CC_ONLY	3	CC_FOURIER_1	0.04598218450248085	False	0.045997593294913305
CC_ONLY	3	CC_FOURIER_2	0.04125918328602239	False	0.045997593294913305
CC_ONLY	3	CC_FOURIER_3	-0.000972964836135258	False	0.045997593294913305
CC_ONLY	3	CC_FOURIER_4	0.9980893606498258	False	0.045997593294913305
CC_ONLY	4	CC_FOURIER_1	0.5892742093402258	False	0.015572145871928404
CC_ONLY	4	CC_FOURIER_2	0.8030361197471757	False	0.015572145871928404
CC_ONLY	4	CC_FOURIER_3	0.06523163058465731	False	0.015572145871928404
CC_ONLY	4	CC_FOURIER_4	-0.06028043595660241	False	0.015572145871928404
COMBINED	1	R_OG2P1-SG3O1	0.49824731451103693	True	1.5077263802809897
COMBINED	1	R_CG312-SG3O1	0.2947094664333326	True	1.5077263802809897
COMBINED	1	R_CG312-CG312	0.3747487796493936	True	1.5077263802809897
COMBINED	1	TH_CG312-CG312-SG3O1	-0.15831074532574752	True	1.5077263802809897
COMBINED	1	CC_FOURIER_1	0.5623271978063855	True	1.5077263802809897
COMBINED	1	CC_FOURIER_2	-0.4023331778393904	True	1.5077263802809897
COMBINED	1	CC_FOURIER_3	-0.14527663302185242	True	1.5077263802809897
COMBINED	1	CC_FOURIER_4	-0.014416676368903942	True	1.5077263802809897
COMBINED	2	R_OG2P1-SG3O1	0.19428515453957146	True	1.4350256027575383
COMBINED	2	R_CG312-SG3O1	0.321134337887368	True	1.4350256027575383
COMBINED	2	R_CG312-CG312	-0.9038739008814607	True	1.4350256027575383
COMBINED	2	TH_CG312-CG312-SG3O1	-0.06479984516267169	True	1.4350256027575383
COMBINED	2	CC_FOURIER_1	0.1568155834621564	True	1.4350256027575383
COMBINED	2	CC_FOURIER_2	-0.10968420136731824	True	1.4350256027575383
COMBINED	2	CC_FOURIER_3	-0.03376002188108941	True	1.4350256027575383
COMBINED	2	CC_FOURIER_4	0.013322042029199375	True	1.4350256027575383
COMBINED	3	R_OG2P1-SG3O1	0.8070487279831713	True	1.1412849060808552
COMBINED	3	R_CG312-SG3O1	-0.49247421575078815	True	1.1412849060808552
COMBINED	3	R_CG312-CG312	-0.07324387460574965	True	1.1412849060808552
COMBINED	3	TH_CG312-CG312-SG3O1	0.08658503056578284	True	1.1412849060808552
COMBINED	3	CC_FOURIER_1	-0.24317307146810235	True	1.1412849060808552
COMBINED	3	CC_FOURIER_2	0.17489283080786716	True	1.1412849060808552
COMBINED	3	CC_FOURIER_3	0.059353547226874206	True	1.1412849060808552
COMBINED	3	CC_FOURIER_4	0.006031274526846173	True	1.1412849060808552
COMBINED	4	R_OG2P1-SG3O1	0.25011291608829916	True	0.938000914151242
COMBINED	4	R_CG312-SG3O1	0.7492800385940459	True	0.938000914151242
COMBINED	4	R_CG312-CG312	0.19205941530497433	True	0.938000914151242
COMBINED	4	TH_CG312-CG312-SG3O1	0.05172276675634792	True	0.938000914151242
COMBINED	4	CC_FOURIER_1	-0.45771139897246305	True	0.938000914151242
COMBINED	4	CC_FOURIER_2	0.323090798081084	True	0.938000914151242
COMBINED	4	CC_FOURIER_3	0.15023528673726935	True	0.938000914151242
COMBINED	4	CC_FOURIER_4	0.0016909840510645055	True	0.938000914151242
COMBINED	5	R_OG2P1-SG3O1	0.010205081694839057	True	0.25608434770342986
COMBINED	5	R_CG312-SG3O1	0.07724855811032574	True	0.25608434770342986
COMBINED	5	R_CG312-CG312	-0.0036351268667154336	True	0.25608434770342986
COMBINED	5	TH_CG312-CG312-SG3O1	0.9440683406551594	True	0.25608434770342986
COMBINED	5	CC_FOURIER_1	0.10072311054180688	True	0.25608434770342986
COMBINED	5	CC_FOURIER_2	-0.057117135888819975	True	0.25608434770342986
COMBINED	5	CC_FOURIER_3	-0.29223457336039693	True	0.25608434770342986
COMBINED	5	CC_FOURIER_4	-0.06198154988592069	True	0.25608434770342986
COMBINED	6	R_OG2P1-SG3O1	0.003776923106137961	False	0.12272416989108775
COMBINED	6	R_CG312-SG3O1	0.008051812117158922	False	0.12272416989108775
COMBINED	6	R_CG312-CG312	0.0028800206571079423	False	0.12272416989108775
COMBINED	6	TH_CG312-CG312-SG3O1	-0.25200766104870503	False	0.12272416989108775
COMBINED	6	CC_FOURIER_1	-0.16945634768846443	False	0.12272416989108775
COMBINED	6	CC_FOURIER_2	0.20753650006094512	False	0.12272416989108775
COMBINED	6	CC_FOURIER_3	-0.9268041296907151	False	0.12272416989108775
COMBINED	6	CC_FOURIER_4	0.07517978442394822	False	0.12272416989108775
COMBINED	7	R_OG2P1-SG3O1	0.0003469573738089948	False	0.034474490445354694
COMBINED	7	R_CG312-SG3O1	-0.0058822073008571495	False	0.034474490445354694
COMBINED	7	R_CG312-CG312	-0.017195073513521023	False	0.034474490445354694
COMBINED	7	TH_CG312-CG312-SG3O1	-0.07578233956200812	False	0.034474490445354694
COMBINED	7	CC_FOURIER_1	-0.02512354727963845	False	0.034474490445354694
COMBINED	7	CC_FOURIER_2	0.028261073372099047	False	0.034474490445354694
COMBINED	7	CC_FOURIER_3	-0.04928849729889663	False	0.034474490445354694
COMBINED	7	CC_FOURIER_4	-0.9950213107532844	False	0.034474490445354694
COMBINED	8	R_OG2P1-SG3O1	0.000492904310831068	False	0.015281977268073153
COMBINED	8	R_CG312-SG3O1	-0.0009307191564719387	False	0.015281977268073153
COMBINED	8	R_CG312-CG312	-0.0025807097111071138	False	0.015281977268073153
COMBINED	8	TH_CG312-CG312-SG3O1	-0.007114760584404751	False	0.015281977268073153
COMBINED	8	CC_FOURIER_1	-0.5925135749981075	False	0.015281977268073153
COMBINED	8	CC_FOURIER_2	-0.8024897317533592	False	0.015281977268073153
COMBINED	8	CC_FOURIER_3	-0.06975083674121244	False	0.015281977268073153
COMBINED	8	CC_FOURIER_4	-0.003784913960754671	False	0.015281977268073153
CC_ONLY	1	CC_FOURIER_1	0.7949688421420491	True	1.3020926779286082
CC_ONLY	1	CC_FOURIER_2	-0.5671586620751842	True	1.3020926779286082
CC_ONLY	1	CC_FOURIER_3	-0.21491765647903294	True	1.3020926779286082
CC_ONLY	1	CC_FOURIER_4	-0.01288382668222609	True	1.3020926779286082
CC_ONLY	2	CC_FOURIER_1	0.1360966618423812	False	0.1391506583411712
CC_ONLY	2	CC_FOURIER_2	-0.17853246061385009	False	0.1391506583411712
CC_ONLY	2	CC_FOURIER_3	0.9744753159421159	False	0.1391506583411712
CC_ONLY	2	CC_FOURIER_4	0.0013106342121197252	False	0.1391506583411712
CC_ONLY	3	CC_FOURIER_1	0.044070074973388114	False	0.046116439811835046
CC_ONLY	3	CC_FOURIER_2	0.039213491422528376	False	0.046116439811835046
CC_ONLY	3	CC_FOURIER_3	-0.0003132564935203891	False	0.046116439811835046
CC_ONLY	3	CC_FOURIER_4	0.9982584998148848	False	0.046116439811835046
CC_ONLY	4	CC_FOURIER_1	0.5895422522182192	False	0.015649400062357034
CC_ONLY	4	CC_FOURIER_2	0.8030688106449576	False	0.015649400062357034
CC_ONLY	4	CC_FOURIER_3	0.0648703431734644	False	0.015649400062357034
CC_ONLY	4	CC_FOURIER_4	-0.05755220930007706	False	0.015649400062357034
COMBINED	1	R_OG2P1-SG3O1	0.4947517762690635	True	1.5283283565611794
COMBINED	1	R_CG312-SG3O1	0.3157834809765093	True	1.5283283565611794
COMBINED	1	R_CG312-CG312	0.3055572336164326	True	1.5283283565611794
COMBINED	1	TH_CG312-CG312-SG3O1	-0.16485781192693583	True	1.5283283565611794
COMBINED	1	CC_FOURIER_1	0.5820005914970731	True	1.5283283565611794
COMBINED	1	CC_FOURIER_2	-0.416330266039016	True	1.5283283565611794
COMBINED	1	CC_FOURIER_3	-0.15076118855149412	True	1.5283283565611794
COMBINED	1	CC_FOURIER_4	-0.013177137617131136	True	1.5283283565611794
COMBINED	2	R_OG2P1-SG3O1	0.15145783025324866	True	1.4367939002736185
COMBINED	2	R_CG312-SG3O1	0.29813802742176343	True	1.4367939002736185
COMBINED	2	R_CG312-CG312	-0.9294780871228261	True	1.4367939002736185
COMBINED	2	TH_CG312-CG312-SG3O1	-0.05362037928610473	True	1.4367939002736185
COMBINED	2	CC_FOURIER_1	0.11785202691982377	True	1.4367939002736185
COMBINED	2	CC_FOURIER_2	-0.08184297564991022	True	1.4367939002736185
COMBINED	2	CC_FOURIER_3	-0.023972316293055712	True	1.4367939002736185
COMBINED	2	CC_FOURIER_4	0.014406175167176927	True	1.4367939002736185
COMBINED	3	R_OG2P1-SG3O1	0.8188763427180755	True	1.1431010419439736
COMBINED	3	R_CG312-SG3O1	-0.47727430931795195	True	1.1431010419439736
COMBINED	3	R_CG312-CG312	-0.07120415233648854	True	1.1431010419439736
COMBINED	3	TH_CG312-CG312-SG3O1	0.08424252178639505	True	1.1431010419439736
COMBINED	3	CC_FOURIER_1	-0.23806400290495117	True	1.1431010419439736
COMBINED	3	CC_FOURIER_2	0.17127166981254582	True	1.1431010419439736
COMBINED	3	CC_FOURIER_3	0.058671052884587044	True	1.1431010419439736
COMBINED	3	CC_FOURIER_4	0.005760938183925176	True	1.1431010419439736
COMBINED	4	R_OG2P1-SG3O1	0.24820140642807123	True	0.9408293180776454
COMBINED	4	R_CG312-SG3O1	0.7599582408653269	True	0.9408293180776454
COMBINED	4	R_CG312-CG312	0.19315938778471167	True	0.9408293180776454
COMBINED	4	TH_CG312-CG312-SG3O1	0.048547972923517216	True	0.9408293180776454
COMBINED	4	CC_FOURIER_1	-0.44695146819646403	True	0.9408293180776454
COMBINED	4	CC_FOURIER_2	0.3155049146982647	True	0.9408293180776454
COMBINED	4	CC_FOURIER_3	0.14792404757260988	True	0.9408293180776454
COMBINED	4	CC_FOURIER_4	0.0012606552501725965	True	0.9408293180776454
COMBINED	5	R_OG2P1-SG3O1	0.010204239904917695	True	0.2560844842132968
COMBINED	5	R_CG312-SG3O1	0.07724911388155184	True	0.2560844842132968
COMBINED	5	R_CG312-CG312	-0.0036375866187109075	True	0.2560844842132968
COMBINED	5	TH_CG312-CG312-SG3O1	0.9440663186280318	True	0.2560844842132968
COMBINED	5	CC_FOURIER_1	0.10076279035611958	True	0.2560844842132968
COMBINED	5	CC_FOURIER_2	-0.057140445421411806	True	0.2560844842132968
COMBINED	5	CC_FOURIER_3	-0.2922199457048286	True	0.2560844842132968
COMBINED	5	CC_FOURIER_4	-0.06199463522873185	True	0.2560844842132968
COMBINED	6	R_OG2P1-SG3O1	0.0037831997298388613	False	0.1228217002262441
COMBINED	6	R_CG312-SG3O1	0.00803430433290532	False	0.1228217002262441
COMBINED	6	R_CG312-CG312	0.0029316417321105783	False	0.1228217002262441
COMBINED	6	TH_CG312-CG312-SG3O1	-0.251778099661864	False	0.1228217002262441
COMBINED	6	CC_FOURIER_1	-0.1702827795358396	False	0.1228217002262441
COMBINED	6	CC_FOURIER_2	0.20754125668418458	False	0.1228217002262441
COMBINED	6	CC_FOURIER_3	-0.9266381155876291	False	0.1228217002262441
COMBINED	6	CC_FOURIER_4	0.07610871086026293	False	0.1228217002262441
COMBINED	7	R_OG2P1-SG3O1	0.00034618435527909307	False	0.03457545242010902
COMBINED	7	R_CG312-SG3O1	-0.005857399385867549	False	0.03457545242010902
COMBINED	7	R_CG312-CG312	-0.017201503535839574	False	0.03457545242010902
COMBINED	7	TH_CG312-CG312-SG3O1	-0.07607285667015956	False	0.03457545242010902
COMBINED	7	CC_FOURIER_1	-0.022660374176142	False	0.03457545242010902
COMBINED	7	CC_FOURIER_2	0.03137171081284403	False	0.03457545242010902
COMBINED	7	CC_FOURIER_3	-0.049961318145938856	False	0.03457545242010902
COMBINED	7	CC_FOURIER_4	-0.9949315502460294	False	0.03457545242010902
COMBINED	8	R_OG2P1-SG3O1	0.0004937221281163148	False	0.015347518295074941
COMBINED	8	R_CG312-SG3O1	-0.0009647715809441612	False	0.015347518295074941
COMBINED	8	R_CG312-CG312	-0.0026389127107015933	False	0.015347518295074941
COMBINED	8	TH_CG312-CG312-SG3O1	-0.007248700627105065	False	0.015347518295074941
COMBINED	8	CC_FOURIER_1	-0.5926915465579353	False	0.015347518295074941
COMBINED	8	CC_FOURIER_2	-0.8023533591063108	False	0.015347518295074941
COMBINED	8	CC_FOURIER_3	-0.06946760786749084	False	0.015347518295074941
COMBINED	8	CC_FOURIER_4	-0.007706306503839299	False	0.015347518295074941
CC_ONLY	1	CC_FOURIER_1	0.8062937062472927	True	0.5004483145527105
CC_ONLY	1	CC_FOURIER_2	-0.5851047833257743	True	0.5004483145527105
CC_ONLY	1	CC_FOURIER_3	-0.07268247165080825	True	0.5004483145527105
CC_ONLY	1	CC_FOURIER_4	-0.04754061537288388	True	0.5004483145527105
CC_ONLY	2	CC_FOURIER_1	0.024465629661344905	False	0.11750401560814276
CC_ONLY	2	CC_FOURIER_2	-0.09890928090943926	False	0.11750401560814276
CC_ONLY	2	CC_FOURIER_3	0.9871561832738902	False	0.11750401560814276
CC_ONLY	2	CC_FOURIER_4	0.12304900218765616	False	0.11750401560814276
CC_ONLY	3	CC_FOURIER_1	0.09024456583262869	False	0.03992681136272001
CC_ONLY	3	CC_FOURIER_2	0.05899255289270075	False	0.03992681136272001
CC_ONLY	3	CC_FOURIER_3	-0.11935290251682597	False	0.03992681136272001
CC_ONLY	3	CC_FOURIER_4	0.9869805883104749	False	0.03992681136272001
CC_ONLY	4	CC_FOURIER_1	0.5840785996498749	False	0.014370759513187684
CC_ONLY	4	CC_FOURIER_2	0.802738578481487	False	0.014370759513187684
CC_ONLY	4	CC_FOURIER_3	0.07742617644998832	False	0.014370759513187684
CC_ONLY	4	CC_FOURIER_4	-0.09202255836966526	False	0.014370759513187684
COMBINED	1	R_OG2P1-SG3O1	0.043299999520646774	True	1.183106678202296
COMBINED	1	R_CG312-SG3O1	-0.09179551911583966	True	1.183106678202296
COMBINED	1	R_CG312-CG312	0.9861805755463648	True	1.183106678202296
COMBINED	1	TH_CG312-CG312-SG3O1	0.012315615862160997	True	1.183106678202296
COMBINED	1	CC_FOURIER_1	0.09903075962749248	True	1.183106678202296
COMBINED	1	CC_FOURIER_2	-0.07407974847989815	True	1.183106678202296
COMBINED	1	CC_FOURIER_3	-0.03059056404201367	True	1.183106678202296
COMBINED	1	CC_FOURIER_4	-0.027644305690134555	True	1.183106678202296
COMBINED	2	R_OG2P1-SG3O1	0.8629254781275089	True	0.9008625603113445
COMBINED	2	R_CG312-SG3O1	0.45520100264357366	True	0.9008625603113445
COMBINED	2	R_CG312-CG312	-0.01816786667892728	True	0.9008625603113445
COMBINED	2	TH_CG312-CG312-SG3O1	-0.10260330036439415	True	0.9008625603113445
COMBINED	2	CC_FOURIER_1	0.1555957407719739	True	0.9008625603113445
COMBINED	2	CC_FOURIER_2	-0.11373264511091818	True	0.9008625603113445
COMBINED	2	CC_FOURIER_3	0.011446270380219437	True	0.9008625603113445
COMBINED	2	CC_FOURIER_4	-0.004241644662581546	True	0.9008625603113445
COMBINED	3	R_OG2P1-SG3O1	0.4892870099448833	True	0.7973916072385179
COMBINED	3	R_CG312-SG3O1	-0.8521680942386691	True	0.7973916072385179
COMBINED	3	R_CG312-CG312	-0.08500540449133415	True	0.7973916072385179
COMBINED	3	TH_CG312-CG312-SG3O1	0.08842199298012848	True	0.7973916072385179
COMBINED	3	CC_FOURIER_1	-0.11048509214592345	True	0.7973916072385179
COMBINED	3	CC_FOURIER_2	0.08217969861383945	True	0.7973916072385179
COMBINED	3	CC_FOURIER_3	-0.018593116854453452	True	0.7973916072385179
COMBINED	3	CC_FOURIER_4	0.007565116020295358	True	0.7973916072385179
COMBINED	4	R_OG2P1-SG3O1	0.11800303577002522	True	0.4694723747455622
COMBINED	4	R_CG312-SG3O1	0.23101347245012466	True	0.4694723747455622
COMBINED	4	R_CG312-CG312	0.1290453251153147	True	0.4694723747455622
COMBINED	4	TH_CG312-CG312-SG3O1	0.29708745674204873	True	0.4694723747455622
COMBINED	4	CC_FOURIER_1	-0.7359004843914547	True	0.4694723747455622
COMBINED	4	CC_FOURIER_2	0.5303877119045863	True	0.4694723747455622
COMBINED	4	CC_FOURIER_3	0.06655733240230857	True	0.4694723747455622
COMBINED	4	CC_FOURIER_4	0.022447268086476034	True	0.4694723747455622
COMBINED	5	R_OG2P1-SG3O1	0.01180803653632197	True	0.20544621092640755
COMBINED	5	R_CG312-SG3O1	0.06526271411731041	True	0.20544621092640755
COMBINED	5	R_CG312-CG312	-0.05270159443303654	True	0.20544621092640755
COMBINED	5	TH_CG312-CG312-SG3O1	0.9108093151385914	True	0.20544621092640755
COMBINED	5	CC_FOURIER_1	0.23401731103149334	True	0.20544621092640755
COMBINED	5	CC_FOURIER_2	-0.1660388795147466	True	0.20544621092640755
COMBINED	5	CC_FOURIER_3	-0.2695016741064889	True	0.20544621092640755
COMBINED	5	CC_FOURIER_4	-0.09102811709060984	True	0.20544621092640755
COMBINED	6	R_OG2P1-SG3O1	0.004307585955234491	False	0.09996243687007111
COMBINED	6	R_CG312-SG3O1	0.022500213692676685	False	0.09996243687007111
COMBINED	6	R_CG312-CG312	-0.006462475387712296	False	0.09996243687007111
COMBINED	6	TH_CG312-CG312-SG3O1	-0.2394203626341435	False	0.09996243687007111
COMBINED	6	CC_FOURIER_1	-0.061288039792318186	False	0.09996243687007111
COMBINED	6	CC_FOURIER_2	0.15957313865610506	False	0.09996243687007111
COMBINED	6	CC_FOURIER_3	-0.9554408439565804	False	0.09996243687007111
COMBINED	6	CC_FOURIER_4	0.004928970725535987	False	0.09996243687007111
COMBINED	7	R_OG2P1-SG3O1	0.00042885581227736745	False	0.027511468263972043
COMBINED	7	R_CG312-SG3O1	-0.006511786716589055	False	0.027511468263972043
COMBINED	7	R_CG312-CG312	-0.02007732230383557	False	0.027511468263972043
COMBINED	7	TH_CG312-CG312-SG3O1	-0.07586613595595973	False	0.027511468263972043
COMBINED	7	CC_FOURIER_1	-0.011572743031412666	False	0.027511468263972043
COMBINED	7	CC_FOURIER_2	0.07276566852283477	False	0.027511468263972043
COMBINED	7	CC_FOURIER_3	0.02676381913731895	False	0.027511468263972043
COMBINED	7	CC_FOURIER_4	-0.9938076123420508	False	0.027511468263972043
COMBINED	8	R_OG2P1-SG3O1	0.0002564122912548101	False	0.01355639465562393
COMBINED	8	R_CG312-SG3O1	-0.0002444060032156159	False	0.01355639465562393
COMBINED	8	R_CG312-CG312	-0.00410679847461468	False	0.01355639465562393
COMBINED	8	TH_CG312-CG312-SG3O1	-0.024291837975964226	False	0.01355639465562393
COMBINED	8	CC_FOURIER_1	-0.5946193248809568	False	0.01355639465562393
COMBINED	8	CC_FOURIER_2	-0.796985012337708	False	0.01355639465562393
COMBINED	8	CC_FOURIER_3	-0.08912326931627985	False	0.01355639465562393
COMBINED	8	CC_FOURIER_4	-0.051891297787170144	False	0.01355639465562393
CC_ONLY	1	CC_FOURIER_1	0.8063582409689034	True	0.5004814499262561
CC_ONLY	1	CC_FOURIER_2	-0.5850619418721514	True	0.5004814499262561
CC_ONLY	1	CC_FOURIER_3	-0.07233452887079594	True	0.5004814499262561
CC_ONLY	1	CC_FOURIER_4	-0.047503971700937106	True	0.5004814499262561
CC_ONLY	2	CC_FOURIER_1	0.021183961811602568	True	0.11760130632207955
CC_ONLY	2	CC_FOURIER_2	-0.10284969626657448	True	0.11760130632207955
CC_ONLY	2	CC_FOURIER_3	0.9867377664090083	True	0.11760130632207955
CC_ONLY	2	CC_FOURIER_4	0.12378109743413672	True	0.11760130632207955
CC_ONLY	3	CC_FOURIER_1	0.09134394681566002	False	0.03994317058163911
CC_ONLY	3	CC_FOURIER_2	0.060539880812098934	False	0.03994317058163911
CC_ONLY	3	CC_FOURIER_3	-0.11943668222054427	False	0.03994317058163911
CC_ONLY	3	CC_FOURIER_4	0.9867756002007463	False	0.03994317058163911
CC_ONLY	4	CC_FOURIER_1	0.5839468386451278	False	0.01294313146165142
CC_ONLY	4	CC_FOURIER_2	0.8021592030151603	False	0.01294313146165142
CC_ONLY	4	CC_FOURIER_3	0.08277182621731864	False	0.01294313146165142
CC_ONLY	4	CC_FOURIER_4	-0.09324981200567567	False	0.01294313146165142
COMBINED	1	R_OG2P1-SG3O1	0.04335991985705338	True	1.1833752202909817
COMBINED	1	R_CG312-SG3O1	-0.07804305568432174	True	1.1833752202909817
COMBINED	1	R_CG312-CG312	0.9869602510134063	True	1.1833752202909817
COMBINED	1	TH_CG312-CG312-SG3O1	0.014044710203513153	True	1.1833752202909817
COMBINED	1	CC_FOURIER_1	0.10145254668243851	True	1.1833752202909817
COMBINED	1	CC_FOURIER_2	-0.07628737143999587	True	1.1833752202909817
COMBINED	1	CC_FOURIER_3	-0.02972683675064638	True	1.1833752202909817
COMBINED	1	CC_FOURIER_4	-0.027300929499209807	True	1.1833752202909817
COMBINED	2	R_OG2P1-SG3O1	0.8643853274453736	True	0.902042078925273
COMBINED	2	R_CG312-SG3O1	0.45259196866708107	True	0.902042078925273
COMBINED	2	R_CG312-CG312	-0.025402891455839238	True	0.902042078925273
COMBINED	2	TH_CG312-CG312-SG3O1	-0.10011137730933736	True	0.902042078925273
COMBINED	2	CC_FOURIER_1	0.1553496164976955	True	0.902042078925273
COMBINED	2	CC_FOURIER_2	-0.11440331907592147	True	0.902042078925273
COMBINED	2	CC_FOURIER_3	0.009557956928529732	True	0.902042078925273
COMBINED	2	CC_FOURIER_4	-0.004235980630849774	True	0.902042078925273
COMBINED	3	R_OG2P1-SG3O1	0.48725538465671525	True	0.7955166816521229
COMBINED	3	R_CG312-SG3O1	-0.8537824522917379	True	0.7955166816521229
COMBINED	3	R_CG312-CG312	-0.07188378455840588	True	0.7955166816521229
COMBINED	3	TH_CG312-CG312-SG3O1	0.08642373742093451	True	0.7955166816521229
COMBINED	3	CC_FOURIER_1	-0.11354964345246543	True	0.7955166816521229
COMBINED	3	CC_FOURIER_2	0.08845651027997586	True	0.7955166816521229
COMBINED	3	CC_FOURIER_3	-0.015048443583619842	True	0.7955166816521229
COMBINED	3	CC_FOURIER_4	0.007539364437221124	True	0.7955166816521229
COMBINED	4	R_OG2P1-SG3O1	0.11582538735018309	True	0.46850122789075077
COMBINED	4	R_CG312-SG3O1	0.2375930740827752	True	0.46850122789075077
COMBINED	4	R_CG312-CG312	0.12791023608871688	True	0.46850122789075077
COMBINED	4	TH_CG312-CG312-SG3O1	0.30714738716696616	True	0.46850122789075077
COMBINED	4	CC_FOURIER_1	-0.7332268655967887	True	0.46850122789075077
COMBINED	4	CC_FOURIER_2	0.5266678930729376	True	0.46850122789075077
COMBINED	4	CC_FOURIER_3	0.06281143218912634	True	0.46850122789075077
COMBINED	4	CC_FOURIER_4	0.022079012950848343	True	0.46850122789075077
COMBINED	5	R_OG2P1-SG3O1	0.01031293778030645	True	0.20573010776477688
COMBINED	5	R_CG312-SG3O1	0.057115389584860836	True	0.20573010776477688
COMBINED	5	R_CG312-CG312	-0.0575993652833954	True	0.20573010776477688
COMBINED	5	TH_CG312-CG312-SG3O1	0.9040014395201141	True	0.20573010776477688
COMBINED	5	CC_FOURIER_1	0.24875849380996343	True	0.20573010776477688
COMBINED	5	CC_FOURIER_2	-0.15712378100976335	True	0.20573010776477688
COMBINED	5	CC_FOURIER_3	-0.28537689386430015	True	0.20573010776477688
COMBINED	5	CC_FOURIER_4	-0.08992521169493509	True	0.20573010776477688
COMBINED	6	R_OG2P1-SG3O1	0.004089865479078766	True	0.09980536836752762
COMBINED	6	R_CG312-SG3O1	0.019138528161490517	True	0.09980536836752762
COMBINED	6	R_CG312-CG312	-0.004343880076278854	True	0.09980536836752762
COMBINED	6	TH_CG312-CG312-SG3O1	-0.2550821081487551	True	0.09980536836752762
COMBINED	6	CC_FOURIER_1	-0.07494735113892714	True	0.09980536836752762
COMBINED	6	CC_FOURIER_2	0.1493056811565263	True	0.09980536836752762
COMBINED	6	CC_FOURIER_3	-0.9521560072169644	True	0.09980536836752762
COMBINED	6	CC_FOURIER_4	0.004569967257780781	True	0.09980536836752762
COMBINED	7	R_OG2P1-SG3O1	0.0004831013171584637	False	0.028210640061989492
COMBINED	7	R_CG312-SG3O1	-0.006065691124503198	False	0.028210640061989492
COMBINED	7	R_CG312-CG312	-0.019502543047170372	False	0.028210640061989492
COMBINED	7	TH_CG312-CG312-SG3O1	-0.07535068371702622	False	0.028210640061989492
COMBINED	7	CC_FOURIER_1	-0.04542965866214034	False	0.028210640061989492
COMBINED	7	CC_FOURIER_2	0.027021389920075255	False	0.028210640061989492
COMBINED	7	CC_FOURIER_3	0.023191702861546433	False	0.028210640061989492
COMBINED	7	CC_FOURIER_4	-0.9952753562715096	False	0.028210640061989492
COMBINED	8	R_OG2P1-SG3O1	0.0011294880171980556	False	0.012271999131118884
COMBINED	8	R_CG312-SG3O1	-0.0030988816814754693	False	0.012271999131118884
COMBINED	8	R_CG312-CG312	-0.004352434497155188	False	0.012271999131118884
COMBINED	8	TH_CG312-CG312-SG3O1	-0.0029442021933060625	False	0.012271999131118884
COMBINED	8	CC_FOURIER_1	-0.5877899045518657	False	0.012271999131118884
COMBINED	8	CC_FOURIER_2	-0.8050951926578367	False	0.012271999131118884
COMBINED	8	CC_FOURIER_3	-0.07921073320963663	False	0.012271999131118884
COMBINED	8	CC_FOURIER_4	0.003453662849403921	False	0.012271999131118884
