row_set	variable_id	row_count	norm_J_h	norm_J_2h	norm_J_tight	finite_difference_status	R_step	R_step_limit	R_step_pass	R_conv	R_conv_limit	R_conv_pass	uncertainty_column_norm	signal_at_or_below_uncertainty
FULL_PRIMARY_118	CC_FOURIER_1	118	1.035339434493856	1.0354734118301665	1.0354315726827417	PASS	0.009604293421001043	0.1	True	0.007469830876880794	0.05	True	0.017324915154944543	False
FULL_PRIMARY_118	CC_FOURIER_2	118	0.7390199612122178	0.7385748658665805	0.7386798584552431	PASS	0.019720410555839188	0.1	True	0.012822763212238669	0.05	True	0.02362557137710081	False
FULL_PRIMARY_118	CC_FOURIER_3	118	0.3109662813187718	0.3106736032932898	0.3107491069865289	PASS	0.024470139262490163	0.1	True	0.03012769898187637	0.05	True	0.016729878663142923	False
FULL_PRIMARY_118	CC_FOURIER_4	118	0.04900613808406789	0.04907703592158813	0.04898842077802823	REVIEW	0.07048742583225934	0.1	True	0.059981632387276745	0.05	False	0.005926295200870005	False
LOW_TIER_FULL_99	CC_FOURIER_1	99	0.9742273309824712	0.9743193062486168	0.9742794866067837	PASS	0.010203093024366727	0.1	True	0.007934421293532373	0.05	True	0.017316789335206955	False
LOW_TIER_FULL_99	CC_FOURIER_2	99	0.6935622322979619	0.6930905564683448	0.6931893605928532	PASS	0.021012378837937256	0.1	True	0.013661474192897725	0.05	True	0.023624245178897708	False
LOW_TIER_FULL_99	CC_FOURIER_3	99	0.2922396986598409	0.29192502302962947	0.29200526593485204	PASS	0.02603503001135787	0.1	True	0.032056387971384326	0.05	True	0.01672851337602886	False
LOW_TIER_FULL_99	CC_FOURIER_4	99	0.008584926363000761	0.008846457496647642	0.008407284033930066	REVIEW	0.39100456127497646	0.1	False	0.34237011310225746	0.05	False	0.005925737708620619	False
GEOMETRY_ONLY_92	CC_FOURIER_1	92	0.012775987895051263	0.010473355925781122	0.009953209106998656	UNIDENTIFIABLE		0.1			0.05		0.01731396075734043	True
GEOMETRY_ONLY_92	CC_FOURIER_2	92	0.012370537504778078	0.010235372354032228	0.007455518701434881	UNIDENTIFIABLE		0.1			0.05		0.023611822197449853	True
GEOMETRY_ONLY_92	CC_FOURIER_3	92	0.010656522306428	0.005676780333052429	0.005804721782809698	UNIDENTIFIABLE		0.1			0.05		0.016726155174378806	True
GEOMETRY_ONLY_92	CC_FOURIER_4	92	0.0023829273113461667	0.003243000317379005	0.0020420704194299357	UNIDENTIFIABLE		0.1			0.05		0.0059233010785067685	True
PES_ONLY_25	CC_FOURIER_1	25	0.40354100590738345	0.4037167120480958	0.40371479811701416	PASS	0.0007621908753411632	0.1	True	0.0007182043209306042	0.05	True	0.0005950334195427965	False
PES_ONLY_25	CC_FOURIER_2	25	0.29313845537373234	0.29312896535813787	0.2931742457365801	PASS	0.000397167913149188	0.1	True	0.0005484116186040663	0.05	True	0.0002696463390565739	False
PES_ONLY_25	CC_FOURIER_3	25	0.12142569853314802	0.12142713911026867	0.1214245759648466	PASS	0.0010268733405245155	0.1	True	0.0008713038798299945	0.05	True	0.0002243946162628318	False
PES_ONLY_25	CC_FOURIER_4	25	0.04825047862697979	0.048275251983575414	0.04826371607565423	PASS	0.0016576608649394066	0.1	True	0.0015727687636722058	0.05	True	0.00015382706995774195	False
A_BASIN_GEOMETRY_ONLY_46	CC_FOURIER_1	46	0.009894395784174682	0.008177621058191831	0.00799300244774119	UNIDENTIFIABLE		0.1			0.05		0.01019845325032632	True
A_BASIN_GEOMETRY_ONLY_46	CC_FOURIER_2	46	0.008308516043835064	0.008734042420093012	0.007071907984342642	REVIEW	0.6141071804674381	0.1	False	0.4176998947030238	0.05	False	0.008114226843898405	False
A_BASIN_GEOMETRY_ONLY_46	CC_FOURIER_3	46	0.007480827822891695	0.004683956417864873	0.005150790863523657	UNIDENTIFIABLE		0.1			0.05		0.01013390357330739	True
A_BASIN_GEOMETRY_ONLY_46	CC_FOURIER_4	46	0.0020076816874685537	0.0012827907041887902	0.0007714486266578076	UNIDENTIFIABLE		0.1			0.05		0.0035548949027985376	True
B_BASIN_GEOMETRY_ONLY_46	CC_FOURIER_1	46	0.00808249953669053	0.006543523376340308	0.005931128341053189	UNIDENTIFIABLE		0.1			0.05		0.013991597064225116	True
B_BASIN_GEOMETRY_ONLY_46	CC_FOURIER_2	46	0.009165083704279868	0.005336604747374784	0.0023606940861611125	UNIDENTIFIABLE		0.1			0.05		0.022173801437952497	True
B_BASIN_GEOMETRY_ONLY_46	CC_FOURIER_3	46	0.007589379602552969	0.0032072398141195003	0.0026765926952128176	UNIDENTIFIABLE		0.1			0.05		0.013306700014816097	True
B_BASIN_GEOMETRY_ONLY_46	CC_FOURIER_4	46	0.0012835718962967715	0.0029785061805823326	0.0018907455181326057	UNIDENTIFIABLE		0.1			0.05		0.004737955033207516	True
REMOVE_BONDS	CC_FOURIER_1	86	1.0353273635287679	1.0354675279734509	1.035429595181999	PASS	0.007197588497983049	0.1	True	0.006071528442794131	0.05	True	0.013341835639398014	False
REMOVE_BONDS	CC_FOURIER_2	86	0.7390036404421296	0.7385625897160608	0.7386789798651134	PASS	0.015836840282362083	0.1	True	0.010663233374309066	0.05	True	0.01910126929865938	False
REMOVE_BONDS	CC_FOURIER_3	86	0.31092830561094187	0.3106692456855083	0.31074733258506665	PASS	0.020020136004619406	0.1	True	0.024616629983129662	0.05	True	0.013609772477946223	False
REMOVE_BONDS	CC_FOURIER_4	86	0.04899132074610659	0.04904938166485534	0.04898507156865306	REVIEW	0.05747588520802117	0.1	True	0.05489070373669582	0.05	False	0.005172031921338802	False
REMOVE_ANGLES	CC_FOURIER_1	58	1.0352726760124555	1.035426327916484	1.0353857109629365	PASS	0.006367019055411971	0.1	True	0.004361023912821276	0.05	True	0.011069216544842667	False
REMOVE_ANGLES	CC_FOURIER_2	58	0.7389327407520514	0.7385162172927245	0.7386431117401989	PASS	0.011769481600849414	0.1	True	0.007138895625260179	0.05	True	0.013926902365029959	False
REMOVE_ANGLES	CC_FOURIER_3	58	0.3108216265588551	0.3106260927815311	0.31069666152397024	PASS	0.014097785345327596	0.1	True	0.01738792454557916	0.05	True	0.009735887548041437	False
REMOVE_ANGLES	CC_FOURIER_4	58	0.048962999181120466	0.048997469495215114	0.04894919256194451	PASS	0.04095034136747292	0.1	True	0.024363718813931286	0.05	True	0.0028994033444353236	False
REMOVE_CC	CC_FOURIER_1	107	0.9557045496667478	0.9557879555948424	0.9557420489413483	PASS	0.010402518122881777	0.1	True	0.008089242735216693	0.05	True	0.01731927638781926	False
REMOVE_CC	CC_FOURIER_2	107	0.6806804674013334	0.6802035310840824	0.6803026266708171	PASS	0.021410380926608713	0.1	True	0.013920916153801354	0.05	True	0.02362498906926227	False
REMOVE_CC	CC_FOURIER_3	107	0.28837849826372874	0.28806145824133816	0.2881463960130962	PASS	0.026384574372453343	0.1	True	0.032485852355929164	0.05	True	0.01672877716100543	False
REMOVE_CC	CC_FOURIER_4	107	0.011611725790949618	0.011817666001901891	0.011488043204050571	REVIEW	0.29266024579622607	0.1	False	0.25307189279934716	0.05	False	0.005924591320681664	False
REMOVE_CS	CC_FOURIER_1	105	1.0332661610319245	1.0333888781902572	1.0333482380510663	PASS	0.009621371614989353	0.1	True	0.00748279424538065	0.05	True	0.017320334029227252	False
REMOVE_CS	CC_FOURIER_2	105	0.7369158387628946	0.7364673997866357	0.73656843833855	PASS	0.019776289474880266	0.1	True	0.012858315339169564	0.05	True	0.023624614877666084	False
REMOVE_CS	CC_FOURIER_3	105	0.309020545772194	0.3087267752072082	0.30880048866909443	PASS	0.024622993329288512	0.1	True	0.0303170078863834	0.05	True	0.016729475243431432	False
REMOVE_CS	CC_FOURIER_4	105	0.048376257360947424	0.04844536846683585	0.04835668841598647	REVIEW	0.0714029277023884	0.1	True	0.06076027414200918	0.05	False	0.005926002407286166	False
REMOVE_AB_ENERGY	CC_FOURIER_1	117	0.40374319723734964	0.4038525408750986	0.40383747298905925	PASS	0.024624076418205867	0.1	True	0.01915192494574881	0.05	True	0.0173241825745718	False
REMOVE_AB_ENERGY	CC_FOURIER_2	117	0.293399359605734	0.29330760845767045	0.29326902857669795	PASS	0.049648960884677816	0.1	True	0.032280466769411535	0.05	True	0.023613361824021423	False
REMOVE_AB_ENERGY	CC_FOURIER_3	117	0.12189241868110724	0.12155976286359838	0.1215632446227832	REVIEW	0.06241028842927693	0.1	True	0.07685635757482731	0.05	False	0.016727660322388385	False
REMOVE_AB_ENERGY	CC_FOURIER_4	117	0.04830928513550778	0.04838405734471038	0.048306897447769045	REVIEW	0.07149613778174765	0.1	True	0.06081709758051818	0.05	False	0.005925298172589396	False
REMOVE_CC180	CC_FOURIER_1	117	1.0158722023922615	1.0159879722762926	1.015941536055998	PASS	0.009787940517823156	0.1	True	0.00761214132532597	0.05	True	0.01732338206831247	False
REMOVE_CC180	CC_FOURIER_2	117	0.7248782960582906	0.7244257475842821	0.7245274192331167	PASS	0.02010513460727998	0.1	True	0.01307289118867025	0.05	True	0.023625555895907396	False
REMOVE_CC180	CC_FOURIER_3	117	0.3054723846768418	0.3051761780431184	0.30525444780058053	PASS	0.024910214861175704	0.1	True	0.03066949566867229	0.05	True	0.016729859028200254	False
REMOVE_CC180	CC_FOURIER_4	117	0.04900609662205823	0.04907703588153574	0.04898842077260841	REVIEW	0.07047618962068512	0.1	True	0.05996725179583483	0.05	False	0.0059249504527816325	False
DELETE_ZERO_CC300_ROW_CONTROL	CC_FOURIER_1	117	1.035339434493856	1.0354734118301665	1.0354315726827417	PASS	0.009604293421001043	0.1	True	0.007469830876880794	0.05	True	0.017324915154944543	False
DELETE_ZERO_CC300_ROW_CONTROL	CC_FOURIER_2	117	0.7390199612122178	0.7385748658665805	0.7386798584552431	PASS	0.019720410555839188	0.1	True	0.012822763212238669	0.05	True	0.02362557137710081	False
DELETE_ZERO_CC300_ROW_CONTROL	CC_FOURIER_3	117	0.3109662813187718	0.3106736032932898	0.3107491069865289	PASS	0.024470139262490163	0.1	True	0.03012769898187637	0.05	True	0.016729878663142923	False
DELETE_ZERO_CC300_ROW_CONTROL	CC_FOURIER_4	117	0.04900613808406789	0.04907703592158813	0.04898842077802823	REVIEW	0.07048742583225934	0.1	True	0.059981632387276745	0.05	False	0.005926295200870005	False
REMOVE_A_INCLUDING_AB_ENERGY	CC_FOURIER_1	71	0.40362193974993915	0.40376973795110227	0.4037583640026044	PASS	0.018230623681459703	0.1	True	0.01679701996016172	0.05	True	0.014004244113053932	False
REMOVE_A_INCLUDING_AB_ENERGY	CC_FOURIER_2	71	0.2932816952661795	0.2931775395253909	0.2931837499585901	PASS	0.046179366719977806	0.1	True	0.03004729226987342	0.05	True	0.022175440905603454	False
REMOVE_A_INCLUDING_AB_ENERGY	CC_FOURIER_3	71	0.12166264400798871	0.12146948793721744	0.12145407278761329	REVIEW	0.0486324215155486	0.1	True	0.06110267555227964	0.05	False	0.013308591895017086	False
REMOVE_A_INCLUDING_AB_ENERGY	CC_FOURIER_4	71	0.0482675485657351	0.04836704924993326	0.048300737137705295	PASS	0.06504990761869749	0.1	True	0.038339954625082676	0.05	True	0.004740451525345262	False
REMOVE_B_INCLUDING_AB_ENERGY	CC_FOURIER_1	71	0.4036622877067869	0.4037995258455568	0.4037939156386474	PASS	0.01657644276447307	0.1	True	0.009235842205993947	0.05	True	0.010215797250800558	False
REMOVE_B_INCLUDING_AB_ENERGY	CC_FOURIER_2	71	0.29325617718600294	0.29325905583447615	0.29325952711847514	PASS	0.018294069676823423	0.1	True	0.0118468055770604	0.05	True	0.008118705957380653	False
REMOVE_B_INCLUDING_AB_ENERGY	CC_FOURIER_3	71	0.12165592073211519	0.12151744549746343	0.12153377429654097	PASS	0.039317672123918374	0.1	True	0.04686890866084834	0.05	True	0.01013638764930091	False
REMOVE_B_INCLUDING_AB_ENERGY	CC_FOURIER_4	71	0.04829222994945284	0.048292292408504016	0.048269881110428854	PASS	0.029820918394662537	0.1	True	0.047258152365634416	0.05	True	0.003558221541359504	False
