observable_id	new_primary_base	v2_primary_base	v2_tight_base	absolute_difference	compatibility_envelope	status
BOND|A|S1-O1	1.4516320436507166	1.4516320436507166	1.451640111177621	0.0	8.06752690444846e-06	PASS
BOND|A|S1-O2	1.4534764476825717	1.4534764476825717	1.4534633851276237	0.0	1.3062554948079072e-05	PASS
BOND|A|S1-O3	1.452264512736246	1.452264512736246	1.452267473846724	0.0	2.961110478300175e-06	PASS
BOND|A|S1-C2	1.7692492787801744	1.7692492787801744	1.769247103626495	0.0	2.1751536799956916e-06	PASS
BOND|A|F1-C1	1.365587597912197	1.365587597912197	1.3655830525991253	0.0	4.545313072752139e-06	PASS
BOND|A|F2-C1	1.3682676253270867	1.3682676253270867	1.3682679865763023	0.0	3.6124921580239277e-07	PASS
BOND|A|F3-C2	1.3515215662007083	1.3515215662007083	1.3515123568406593	0.0	9.209360049150636e-06	PASS
BOND|A|F4-C2	1.3566432294320676	1.3566432294320676	1.3566508237555936	0.0	7.594323526188949e-06	PASS
BOND|A|F5-C3	1.360070907275395	1.360070907275395	1.360064996409828	0.0	5.9108655671548196e-06	PASS
BOND|A|F6-C3	1.3679640484176525	1.3679640484176525	1.3679672955883906	0.0	3.247170738224345e-06	PASS
BOND|A|F7-C4	1.3466085529198728	1.3466085529198728	1.346612025188803	0.0	3.4722689307602827e-06	PASS
BOND|A|F8-C4	1.3538059062265377	1.3538059062265377	1.3538065390579723	0.0	6.328314347382546e-07	PASS
BOND|A|F9-C4	1.3517619538172907	1.3517619538172907	1.3517553793014154	0.0	6.574515875418361e-06	PASS
BOND|A|C1-C2	1.4867502813041213	1.4867502813041213	1.486720668795427	0.0	2.961250869441557e-05	PASS
BOND|A|C1-C3	1.526007369890265	1.526007369890265	1.5259901847942772	0.0	1.7185095988853932e-05	PASS
BOND|A|C3-C4	1.4953138482359438	1.4953138482359438	1.4953053347979983	0.0	8.513437945650967e-06	PASS
ANGLE|A|S1-C2-F3	108.89494361852701	108.89494361852701	108.89618694214552	0.0	0.0012433236185253169	PASS
ANGLE|A|S1-C2-F4	107.38475584427823	107.38475584427823	107.38526469664848	0.0	0.0005088523702604495	PASS
ANGLE|A|S1-C2-C1	113.3154161333728	113.3154161333728	113.31777005934198	0.0	0.0023539259691894975	PASS
ANGLE|A|F1-C1-F2	101.79547342778399	101.79547342778399	101.7976810147016	0.0	0.0022075869176663636	PASS
ANGLE|A|F1-C1-C2	110.42253586764436	110.42253586764436	110.41988088827942	0.0	0.002654979364948752	PASS
ANGLE|A|F1-C1-C3	107.7118308874149	107.7118308874149	107.70972702941869	0.0	0.0021038579962330394	PASS
ANGLE|A|F2-C1-C2	105.75441638588318	105.75441638588318	105.75356432764401	0.0	0.0008520582391761243	PASS
ANGLE|A|F2-C1-C3	107.44792085744346	107.44792085744346	107.4488989270328	0.0	0.000978069589396883	PASS
ANGLE|A|F3-C2-F4	102.86230869197894	102.86230869197894	102.86322023527941	0.0	0.0009115433004901595	PASS
ANGLE|A|F3-C2-C1	113.41880085714132	113.41880085714132	113.41486557715079	0.0	0.003935279990543784	PASS
ANGLE|A|F4-C2-C1	110.29971514230452	110.29971514230452	110.2986866103559	0.0	0.0010285319486800705	PASS
ANGLE|A|F5-C3-F6	101.89764096825904	101.89764096825904	101.89813000522045	0.0	0.0004890369614266708	PASS
ANGLE|A|F5-C3-C1	113.44702968286389	113.44702968286389	113.4451430325035	0.0	0.0018866503604052628	PASS
ANGLE|A|F5-C3-C4	110.00561278446902	110.00561278446902	110.00384310572905	0.0	0.0017696787399906885	PASS
ANGLE|A|F6-C3-C1	107.91097049319173	107.91097049319173	107.90912554456075	0.0	0.0018449486309898408	PASS
ANGLE|A|F6-C3-C4	106.49606837959308	106.49606837959308	106.49763532456757	0.0	0.0015669449744998407	PASS
ANGLE|A|F7-C4-F8	103.25502141949906	103.25502141949906	103.25460563126983	0.0	0.0004157882292482715	PASS
ANGLE|A|F7-C4-F9	103.76727163378484	103.76727163378484	103.76628215670131	0.0	0.0009894770835509167	PASS
ANGLE|A|F7-C4-C3	116.4797530492304	116.4797530492304	116.48519579006803	0.0	0.0054427408377419615	PASS
ANGLE|A|F8-C4-F9	103.40024587224949	103.40024587224949	103.40223399137908	0.0	0.001988119129607292	PASS
ANGLE|A|F8-C4-C3	113.45711770459134	113.45711770459134	113.45349348432593	0.0	0.003624220265422985	PASS
ANGLE|A|F9-C4-C3	114.89923994275716	114.89923994275716	114.89686852894526	0.0	0.002371413811915425	PASS
ANGLE|A|O1-S1-O2	112.25690718089993	112.25690718089993	112.25650021010937	0.0	0.0004069707905792872	PASS
ANGLE|A|O1-S1-O3	112.8180614949382	112.8180614949382	112.8174464594895	0.0	0.0006150354487633382	PASS
ANGLE|A|O1-S1-C2	105.87064901692571	105.87064901692571	105.87495509366353	0.0	0.004306076737834353	PASS
ANGLE|A|O2-S1-O3	112.67801622471073	112.67801622471073	112.67883430769332	0.0	0.0008180829826053402	PASS
ANGLE|A|O2-S1-C2	105.80698514864075	105.80698514864075	105.80558654917587	0.0	0.0013985994648927477	PASS
ANGLE|A|O3-S1-C2	106.7463871911307	106.7463871911307	106.74373358068905	0.0	0.002653610441655808	PASS
ANGLE|A|C1-C3-C4	115.86654144145922	115.86654144145922	115.86985899736635	0.0	0.003317555907146009	PASS
ANGLE|A|C2-C1-C3	121.82926588292528	121.82926588292528	121.83192389929764	0.0	0.002658016372365858	PASS
BOND|B|S1-O1	1.4533189311098544	1.4533189311098544	1.4533069714428926	0.0	1.1959666962030443e-05	PASS
BOND|B|S1-O2	1.4539166783268553	1.4539166783268553	1.4539244206465127	0.0	7.742319657538918e-06	PASS
BOND|B|S1-O3	1.4529981473824385	1.4529981473824385	1.453001305595959	0.0	3.158213521082178e-06	PASS
BOND|B|S1-C2	1.7772454908314292	1.7772454908314292	1.7772359284706318	0.0	9.562360797560462e-06	PASS
BOND|B|F1-C1	1.366737812179786	1.366737812179786	1.3667337971069742	0.0	4.015072812830484e-06	PASS
BOND|B|F2-C1	1.3654560161570388	1.3654560161570388	1.3654497177290543	0.0	6.2984279846468685e-06	PASS
BOND|B|F3-C2	1.3528327422223558	1.3528327422223558	1.3528266368031459	0.0	6.105419210128536e-06	PASS
BOND|B|F4-C2	1.3525821695752758	1.3525821695752758	1.3525904243583478	0.0	8.254783072131463e-06	PASS
BOND|B|F5-C3	1.3642732481266333	1.3642732481266333	1.3642743388979666	0.0	1.0907713334064129e-06	PASS
BOND|B|F6-C3	1.3675783793116378	1.3675783793116378	1.3675779967687882	0.0	3.8254284976958263e-07	PASS
BOND|B|F7-C4	1.3488617374898302	1.3488617374898302	1.3488713502991148	0.0	9.612809284725973e-06	PASS
BOND|B|F8-C4	1.3539222479719062	1.3539222479719062	1.3539208462765517	0.0	1.40169535460267e-06	PASS
BOND|B|F9-C4	1.3500415398297896	1.3500415398297896	1.3500380137059125	0.0	3.5261238772567125e-06	PASS
BOND|B|C1-C2	1.4896550889269626	1.4896550889269626	1.4896373198858774	0.0	1.7769041085341616e-05	PASS
BOND|B|C1-C3	1.5233495598957483	1.5233495598957483	1.5233660414670134	0.0	1.648157126525341e-05	PASS
BOND|B|C3-C4	1.4949154672419362	1.4949154672419362	1.4949237759614953	0.0	8.308719559185892e-06	PASS
ANGLE|B|S1-C2-F3	108.03318902471443	108.03318902471443	108.0357543356311	0.0	0.0025653109167254533	PASS
ANGLE|B|S1-C2-F4	107.27441032183184	107.27441032183184	107.26940173470486	0.0	0.0050085871269950465	PASS
ANGLE|B|S1-C2-C1	111.80190651053535	111.80190651053535	111.80682306331738	0.0	0.004916552782049955	PASS
ANGLE|B|F1-C1-F2	102.70202416567506	102.70202416567506	102.70227903122324	0.0	0.0002548655482009896	PASS
ANGLE|B|F1-C1-C2	112.65666958417772	112.65666958417772	112.65737058323057	0.0	0.0007009990528680353	PASS
ANGLE|B|F1-C1-C3	105.0367383434311	105.0367383434311	105.03328550247741	0.0	0.0034528409537896996	PASS
ANGLE|B|F2-C1-C2	111.17056353787636	111.17056353787636	111.16983035069283	0.0	0.0007331871835426616	PASS
ANGLE|B|F2-C1-C3	109.12687368737325	109.12687368737325	109.1315057182573	0.0	0.004632030884113506	PASS
ANGLE|B|F3-C2-F4	103.52499335629327	103.52499335629327	103.52608734372308	0.0	0.0010939874298267047	PASS
ANGLE|B|F3-C2-C1	113.08440161557759	113.08440161557759	113.08103095817769	0.0	0.0033706573999133915	PASS
ANGLE|B|F4-C2-C1	112.6102626789482	112.6102626789482	112.60972675737912	0.0	0.0005359215691866654	PASS
ANGLE|B|F5-C3-F6	102.56061561913172	102.56061561913172	102.56074213036746	0.0	0.0001265112357494833	PASS
ANGLE|B|F5-C3-C1	112.18046668416922	112.18046668416922	112.17761752145249	0.0	0.002849162716743415	PASS
ANGLE|B|F5-C3-C4	108.88450536997466	108.88450536997466	108.8830267553016	0.0	0.001478614673121429	PASS
ANGLE|B|F6-C3-C1	108.85467784544596	108.85467784544596	108.85498687058382	0.0	0.00030902513786735896	PASS
ANGLE|B|F6-C3-C4	106.78029626609438	106.78029626609438	106.78288207889217	0.0	0.0025858127978047995	PASS
ANGLE|B|F7-C4-F8	103.05229225797002	103.05229225797002	103.05061179515793	0.0	0.0016804628121044449	PASS
ANGLE|B|F7-C4-F9	104.06030375694698	104.06030375694698	104.06068748662037	0.0	0.0003837296734027338	PASS
ANGLE|B|F7-C4-C3	115.82406662584152	115.82406662584152	115.82095225650816	0.0	0.0031143693333754007	PASS
ANGLE|B|F8-C4-F9	103.51206861482416	103.51206861482416	103.51270887309204	0.0	0.0006402582678938349	PASS
ANGLE|B|F8-C4-C3	113.48326749860614	113.48326749860614	113.48753098144194	0.0	0.00426348283581114	PASS
ANGLE|B|F9-C4-C3	115.35547370016128	115.35547370016128	115.35497545955748	0.0	0.000498240603818879	PASS
ANGLE|B|O1-S1-O2	112.34539578513792	112.34539578513792	112.3443645569582	0.0	0.0010312281797868951	PASS
ANGLE|B|O1-S1-O3	112.91277033302448	112.91277033302448	112.91336917224079	0.0	0.0005988392163239884	PASS
ANGLE|B|O1-S1-C2	106.43287112224134	106.43287112224134	106.43909401916056	0.0	0.006222896919241173	PASS
ANGLE|B|O2-S1-O3	112.5094277388703	112.5094277388703	112.50871267594805	0.0	0.0007150629223586509	PASS
ANGLE|B|O2-S1-C2	105.55493272814581	105.55493272814581	105.5509301835659	0.0	0.004002544579978776	PASS
ANGLE|B|O3-S1-C2	106.41966610931547	106.41966610931547	106.41871707047751	0.0	0.0009490388379739377	PASS
ANGLE|B|C1-C3-C4	116.52412561628492	116.52412561628492	116.52558415137338	0.0	0.0014585350884751666	PASS
ANGLE|B|C2-C1-C3	115.25168032042023	115.25168032042023	115.25046088741568	0.0	0.0012194330045652965	PASS
PES|T_CC_000	23.30270440596678	23.30270440596678	23.30271239777605	0.0	7.991809274522455e-06	PASS
PES|T_CC_030	14.790527584902964	14.790527584902964	14.790529510583891	0.0	1.9256809282176323e-06	PASS
PES|T_CC_060	5.771764405250478	5.771764405250478	5.7717737836185465	0.0	9.37836806895199e-06	PASS
PES|T_CC_090	6.987667628515775	6.987667628515775	6.987656111257887	0.0	1.1517257887988638e-05	PASS
PES|T_CC_120	4.292526538488767	4.292526538488767	4.292533659121893	0.0	7.1206331268511344e-06	PASS
PES|T_CC_150	1.9745024797335087	1.9745024797335087	1.9745091913969885	0.0	6.71166348002473e-06	PASS
PES|T_CC_180	-2.652564605371893	-2.652564605371893	-2.6525571448549234	0.0	7.460516970587423e-06	PASS
PES|T_CC_210	-1.0526017336990918	-1.0526017336990918	-1.0525900551572658	0.0	1.1678541826193442e-05	PASS
PES|T_CC_240	5.682696999692878	5.682696999692878	5.682707592885039	0.0	1.0593192160940465e-05	PASS
PES|T_CC_270	4.393529869758365	4.393529869758365	4.393544103905832	0.0	1.4234147467079414e-05	PASS
PES|T_CC_330	8.583554865532983	8.583554865532983	8.583560055976577	0.0	5.1904435933004624e-06	PASS
PES|T_CS_000	8.458990653478489	8.458990653478489	8.45900272368284	0.0	1.2070204350828181e-05	PASS
PES|T_CS_010	9.073791476707935	9.073791476707935	9.073802944844886	0.0	1.1468136950448912e-05	PASS
PES|T_CS_020	8.486691527868308	8.486691527868308	8.486675566571702	0.0	1.596129660634283e-05	PASS
PES|T_CS_030	6.957928296985899	6.957928296985899	6.957913738342734	0.0	1.4558643164947046e-05	PASS
PES|T_CS_040	4.569652927771989	4.569652927771989	4.569657762469407	0.0	4.834697419009917e-06	PASS
PES|T_CS_050	2.245238196010038	2.245238196010038	2.24524343432457	0.0	5.238314537919031e-06	PASS
PES|T_CS_060	0.5820062237119981	0.5820062237119981	0.5820195014490918	0.0	1.3277737093712616e-05	PASS
PES|T_CS_070	-0.06079094633484704	-0.06079094633484704	-0.06077787029541109	0.0	1.3076039435949816e-05	PASS
PES|T_CS_080	0.4871339492992352	0.4871339492992352	0.4871468284854206	0.0	1.287918618552661e-05	PASS
PES|T_CS_090	2.1128881361835563	2.1128881361835563	2.112901605501673	0.0	1.3469318117004367e-05	PASS
PES|T_CS_100	4.395397253519359	4.395397253519359	4.395404060951721	0.0	6.807432361960584e-06	PASS
PES|T_CS_110	6.726334232993547	6.726334232993547	6.726342024874283	0.0	7.791880736335419e-06	PASS
PES|T_CS_120	8.446547603703156	8.446547603703156	8.44655288675263	0.0	5.283049473597932e-06	PASS
PES|T_CC_300_ANCHOR_ZERO	0.0	0.0	0.0	0.0	1.5	PASS
AB_ENERGY|GEO_B_REVISED-GEO_A	-3.1576455697275336	-3.1576455697275336	-3.1576821671916826	0.0	3.659746414911858e-05	PASS
